# Blender 4.0.0
# www.blender.org
mtllib 3DModel.mtl
o 3DModel
v 0.036736 0.270018 -0.016654
v 0.035818 0.269692 -0.018340
v 0.038226 0.247115 -0.014337
v 0.037287 0.249091 -0.014783
v 0.008408 0.177013 0.034443
v 0.013234 0.177010 0.031000
v 0.016216 0.140186 0.030765
v 0.029553 0.109249 0.006424
v 0.022431 0.055474 0.007094
v 0.026047 0.183228 0.016505
v 0.014398 0.111170 0.032428
v 0.016616 0.110103 0.029984
v 0.020738 0.064397 0.014560
v 0.023473 0.066949 0.007272
v 0.008258 0.085625 0.036773
v 0.001259 0.045680 0.036700
v 0.006333 0.044230 0.032908
v 0.009503 0.047775 0.030850
v 0.023444 0.079084 0.013419
v 0.020214 0.070276 0.017928
v 0.007141 0.052486 0.033742
v 0.003922 0.050208 0.035816
v -0.004314 0.031231 0.036356
v -0.010110 0.275904 0.007883
v -0.001688 0.027836 0.035222
v 0.000608 0.039836 0.035524
v 0.003873 0.034388 0.033277
v 0.003204 0.029075 0.033435
v 0.010861 0.084041 0.034667
v -0.001879 0.019203 0.034912
v 0.008573 0.239648 -0.037350
v 0.005467 0.020884 0.032424
v 0.021188 0.151235 0.023320
v 0.015769 0.115387 0.031194
v 0.014119 0.095001 0.032528
v 0.017268 0.102991 0.028601
v 0.015351 0.215290 0.032101
v -0.037981 0.166849 0.013736
v 0.027462 0.213528 0.023297
v 0.022570 0.202277 0.025710
v 0.017356 0.186654 0.028342
v 0.021216 0.194661 0.026044
v 0.032388 0.200214 0.008087
v 0.009384 0.268095 -0.023980
v 0.005500 0.065271 0.035258
v 0.036488 0.259637 -0.021702
v 0.008883 0.062055 0.032769
v 0.017694 0.090709 0.028012
v 0.014064 0.081411 0.031063
v 0.007109 0.079166 0.036346
v 0.017199 0.020838 0.027331
v 0.014253 0.015036 0.029471
v 0.027206 0.108320 0.012504
v 0.026709 0.206964 0.022570
v 0.019503 0.206380 0.028427
v 0.014447 0.202498 0.031474
v 0.026944 0.192959 0.019285
v 0.024922 0.197598 0.022988
v 0.017272 0.196248 0.029393
v 0.012146 0.186771 0.032726
v 0.010849 0.211652 0.033384
v 0.012235 0.195729 0.032918
v 0.007731 0.183564 0.035441
v 0.013179 0.048316 0.026710
v 0.014645 0.037678 0.026539
v 0.031503 0.120437 0.002814
v 0.028157 0.127180 0.012219
v 0.002100 0.277377 -0.021696
v 0.026783 0.132410 0.015445
v 0.028790 0.133852 0.010903
v 0.019321 0.123264 0.027570
v 0.023437 0.053456 -0.015986
v 0.017003 0.038938 0.023624
v 0.020047 0.039011 0.018584
v 0.022212 0.041476 0.011787
v 0.033234 0.206308 0.011821
v 0.033482 0.210901 0.013734
v 0.028799 0.088358 -0.000908
v 0.024709 0.149816 0.017875
v 0.015585 0.272537 -0.023504
v 0.014461 0.030276 0.027596
v 0.017200 0.031940 0.024978
v 0.010174 0.025380 0.030411
v 0.033967 0.210367 -0.009250
v 0.018563 0.113785 0.027796
v 0.022606 0.118132 0.022215
v 0.024539 0.108838 0.018073
v 0.021054 0.102191 0.023390
v 0.020697 0.239825 -0.031365
v 0.020728 0.213871 0.029204
v 0.023819 0.209855 0.025779
v 0.019228 0.025418 0.024825
v 0.022226 0.024337 0.021736
v 0.023990 0.093935 0.017000
v 0.027175 0.094129 0.009456
v 0.029113 0.099127 0.003405
v 0.029431 0.128402 0.009211
v 0.024844 0.127199 0.018915
v 0.038153 0.218530 0.001732
v -0.038862 0.220035 -0.002341
v 0.036711 0.214550 0.006286
v 0.034396 0.206553 0.007847
v 0.036387 0.216857 0.009228
v 0.035024 0.211630 0.009811
v 0.036231 0.211235 0.003556
v 0.030152 0.176618 0.002070
v 0.030468 0.171730 -0.001745
v 0.030574 0.129854 0.006382
v 0.032345 0.199360 -0.010986
v -0.036106 0.090901 0.021910
v 0.029671 0.149173 0.002257
v 0.034065 0.205683 -0.003056
v 0.029183 0.177079 0.006037
v 0.027393 0.171565 0.009254
v 0.028233 0.181828 0.010648
v 0.025224 0.174186 0.014988
v 0.031585 0.193319 -0.012233
v 0.030884 0.186587 -0.014646
v 0.031529 0.185924 -0.007415
v 0.031138 0.174395 -0.006900
v 0.029208 0.170058 0.003609
v 0.027267 0.162881 0.007465
v 0.019885 0.048477 0.015235
v 0.024002 0.039838 0.006200
v 0.024948 0.032526 0.008974
v 0.023250 0.047916 0.005188
v 0.027378 0.028341 -0.002588
v 0.028534 0.022227 0.000314
v -0.040354 0.034383 -0.003689
v -0.041804 0.038645 0.001298
v -0.037202 0.150382 -0.007190
v -0.042131 0.032137 0.003061
v -0.042591 0.038562 0.006435
v -0.038256 0.037707 -0.007584
v -0.039398 0.047942 -0.005445
v -0.038551 0.096318 -0.007108
v -0.040547 0.091739 -0.002024
v -0.034637 0.112332 -0.015315
v -0.041033 0.106684 -0.000659
v -0.040035 0.114155 -0.005062
v -0.031224 0.116842 -0.020203
v -0.037053 0.054809 -0.009733
v -0.041249 0.043839 -0.001562
v -0.040106 0.169347 0.003644
v -0.034486 0.041297 -0.012776
v -0.038622 0.063831 -0.006771
v -0.035153 0.125503 -0.014639
v 0.011265 0.022963 -0.033203
v -0.026421 0.019482 -0.024365
v -0.021003 0.021674 -0.027392
v -0.027152 0.053270 -0.020801
v -0.002168 0.273748 0.012034
v 0.041761 0.240026 -0.013086
v -0.025532 0.065423 -0.022485
v -0.003455 0.093757 -0.035361
v -0.035809 0.019399 -0.015517
v -0.038123 0.018966 -0.012426
v -0.031625 0.051159 -0.016174
v -0.029454 0.063627 -0.018451
v -0.024232 0.044686 -0.022837
v 0.019682 0.239540 -0.032623
v -0.023578 0.055241 -0.023927
v -0.011137 0.081475 -0.032769
v -0.036405 0.173148 0.015551
v -0.008396 0.093108 -0.034258
v -0.011656 0.175964 -0.034160
v -0.024129 0.207460 -0.031204
v -0.018049 0.179815 -0.030782
v -0.021186 0.179237 -0.028338
v -0.025596 0.189057 -0.025305
v -0.021872 0.188065 -0.028398
v -0.009105 0.183299 -0.035573
v -0.038401 0.026045 -0.009805
v 0.025293 0.201212 -0.030869
v -0.040315 0.025288 -0.005084
v -0.039821 0.017793 -0.009878
v -0.035191 0.029788 -0.014116
v -0.019334 0.049847 -0.026503
v -0.013683 0.046700 -0.029588
v -0.016259 0.203238 -0.035619
v -0.010733 0.194887 -0.035961
v -0.005207 0.194026 -0.037350
v -0.012952 0.204606 -0.037180
v -0.010763 0.209223 -0.038537
v -0.016050 0.210623 -0.037074
v -0.034639 0.184367 -0.013422
v -0.022329 0.114793 -0.028822
v -0.018956 0.120879 -0.031154
v -0.032014 0.211510 -0.024632
v -0.035635 0.211125 -0.019113
v 0.008251 0.037183 -0.033748
v -0.040366 0.202487 -0.004258
v -0.040483 0.206208 -0.002919
v 0.010474 0.005420 0.030880
v -0.029100 0.199981 -0.024526
v -0.031337 0.201976 -0.022529
v -0.027590 0.216591 -0.030595
v -0.028382 0.207613 -0.027636
v -0.040469 0.210258 -0.006216
v -0.039336 0.202635 -0.008996
v -0.004565 0.002132 -0.027081
v 0.000502 0.003084 -0.028301
v -0.028843 0.191380 -0.022637
v -0.025194 0.177423 -0.024705
v -0.030136 0.131187 -0.020808
v -0.024352 0.134799 -0.026304
v -0.033553 0.167409 -0.013668
v -0.026206 0.121744 -0.025465
v 0.037313 0.244880 -0.013156
v -0.031780 0.151638 -0.015642
v -0.033086 0.217336 -0.023923
v -0.024088 0.148777 -0.024487
v -0.027938 0.144747 -0.021158
v -0.035324 0.156905 -0.010257
v -0.026197 0.212254 -0.030685
v -0.021805 0.197937 -0.030627
v -0.038499 0.178109 -0.003015
v -0.036510 0.142698 -0.009790
v -0.042316 0.087614 0.007163
v -0.020036 0.083422 -0.029074
v 0.005537 0.025404 -0.034619
v -0.015523 0.091499 -0.032083
v -0.033103 0.193191 -0.018057
v -0.036632 0.199604 -0.014347
v -0.011639 0.093229 -0.033453
v 0.000021 0.084684 -0.035221
v -0.005359 0.082933 -0.034206
v -0.001122 0.071356 -0.034492
v -0.000874 0.103187 -0.036728
v 0.006501 0.202488 -0.038309
v -0.000114 0.158340 -0.037039
v -0.022314 0.159479 -0.026576
v -0.027066 0.029683 -0.022044
v -0.027987 0.038882 -0.019623
v -0.010327 0.036343 -0.031285
v -0.019874 0.033676 -0.026599
v -0.024630 0.015806 -0.026895
v -0.021927 0.104423 -0.028909
v -0.003418 0.041916 -0.033448
v -0.010421 0.273822 0.012029
v 0.001654 0.060399 -0.033748
v -0.011986 0.274952 0.012284
v 0.000591 0.094558 -0.035947
v 0.003094 0.109473 -0.037067
v -0.013264 0.030401 -0.030315
v -0.012030 0.068071 -0.031590
v -0.008876 0.056577 -0.031617
v 0.022417 0.269006 0.010255
v -0.015250 0.059317 -0.029117
v -0.008053 0.045916 -0.031712
v -0.004687 0.033515 -0.033032
v -0.022384 0.124760 -0.028657
v 0.024394 0.057664 -0.006120
v 0.024964 0.065585 -0.004791
v -0.001620 0.277248 0.011939
v -0.000394 0.275681 0.012034
v 0.000228 0.278175 0.011542
v 0.026017 0.077920 0.002922
v 0.026412 0.075900 -0.002976
v 0.030143 0.263610 -0.019409
v 0.031375 0.264560 -0.020127
v 0.024855 0.068715 0.000683
v 0.032768 0.199947 -0.002118
v -0.034008 0.243492 -0.007764
v 0.032962 0.202871 -0.007812
v -0.003748 0.061596 -0.033257
v 0.029938 0.141397 0.007034
v 0.030495 0.148457 -0.002802
v 0.003425 0.211732 -0.039987
v 0.002235 0.133657 -0.037593
v -0.001257 0.137877 -0.036912
v 0.042944 0.229665 -0.013789
v -0.005381 0.018090 -0.033218
v -0.000867 0.016136 -0.033693
v 0.003427 0.117872 -0.037299
v 0.002142 0.124862 -0.037622
v 0.031919 0.114967 -0.002337
v 0.022369 0.141307 0.022831
v 0.018735 0.144698 0.027454
v 0.010967 0.276702 0.013230
v 0.024476 0.134597 0.019653
v 0.036420 0.215735 -0.006392
v 0.034274 0.217969 -0.012630
v 0.026700 0.127226 0.015324
v 0.030118 0.271215 -0.006825
v 0.027939 0.271006 -0.006804
v 0.026556 0.119977 0.015230
v 0.032463 0.202414 -0.013192
v 0.030351 0.183665 0.004687
v 0.031145 0.181118 -0.001239
v 0.031022 0.192839 0.007916
v 0.029027 0.191678 0.013904
v 0.000685 0.037952 -0.034403
v 0.026833 0.022052 -0.014972
v 0.017670 0.177038 0.026940
v 0.018723 0.169060 0.024792
v 0.031246 0.139926 -0.016249
v 0.024841 0.215654 0.026480
v 0.027655 0.218880 0.024515
v 0.024827 0.020980 0.018101
v 0.023090 0.033535 0.014627
v 0.025324 0.026102 0.014013
v 0.028588 0.153862 0.004015
v 0.027660 0.155796 0.007000
v 0.008724 0.272011 0.006254
v -0.010146 0.165233 -0.034264
v -0.023502 0.268038 0.005682
v -0.006971 0.156513 -0.035184
v -0.004799 0.145398 -0.035678
v -0.027975 0.270742 -0.013312
v -0.014691 0.169006 -0.032213
v -0.017088 0.156998 -0.030610
v 0.040766 0.226717 -0.012008
v 0.027473 0.149461 0.011617
v 0.019480 0.160847 0.024180
v 0.006475 0.212927 0.034902
v 0.030117 0.186613 -0.018397
v 0.032199 0.199196 -0.016031
v 0.001823 0.061693 0.037805
v 0.035178 0.215820 -0.009173
v -0.005427 0.276727 -0.002971
v 0.033343 0.214332 -0.012418
v 0.024994 0.165126 0.013815
v 0.022986 0.158510 0.018888
v 0.014277 0.154486 0.030720
v 0.014422 0.165149 0.029514
v 0.031833 0.137540 -0.001468
v 0.032064 0.138709 -0.004596
v 0.031958 0.133224 0.000881
v 0.032835 0.127022 -0.004038
v -0.014310 0.125402 -0.033666
v -0.031430 0.031816 -0.017611
v 0.029187 0.158946 0.000032
v 0.021237 0.079317 0.018933
v -0.029472 0.265173 0.009490
v 0.017574 0.070028 0.022844
v -0.029478 0.265287 0.008048
v 0.018273 0.061038 0.019887
v 0.042571 0.232181 -0.017118
v 0.019129 0.055480 0.016757
v 0.015844 0.057752 0.024116
v 0.017024 0.049547 0.021043
v -0.002866 0.272802 -0.007944
v -0.004837 0.202614 -0.038651
v -0.033733 0.067284 -0.013707
v -0.034178 0.083724 -0.014967
v -0.040074 0.099435 -0.002812
v -0.036544 0.090901 -0.011552
v 0.031201 0.176719 -0.012963
v 0.030600 0.168949 -0.017826
v 0.030554 0.164656 -0.006504
v 0.029994 0.099288 -0.014946
v 0.028541 0.095109 -0.020512
v 0.040254 0.227715 -0.014768
v 0.028304 0.114479 -0.021410
v 0.029203 0.108328 -0.018548
v 0.031979 0.132451 -0.014629
v -0.037157 0.075931 -0.008769
v -0.040026 0.075473 -0.002328
v -0.039192 0.085961 -0.005812
v 0.038030 0.250225 0.000039
v -0.039367 0.068727 -0.004277
v 0.037038 0.248917 0.001490
v 0.036882 0.234401 -0.019032
v -0.020339 0.065980 -0.026717
v -0.015967 0.074862 -0.030500
v -0.019628 0.096623 -0.030081
v -0.026947 0.104507 -0.024502
v -0.023848 0.091687 -0.027036
v -0.032711 0.100035 -0.017644
v 0.003667 0.256202 0.031855
v -0.036491 0.103992 -0.011760
v 0.030760 0.149451 -0.017189
v 0.030952 0.158934 -0.016438
v 0.031082 0.166521 -0.011879
v 0.030762 0.153193 -0.009185
v 0.031873 0.141832 -0.011478
v 0.031254 0.140849 0.000379
v 0.029466 0.119431 -0.019335
v 0.029326 0.127943 -0.022069
v 0.032710 0.133924 -0.008383
v 0.032301 0.135274 -0.012104
v 0.030794 0.132877 -0.018936
v 0.031523 0.125150 -0.015328
v 0.030364 0.126085 -0.019087
v 0.030629 0.115558 -0.014551
v -0.042028 0.111819 0.007932
v 0.030757 0.109473 0.001635
v 0.028503 0.235518 -0.022134
v 0.031600 0.235697 -0.021578
v 0.031250 0.112693 -0.009914
v 0.030360 0.107670 -0.013109
v 0.031400 0.110402 -0.005936
v 0.030405 0.102569 -0.002686
v -0.000153 0.273241 -0.017932
v 0.029859 0.147445 -0.020774
v 0.001701 0.271796 -0.016945
v 0.030411 0.144792 -0.018944
v 0.029263 0.090442 -0.015527
v 0.022649 0.030596 -0.021249
v 0.033917 0.228225 -0.018389
v 0.027688 0.025261 -0.008288
v 0.028277 0.018661 -0.009626
v 0.028733 0.085096 -0.011773
v 0.028334 0.084570 -0.015484
v 0.024733 0.043314 -0.005222
v 0.024024 0.051848 -0.010787
v -0.034873 0.148387 -0.011396
v -0.033723 0.142121 -0.014178
v -0.033073 0.134951 -0.016522
v -0.017119 0.109092 -0.032225
v -0.011919 0.114468 -0.034750
v 0.024623 0.062940 -0.010426
v 0.023924 0.059564 -0.015151
v 0.028294 0.082920 -0.006550
v 0.029853 0.092291 -0.007009
v -0.037881 0.170652 -0.004842
v 0.006668 0.124122 -0.037202
v -0.008971 0.201147 -0.037543
v 0.026998 0.028543 0.003152
v 0.027929 0.021164 0.008577
v 0.029282 0.015516 0.003492
v 0.026619 0.020530 0.013548
v -0.010406 0.017925 -0.032326
v -0.014124 0.024036 -0.030807
v -0.016779 0.228258 -0.032688
v -0.019696 0.228271 -0.031291
v -0.006024 0.013810 -0.033342
v -0.005113 0.025437 -0.033275
v 0.000092 0.022289 -0.034141
v 0.032389 0.119007 -0.007028
v 0.026303 0.073922 -0.009631
v 0.027182 0.078829 -0.015411
v -0.014849 0.179242 -0.032765
v 0.026536 0.234531 -0.021890
v 0.000114 0.169285 -0.036553
v -0.005962 0.169346 -0.035709
v -0.027798 0.160839 -0.020654
v -0.030755 0.179704 -0.018656
v -0.036579 0.176131 -0.008824
v 0.029982 0.093819 -0.011524
v 0.030578 0.103143 -0.009148
v 0.003669 0.164023 -0.037201
v 0.030464 0.180636 -0.018964
v -0.038474 0.164136 -0.002075
v -0.037515 0.157765 -0.004915
v -0.013888 0.146097 -0.032044
v -0.015523 0.136355 -0.032246
v -0.007850 0.129788 -0.036196
v -0.002719 0.274683 -0.000098
v -0.010605 0.122311 -0.035198
v -0.003033 0.125176 -0.037330
v -0.005618 0.114673 -0.036510
v 0.024757 0.035848 -0.013632
v 0.017716 0.235134 -0.033547
v 0.038245 0.227924 -0.016240
v 0.024059 0.034221 -0.017406
v 0.024388 0.042031 -0.011061
v 0.025764 0.034619 -0.007317
v -0.003580 0.217370 0.036321
v -0.000612 0.203999 0.036179
v 0.003471 0.205879 0.035525
v 0.004286 0.215914 0.035886
v 0.000845 0.211521 0.035694
v 0.001134 0.217475 0.036471
v 0.009162 0.195579 0.034869
v 0.011774 0.157908 0.032905
v 0.037403 0.230625 -0.020461
v 0.010318 0.170261 0.033210
v 0.000801 0.155428 0.037644
v 0.003869 0.158426 0.037121
v 0.005682 0.144874 0.036693
v 0.007196 0.170032 0.035326
v 0.035847 0.267519 -0.012693
v 0.031690 0.199816 0.011438
v 0.034277 0.267350 -0.012559
v -0.018602 0.217942 0.031595
v -0.014261 0.205682 0.033348
v 0.040303 0.230086 -0.017997
v -0.004674 0.207625 0.035613
v -0.005340 0.212477 0.035363
v -0.008891 0.203530 0.035074
v -0.009893 0.216073 0.034968
v -0.004786 0.177946 0.037581
v -0.005190 0.182950 0.037591
v 0.001388 0.269098 0.024861
v -0.001665 0.270024 0.024913
v -0.015747 0.211526 0.032784
v -0.013962 0.270011 0.023177
v -0.014985 0.200841 0.033496
v 0.001073 0.267257 0.026828
v -0.003403 0.266260 0.027741
v -0.019290 0.119466 0.034476
v -0.015860 0.126109 0.036158
v -0.015454 0.042808 0.038180
v -0.015819 0.015422 0.036788
v -0.024879 0.012856 0.033618
v -0.021267 0.016521 0.036217
v -0.023464 0.021469 0.036045
v 0.020941 0.056639 0.012257
v 0.021583 0.049858 0.010334
v -0.001815 0.265835 -0.028111
v -0.027028 0.021486 0.033952
v -0.037944 0.208400 -0.013941
v -0.013634 0.036601 0.037978
v -0.009778 0.037351 0.037759
v -0.009364 0.012590 0.035844
v 0.004031 0.077388 0.037605
v -0.026641 0.216348 0.026156
v -0.013143 0.220491 0.033810
v -0.014485 0.216708 0.033422
v -0.007778 0.029296 0.037076
v -0.012358 0.002405 0.029787
v -0.006266 0.016019 0.035867
v -0.010625 0.020543 0.037299
v -0.002796 0.011249 0.035177
v -0.005874 0.008557 0.035241
v -0.013440 0.048736 0.038896
v -0.009936 0.054146 0.039818
v 0.011714 0.121629 0.035205
v 0.013258 0.116752 0.033592
v -0.006638 0.271459 -0.017021
v -0.038407 0.212030 0.006700
v 0.010086 0.091789 0.035813
v 0.004893 0.014592 0.032902
v -0.040316 0.201604 0.000467
v 0.042222 0.249239 -0.005858
v -0.039055 0.205552 0.004372
v -0.037012 0.217928 0.009041
v -0.040169 0.210266 -0.000161
v -0.038962 0.217178 0.001740
v -0.039623 0.191645 0.004696
v 0.031886 0.191731 0.000447
v 0.032138 0.195760 -0.006336
v 0.004649 0.153369 0.037307
v 0.023713 0.183200 0.020415
v 0.021843 0.186728 0.023908
v 0.038047 0.240929 -0.002016
v 0.017597 0.129487 0.030076
v 0.010563 0.099566 0.035253
v 0.008254 0.101908 0.036567
v 0.007606 0.149553 0.035851
v 0.008261 0.156794 0.035616
v -0.002325 0.042619 0.037659
v 0.009289 0.143265 0.035654
v 0.012688 0.105131 0.033333
v 0.015130 0.104838 0.031147
v -0.035535 0.219037 0.012756
v 0.025775 0.005232 0.007584
v 0.035186 0.259264 0.001462
v 0.012309 0.002922 0.025459
v 0.005026 0.097860 0.037618
v 0.006629 0.090018 0.037572
v 0.008252 0.096188 0.036619
v 0.021872 0.011343 -0.023703
v -0.009991 0.044453 0.039140
v -0.007981 0.050742 0.040004
v -0.005904 0.042170 0.038494
v -0.004728 0.055306 0.040369
v 0.026258 0.269475 -0.003896
v 0.023813 0.057430 0.000614
v -0.035516 0.213911 0.014141
v 0.025677 0.081391 0.007763
v 0.004013 0.040220 0.033840
v 0.010398 0.054296 0.030819
v 0.012051 0.111383 0.034498
v 0.026423 0.236461 -0.022979
v 0.010076 0.107137 0.035506
v 0.011039 0.040424 0.029096
v 0.008364 0.035848 0.030785
v 0.003052 0.006945 0.034407
v 0.015365 0.074422 0.027158
v 0.019500 0.084713 0.024026
v 0.000925 0.051297 0.037661
v 0.009708 0.115113 0.035925
v 0.009884 0.012998 0.031424
v 0.003338 0.070970 0.036401
v 0.001561 0.074410 0.037940
v 0.018408 0.226762 -0.030665
v 0.040650 0.240693 -0.007636
v -0.011017 0.001386 0.023416
v -0.032612 0.210649 0.019494
v -0.003137 0.035476 0.036232
v 0.004074 0.056916 0.036622
v 0.015408 0.147034 0.030823
v 0.017436 0.153544 0.027726
v 0.030879 0.212062 0.018720
v 0.014518 0.219920 0.032831
v 0.025697 0.156855 0.012969
v 0.028817 0.150081 0.006585
v 0.009146 0.217406 0.034761
v 0.039083 0.223643 0.003854
v 0.015163 0.134434 0.032119
v 0.012862 0.139803 0.033816
v 0.018900 0.218596 0.030846
v 0.002177 0.012094 0.033894
v 0.030822 0.201685 0.015497
v 0.013289 0.062269 0.028400
v 0.022266 0.018404 0.023330
v 0.010596 0.018322 0.030648
v 0.021571 0.130347 0.024384
v 0.027441 0.121016 -0.024016
v 0.009272 0.200251 0.034246
v 0.015024 0.129181 0.032948
v 0.036393 0.212398 -0.001867
v 0.010835 0.206107 0.033141
v 0.015708 0.209449 0.031144
v 0.008381 0.190594 0.035627
v 0.019837 0.030836 0.022335
v -0.027651 0.210141 0.026129
v 0.022847 0.017565 -0.024246
v 0.029424 0.120869 0.009062
v 0.003916 0.276834 -0.021245
v 0.005278 0.275755 -0.021277
v 0.022120 0.168503 0.019980
v -0.006485 0.272227 0.014747
v 0.023527 0.176767 0.019015
v -0.006862 0.272356 0.012535
v 0.028750 0.203088 0.019507
v 0.007807 0.002486 0.028386
v 0.027743 0.088383 0.004605
v 0.023242 0.046445 -0.016105
v 0.025841 0.006697 0.012780
v 0.020432 0.006287 0.022144
v 0.015652 0.123054 0.032048
v 0.027187 0.007064 0.001892
v 0.011721 0.001605 -0.013250
v 0.024333 0.051598 -0.004900
v 0.026665 0.140720 0.015384
v 0.031185 0.207477 0.016961
v 0.029047 0.011400 0.005519
v 0.027993 0.009947 0.010138
v 0.024781 0.015903 0.019450
v 0.025174 0.011292 -0.018246
v -0.040890 0.125659 0.005974
v 0.034809 0.217771 0.013279
v 0.040407 0.227492 0.002595
v 0.028830 0.014500 0.008496
v 0.027265 0.015384 0.014006
v 0.025114 0.012627 0.018434
v 0.032540 0.219186 0.017542
v -0.029907 0.213411 0.023329
v 0.033552 0.202297 0.003257
v 0.042576 0.229736 -0.000263
v -0.041383 0.047053 0.016503
v -0.039387 0.046882 0.020300
v -0.022986 0.002250 0.011317
v -0.033006 0.004184 0.011556
v 0.026772 0.228061 -0.021701
v -0.027768 0.003787 0.019978
v -0.039066 0.039542 0.020492
v -0.029657 0.006164 0.024597
v -0.024802 0.005111 0.027083
v -0.027700 0.007734 0.028561
v 0.017439 0.002189 0.021168
v 0.011154 0.000373 0.017366
v 0.026540 0.006939 -0.004510
v 0.008067 0.000919 -0.007213
v 0.036855 0.219451 -0.008863
v 0.039444 0.221251 -0.004561
v 0.032132 0.249322 -0.017271
v 0.036027 0.221826 -0.012395
v 0.025197 0.035151 0.003918
v 0.024693 0.041377 0.001136
v 0.025777 0.034896 -0.001422
v -0.037711 0.007033 0.014626
v -0.043121 0.018324 0.011294
v -0.042674 0.012376 0.007421
v -0.041372 0.010232 0.011460
v 0.022749 0.004554 -0.004821
v 0.028072 0.008865 0.005444
v 0.029102 0.010564 0.000059
v 0.029136 0.016191 -0.003639
v 0.028649 0.014544 -0.008414
v 0.028274 0.012131 -0.010790
v -0.023421 0.007825 0.032234
v -0.042899 0.031730 0.007284
v -0.041331 0.031352 -0.000905
v -0.042964 0.046253 0.004329
v 0.024883 0.027119 -0.018513
v -0.042466 0.035877 0.011668
v -0.043010 0.043974 0.009507
v 0.027937 0.084793 -0.018450
v 0.019513 0.013373 -0.027074
v 0.019538 0.017856 -0.027673
v 0.021538 0.047605 -0.021089
v 0.026499 0.012787 -0.016270
v 0.027749 0.015753 -0.013224
v 0.026232 0.094938 -0.024900
v 0.027265 0.085638 -0.021081
v -0.041714 0.105249 0.005078
v -0.043902 0.049499 0.007824
v -0.043500 0.019306 0.008001
v -0.033483 0.240210 -0.006692
v -0.041650 0.077667 0.001757
v -0.041333 0.071306 0.002439
v -0.042016 0.076189 0.006264
v -0.042689 0.014558 -0.002943
v -0.042821 0.011385 -0.001005
v -0.042463 0.008329 -0.001266
v -0.040410 0.056200 -0.004419
v 0.014165 0.017926 -0.031379
v -0.041365 0.099138 0.007034
v 0.017251 0.020441 -0.029739
v -0.044864 0.053068 0.008544
v -0.041587 0.070718 0.007411
v -0.038893 0.105707 -0.006580
v -0.037572 0.114539 -0.010515
v -0.038881 0.123386 -0.007801
v -0.040720 0.121908 -0.002891
v -0.039975 0.129971 -0.004007
v -0.038313 0.134469 -0.008148
v -0.044796 0.053830 0.005222
v -0.040677 0.068078 -0.000792
v -0.040975 0.131085 0.003974
v -0.042030 0.061618 -0.000890
v -0.041874 0.041469 0.014451
v -0.039884 0.006694 0.002400
v -0.042533 0.010111 0.001702
v -0.042813 0.053298 0.000256
v 0.024296 0.197803 -0.032067
v -0.034558 0.005675 -0.019301
v -0.027032 0.004430 -0.022350
v 0.036775 0.240230 -0.014498
v -0.032856 0.004274 -0.017975
v 0.036425 0.237186 -0.015613
v -0.042226 0.065869 0.001964
v 0.023747 0.236038 -0.029413
v -0.043093 0.017386 0.002983
v -0.017495 0.016120 -0.030658
v -0.025504 0.024948 -0.024155
v -0.042805 0.026072 0.004079
v -0.024273 0.002477 -0.016454
v -0.016380 0.002222 -0.023438
v -0.008436 0.003095 -0.028332
v -0.029312 0.082256 -0.021134
v -0.035518 0.135860 -0.012817
v -0.005798 0.104957 -0.036258
v -0.041681 0.018130 -0.005551
v -0.019111 0.131034 -0.030489
v -0.027872 0.045828 -0.019634
v -0.039046 0.011504 -0.014536
v -0.041608 0.010643 -0.009138
v -0.019994 0.202366 -0.033269
v -0.026079 0.197513 -0.026758
v -0.033958 0.204109 -0.019700
v -0.005726 0.186806 -0.036539
v -0.003178 0.178242 -0.036696
v -0.039711 0.195567 -0.004706
v -0.040336 0.197212 -0.001817
v -0.040048 0.194445 0.001213
v -0.038901 0.152577 -0.002176
v 0.015302 0.234012 -0.034686
v -0.041737 0.083915 0.000035
v -0.036410 0.165272 -0.007671
v -0.039016 0.178125 0.001934
v -0.039912 0.217009 -0.009109
v -0.038872 0.158015 -0.000443
v -0.041411 0.097804 0.001869
v -0.039374 0.212663 -0.011606
v -0.020351 0.210158 -0.034758
v -0.019105 0.216526 -0.036665
v -0.031114 0.140895 -0.017950
v -0.021651 0.220508 -0.035517
v -0.023510 0.215677 -0.033634
v -0.035139 0.218784 -0.020212
v -0.039843 0.192366 -0.001231
v -0.000932 0.217662 -0.040369
v -0.040512 0.140523 -0.001199
v -0.001621 0.209435 -0.039903
v -0.042079 0.110969 0.003159
v -0.040762 0.133849 -0.000258
v -0.038882 0.187930 -0.002820
v -0.038911 0.182860 -0.000062
v -0.041248 0.138890 0.002588
v -0.040777 0.127984 -0.000583
v -0.024085 0.077945 -0.025600
v -0.041533 0.115301 -0.000233
v -0.001043 0.113995 -0.037073
v 0.003340 0.205414 -0.039199
v 0.002593 0.175992 -0.037214
v -0.019887 0.170576 -0.029013
v -0.009552 0.147791 -0.034254
v -0.011022 0.138219 -0.034470
v -0.022502 0.012291 -0.029977
v -0.008396 0.014922 -0.032916
v 0.012727 0.001406 0.022087
v 0.002319 0.045045 -0.034776
v 0.010760 0.029345 -0.031925
v -0.001739 0.051288 -0.033266
v 0.002559 0.049590 -0.033901
v 0.004331 0.081703 -0.035093
v 0.005211 0.075975 -0.034766
v 0.002482 0.076277 -0.034841
v -0.008280 0.000816 -0.023154
v -0.004159 -0.000000 -0.015103
v 0.013502 0.028436 -0.029935
v -0.009328 0.029432 -0.031866
v 0.024083 0.031049 -0.018383
v -0.037893 0.015229 -0.014061
v 0.003848 0.187279 -0.037177
v 0.023809 0.083356 -0.027110
v 0.029474 0.219550 -0.020268
v 0.003709 0.141568 -0.037145
v -0.007369 0.069506 -0.033079
v 0.009748 0.018330 -0.033152
v 0.026639 0.211572 -0.024999
v 0.012281 0.078643 -0.032584
v -0.002995 0.010237 -0.033400
v 0.008997 0.059746 -0.033331
v 0.005670 0.058763 -0.033920
v 0.011943 0.011981 -0.031055
v 0.016672 0.015321 -0.029503
v 0.003955 0.013792 -0.033317
v -0.036538 0.012997 -0.018407
v 0.004779 0.020363 -0.034387
v 0.030619 0.192792 -0.019370
v 0.017366 0.082129 -0.031053
v 0.019865 0.217601 -0.032204
v 0.017194 0.084261 -0.031642
v 0.021606 0.212853 -0.030833
v 0.017660 0.210474 -0.034003
v 0.030912 0.215519 -0.017563
v 0.014593 0.150733 -0.035748
v 0.012146 0.152874 -0.036970
v 0.013037 0.195139 -0.036635
v 0.012538 0.211147 -0.037186
v 0.014595 0.214839 -0.036434
v 0.008833 0.193004 -0.037089
v 0.005252 0.216905 -0.040018
v 0.008141 0.212221 -0.039094
v 0.007163 0.206987 -0.038429
v 0.010117 0.207818 -0.037581
v 0.007904 0.174722 -0.037315
v 0.010606 0.168740 -0.036423
v 0.007285 0.163610 -0.037252
v 0.005965 0.139084 -0.037350
v 0.009227 0.146106 -0.037037
v 0.005249 0.159495 -0.037202
v 0.005101 0.155486 -0.037663
v 0.008391 0.153033 -0.037569
v 0.024463 0.216795 -0.027631
v 0.002847 0.148162 -0.036910
v 0.009376 0.074340 -0.033750
v 0.006969 0.105181 -0.036240
v 0.003402 0.099372 -0.036325
v 0.006585 0.132449 -0.037705
v 0.005174 0.169384 -0.037009
v 0.009682 0.099103 -0.034719
v 0.009609 0.128674 -0.036952
v 0.010812 0.122984 -0.036112
v 0.007927 0.115270 -0.036497
v 0.007598 0.085131 -0.035003
v 0.011983 0.059705 -0.032204
v 0.013330 0.038009 -0.030749
v 0.004383 0.090465 -0.035889
v 0.007957 0.013018 -0.032469
v 0.010631 0.033538 -0.032032
v 0.025888 0.077908 -0.020584
v 0.009766 0.007320 -0.029905
v 0.006004 0.045324 -0.034876
v 0.005636 0.041219 -0.034889
v 0.008207 0.047281 -0.033686
v 0.008479 0.052440 -0.033372
v 0.004338 0.034814 -0.034148
v 0.008215 0.040926 -0.034475
v -0.011170 0.012087 -0.033022
v 0.022400 0.061287 -0.021612
v 0.018529 0.136372 0.028342
v 0.038011 0.219745 0.005579
v 0.010274 0.041334 -0.033792
v 0.022407 0.146445 -0.031400
v 0.025650 0.153251 -0.028790
v 0.030545 0.161952 -0.020225
v 0.032677 0.205854 -0.013090
v 0.031944 0.203642 -0.017393
v 0.007860 0.079098 -0.034244
v 0.011657 0.084225 -0.033676
v 0.029805 0.174895 -0.022556
v 0.022472 0.208397 -0.030015
v 0.022445 0.034966 -0.020903
v 0.027293 0.110862 -0.023497
v 0.004208 0.000737 -0.016664
v -0.018066 0.011527 -0.032460
v 0.024706 0.022896 -0.020884
v 0.023648 0.026882 -0.020896
v 0.032704 0.127479 -0.010164
v 0.021259 0.177054 0.022738
v 0.009034 0.164263 0.034764
v 0.024986 0.117579 -0.027397
v 0.029911 0.141586 -0.020586
v 0.028802 0.146396 -0.023451
v 0.009618 0.090031 -0.034869
v 0.012836 0.056053 -0.031357
v 0.022819 0.028628 0.018485
v 0.022274 0.125789 -0.030518
v 0.005268 0.178583 0.036124
v 0.025716 0.010079 -0.016263
v 0.021766 0.005704 -0.017068
v 0.017973 0.128765 -0.033615
v 0.028155 0.154508 -0.025913
v 0.019832 0.009189 0.024612
v -0.012044 0.156313 -0.033393
v 0.003869 0.185166 0.037268
v -0.031326 0.003342 -0.003286
v -0.039407 0.004234 -0.004093
v -0.040146 0.004548 -0.007020
v -0.042461 0.008189 -0.003958
v -0.026050 0.017410 0.034115
v -0.003622 0.048684 0.039282
v -0.000235 0.055985 0.039204
v 0.006501 0.208751 0.034615
v -0.019537 0.011203 0.035179
v -0.016223 0.002616 0.028485
v 0.017705 0.215265 -0.034210
v 0.032090 0.211699 -0.015276
v 0.009913 0.136512 0.036296
v 0.001782 0.176212 0.037023
v -0.017823 0.045938 0.037483
v 0.029946 0.210687 -0.019734
v 0.028335 0.208011 -0.022923
v -0.021854 0.208473 0.029989
v 0.006911 0.204375 0.034837
v 0.023440 0.063236 -0.018543
v 0.022793 0.064922 -0.020959
v 0.008985 0.198518 -0.037671
v 0.004337 0.192740 -0.037701
v 0.009322 0.202320 -0.037023
v 0.006984 0.219765 -0.039501
v 0.044080 0.229624 -0.006937
v 0.042538 0.227246 -0.004294
v -0.030849 0.204010 0.022670
v 0.009771 0.181264 -0.036330
v 0.041955 0.226892 -0.008685
v 0.038821 0.223552 -0.009872
v 0.037889 0.225381 -0.013822
v 0.027762 0.173921 -0.026926
v 0.028841 0.172519 -0.024819
v -0.040005 0.216123 -0.003975
v -0.039250 0.220858 -0.006467
v -0.038866 0.144890 -0.004857
v -0.008234 0.119228 -0.035927
v -0.037624 0.214332 -0.015858
v 0.028758 0.197943 -0.026743
v -0.030897 0.022392 -0.020542
v 0.029439 0.195194 -0.024264
v 0.011762 0.070679 0.030138
v -0.000122 0.193099 -0.037782
v 0.028271 0.103928 -0.021889
v 0.007904 0.002426 -0.024745
v 0.011268 0.001956 -0.019211
v -0.032078 0.217729 0.019683
v 0.028715 0.137697 -0.023317
v 0.026537 0.143721 -0.027086
v 0.030691 0.156316 -0.020014
v 0.025485 0.108995 -0.026464
v 0.029270 0.166913 -0.022858
v 0.012290 0.040084 -0.031878
v 0.028464 0.162419 -0.025208
v -0.000909 0.180590 0.037754
v 0.027887 0.168488 -0.026001
v 0.027252 0.131563 -0.025734
v 0.028505 0.189746 -0.024265
v 0.027113 0.192635 -0.027616
v -0.006781 0.210817 -0.039491
v -0.009860 0.215346 -0.039323
v 0.031956 0.120342 -0.011291
v 0.029551 0.186968 -0.021185
v 0.028691 0.182686 -0.024399
v 0.027124 0.102342 -0.024342
v 0.025926 0.085782 -0.023992
v 0.025681 0.029157 -0.015226
v 0.024240 0.047987 -0.000821
v -0.029789 0.015778 -0.023996
v -0.022875 0.007375 -0.028244
v -0.005622 0.214872 -0.039994
v -0.038986 0.170345 -0.001271
v 0.000694 0.200464 -0.038793
v -0.011578 0.102836 -0.034507
v 0.013711 0.003432 -0.022634
v 0.011530 0.004873 -0.027250
v 0.013847 0.022558 -0.031909
v 0.015998 0.005767 -0.024952
v 0.018237 0.008952 -0.026141
v 0.020242 0.007160 -0.022209
v 0.024496 0.012946 -0.020660
v 0.005859 0.183087 -0.036927
v 0.000285 0.184438 -0.037195
v 0.003958 0.053366 -0.033994
v -0.008712 0.111012 -0.035789
v 0.016831 0.003007 -0.015720
v -0.000090 0.032279 -0.033868
v 0.006179 0.138035 0.037681
v 0.012138 0.199072 -0.036792
v 0.011101 0.104757 -0.034944
v 0.012534 0.205785 -0.036159
v 0.022305 0.004617 -0.010038
v 0.005231 0.199237 -0.038378
v -0.037811 0.189224 -0.008079
v 0.011250 0.055294 -0.032230
v -0.002080 0.000831 -0.023241
v 0.005367 0.067802 -0.035142
v 0.020234 0.022006 -0.027280
v 0.020369 0.026250 -0.026907
v 0.011541 0.150059 0.033644
v 0.017452 0.025080 -0.029437
v -0.031377 0.189016 0.022231
v 0.024163 0.089900 -0.027110
v 0.025804 0.017336 -0.018802
v 0.040663 0.224807 -0.000267
v 0.023441 0.068828 -0.020272
v 0.022566 0.040326 -0.019828
v 0.019774 0.199917 -0.034364
v 0.024641 0.068894 -0.015812
v 0.023271 0.072782 -0.023246
v -0.038914 0.182947 0.003235
v -0.039461 0.188264 0.001521
v 0.016006 0.002303 -0.005176
v 0.023703 0.004124 0.000579
v 0.017085 0.082434 0.027588
v 0.020167 0.271492 -0.015719
v 0.016245 0.011280 -0.028729
v 0.026685 0.271747 -0.014807
v 0.017771 0.272206 -0.015380
v 0.017717 0.272814 -0.008773
v 0.022669 0.270923 -0.014210
v 0.011707 0.273802 -0.014205
v 0.013324 0.273924 -0.011868
v 0.012753 0.274826 -0.021568
v 0.029578 0.270204 -0.013057
v 0.024708 0.271210 -0.013837
v 0.024854 0.268878 -0.007972
v 0.031366 0.270451 -0.005403
v 0.029714 0.270785 -0.003109
v 0.027010 0.259495 -0.023695
v 0.031794 0.268621 -0.004085
v 0.037075 0.268471 -0.012585
v 0.019515 0.271000 -0.012309
v 0.037265 0.268494 -0.004737
v 0.029245 0.270891 -0.008665
v 0.016984 0.273197 -0.019092
v 0.026101 0.271774 -0.017461
v 0.018174 0.268692 -0.022016
v 0.041978 0.252098 -0.007881
v 0.025995 0.269726 -0.009789
v 0.032347 0.269136 -0.008438
v 0.023361 0.026123 -0.022672
v 0.032335 0.268620 -0.011137
v 0.026698 0.270986 -0.011768
v 0.019512 0.270675 -0.008525
v 0.027641 0.271432 -0.002116
v 0.024110 0.100918 -0.027992
v 0.030468 0.269976 -0.010079
v 0.023790 0.272376 -0.018789
v 0.027652 0.270797 -0.004030
v 0.031804 0.262564 -0.000931
v 0.021939 0.269170 -0.008828
v 0.026524 0.269735 -0.007861
v 0.027415 0.270390 -0.009413
v 0.017161 0.275609 0.012580
v 0.013219 0.274035 -0.013950
v 0.024600 0.274801 0.008120
v 0.023398 0.272220 -0.016415
v 0.022480 0.271463 -0.020425
v 0.020745 0.197045 -0.034384
v 0.008798 0.024169 -0.033958
v 0.008118 0.027017 -0.033579
v 0.023950 0.269954 -0.011373
v 0.020763 0.272552 -0.019561
v 0.022434 0.264268 -0.021447
v 0.016672 0.273870 -0.011239
v 0.021734 0.270226 -0.012490
v 0.018056 0.274430 0.005421
v 0.022283 0.265846 -0.020668
v 0.021185 0.275160 0.006595
v 0.017513 0.273608 -0.005811
v 0.013550 0.272693 -0.000232
v 0.010928 0.273171 0.000379
v 0.022812 0.268305 -0.019894
v 0.020275 0.272403 -0.021800
v 0.028502 0.263760 0.009602
v 0.017204 0.274345 0.002506
v 0.020302 0.272278 -0.018025
v 0.019318 0.273859 0.001950
v 0.021185 0.274057 0.003273
v 0.020749 0.273380 0.000426
v 0.026144 0.270158 -0.002300
v 0.024287 0.268578 -0.004244
v 0.021957 0.269648 -0.002685
v 0.021378 0.269559 -0.005516
v 0.021699 0.027459 -0.024424
v 0.018206 0.274159 -0.000571
v 0.019462 0.273173 -0.002417
v 0.017671 0.264985 -0.022546
v 0.017405 0.272903 -0.012537
v 0.032907 0.268655 -0.017985
v 0.008070 0.274312 -0.003789
v 0.006378 0.274261 -0.005078
v -0.001861 0.275157 -0.017146
v 0.009310 0.273469 -0.008732
v 0.001758 0.272523 -0.009545
v 0.020693 0.238342 -0.032375
v 0.022641 0.023758 -0.024438
v 0.006705 0.273826 -0.008066
v 0.007663 0.273171 -0.009565
v 0.001381 0.271441 -0.011887
v 0.003917 0.272556 -0.009788
v -0.005764 0.278385 -0.017354
v -0.002046 0.276671 -0.017158
v -0.003820 0.276762 -0.015939
v 0.020969 0.241708 -0.029663
v -0.006208 0.274102 -0.016302
v 0.034806 0.249083 -0.016965
v 0.009299 0.272247 -0.014270
v -0.000764 0.270779 -0.013333
v 0.007114 0.270994 -0.013923
v 0.003188 0.270643 -0.015612
v 0.005043 0.270536 -0.014860
v 0.006571 0.270857 -0.015800
v 0.006234 0.272983 -0.010322
v 0.002816 0.273195 -0.006718
v 0.033952 0.267870 -0.015413
v -0.000595 0.272497 -0.009405
v 0.007943 0.271269 -0.015533
v -0.001236 0.271556 -0.014580
v 0.004593 0.271462 -0.018329
v 0.015241 0.219431 -0.035736
v 0.008095 0.272371 -0.011367
v 0.020065 0.263244 -0.025062
v 0.010815 0.273487 -0.017464
v 0.013091 0.274295 -0.015852
v -0.002665 0.272317 -0.019107
v 0.022111 0.238659 -0.030755
v 0.022136 0.237826 -0.032061
v 0.004967 0.274134 -0.020340
v 0.025716 0.273439 0.002877
v 0.004883 0.276823 -0.022570
v 0.008213 0.271713 -0.017723
v 0.031782 0.269761 -0.006879
v 0.024656 0.270657 -0.018932
v 0.010114 0.275439 -0.023194
v 0.013248 0.274423 -0.018643
v 0.014833 0.274176 -0.022877
v 0.030452 0.260740 -0.020006
v 0.030862 0.270217 -0.007925
v 0.028022 0.260444 -0.020861
v 0.030895 0.268568 -0.017629
v 0.030853 0.267699 -0.018700
v 0.020296 0.266706 -0.021137
v 0.037587 0.265855 -0.020515
v 0.012191 0.272219 -0.023534
v 0.007385 0.276050 -0.022265
v 0.010778 0.266202 -0.025066
v 0.013485 0.267407 -0.022973
v 0.020411 0.030670 -0.024433
v 0.002545 0.272729 -0.021922
v 0.003729 0.270702 -0.022653
v 0.004700 0.272620 -0.022884
v 0.014644 0.270299 -0.023126
v 0.011308 0.269794 -0.023432
v 0.017811 0.273397 -0.021937
v 0.017903 0.271498 -0.022850
v 0.002944 0.270700 -0.013720
v 0.011904 0.025145 -0.032624
v 0.020958 0.261849 -0.028686
v 0.023109 0.262400 -0.025012
v 0.023894 0.254838 -0.029072
v 0.016390 0.086364 -0.031978
v 0.025036 0.256001 -0.027822
v 0.015496 0.251385 -0.035099
v 0.011154 0.245263 -0.035123
v 0.009347 0.264533 -0.027715
v 0.013439 0.248858 -0.034472
v 0.013857 0.253937 -0.036130
v 0.024901 0.257808 -0.027760
v 0.023733 0.259237 -0.029363
v 0.020989 0.259204 -0.032153
v 0.022237 0.257055 -0.031688
v 0.015734 0.027887 -0.029530
v 0.004757 0.008289 -0.032087
v 0.011289 0.246729 -0.034618
v 0.012010 0.248570 -0.035487
v 0.014652 0.246882 -0.032825
v 0.019945 0.256127 -0.033860
v 0.014165 0.244844 -0.032992
v 0.033356 0.234105 -0.022382
v 0.015436 0.262436 -0.029386
v 0.032160 0.268311 -0.013653
v 0.014320 0.259878 -0.033276
v 0.019774 0.253864 -0.033884
v 0.021978 0.253720 -0.032445
v 0.024286 0.253662 -0.027131
v 0.011382 0.250301 -0.035607
v 0.016600 0.248878 -0.032993
v 0.006795 0.245272 -0.036477
v 0.023562 0.253455 -0.028487
v 0.021895 0.245448 -0.028019
v 0.020549 0.232543 -0.030469
v 0.025268 0.254703 -0.025658
v 0.007517 0.031868 -0.033368
v 0.010127 0.030783 -0.032271
v 0.022886 0.236070 -0.031182
v 0.021934 0.234662 -0.030465
v 0.020751 0.241163 -0.030713
v 0.017922 0.240165 -0.033529
v 0.002567 0.028693 -0.034048
v 0.021931 0.233010 -0.028438
v 0.023313 0.237462 -0.030916
v 0.016527 0.226372 -0.032702
v 0.014194 0.227414 -0.034207
v 0.010798 0.229468 -0.035454
v 0.013121 0.240455 -0.035499
v 0.009013 0.242222 -0.036139
v 0.018108 0.232304 -0.032117
v 0.019406 0.234142 -0.032081
v 0.019541 0.228519 -0.029305
v 0.025903 0.230774 -0.021309
v 0.023333 0.243339 -0.026586
v 0.021663 0.242565 -0.028617
v 0.028850 0.254047 -0.020946
v 0.013771 0.241777 -0.034292
v 0.016857 0.228822 -0.031981
v 0.013416 0.238278 -0.036283
v 0.022224 0.240617 -0.029131
v 0.018804 0.247406 -0.032053
v 0.014916 0.082892 -0.031706
v 0.016978 0.230929 -0.032732
v 0.024596 0.254483 -0.027906
v 0.016842 0.244932 -0.031392
v 0.022713 0.251470 -0.029645
v 0.011596 0.255872 -0.036188
v 0.018196 0.260641 -0.031804
v 0.017866 0.258356 -0.034246
v 0.023813 0.251841 -0.026349
v 0.035977 0.267652 -0.020152
v 0.015905 0.253671 -0.035394
v 0.010128 0.244286 -0.035067
v 0.005208 0.257922 -0.036311
v 0.005207 0.252198 -0.037715
v 0.009292 0.257498 -0.035906
v 0.012246 0.244112 -0.034333
v 0.004661 0.248830 -0.036752
v 0.003997 0.259875 -0.034416
v 0.014593 0.257008 -0.035420
v 0.006426 0.262523 -0.031646
v 0.007176 0.266770 -0.025068
v 0.014507 0.230832 -0.034115
v 0.010990 0.261862 -0.031292
v 0.006749 0.241708 -0.037983
v 0.018814 0.241057 -0.031913
v 0.016525 0.242898 -0.031874
v 0.012223 0.233343 -0.035626
v 0.003751 0.234057 -0.037569
v 0.022332 0.117211 -0.030221
v -0.011602 0.234252 -0.034906
v 0.006867 0.230287 -0.036337
v -0.014402 0.235435 -0.033942
v -0.014690 0.231096 -0.032584
v -0.013075 0.230843 -0.033347
v 0.019061 0.056912 -0.026006
v -0.012677 0.245589 -0.034387
v -0.013079 0.239582 -0.034648
v -0.012753 0.248235 -0.034123
v -0.020343 0.249884 -0.030349
v 0.016439 0.065362 -0.030156
v -0.023920 0.229625 -0.027239
v -0.017072 0.230033 -0.031424
v -0.009331 0.236035 -0.036113
v 0.037931 0.266885 -0.017942
v 0.000623 0.231737 -0.036218
v -0.005484 0.233882 -0.036793
v 0.043887 0.258653 -0.010039
v 0.030033 0.265684 -0.018842
v -0.012398 0.227067 -0.036269
v 0.016229 0.241375 -0.033148
v 0.016812 0.255520 -0.035038
v 0.010748 0.236791 -0.037009
v 0.006944 0.236611 -0.037688
v 0.009079 0.233432 -0.036232
v 0.018630 0.238468 -0.033748
v 0.004126 0.242910 -0.037864
v -0.002034 0.237609 -0.037800
v 0.029169 0.268016 -0.017648
v 0.014465 0.242946 -0.033062
v -0.006251 0.005650 -0.031563
v -0.001957 0.229668 -0.036059
v -0.002323 0.239726 -0.037737
v -0.006325 0.238842 -0.037106
v 0.006552 0.028516 -0.033708
v -0.010102 0.245570 -0.034992
v -0.009242 0.241112 -0.035615
v -0.008700 0.233352 -0.035758
v -0.020091 0.240315 -0.030823
v -0.004478 0.236150 -0.036909
v 0.026928 0.265390 -0.018275
v -0.002861 0.241417 -0.037689
v -0.014019 0.251239 -0.033570
v -0.007124 0.249791 -0.035802
v -0.006762 0.244074 -0.036081
v 0.020319 0.270606 -0.021572
v -0.002416 0.248688 -0.036316
v 0.000610 0.239069 -0.037791
v 0.001165 0.248678 -0.036885
v -0.005724 0.251987 -0.035975
v -0.007711 0.254751 -0.035964
v 0.026535 0.269234 -0.018139
v -0.000502 0.271952 -0.016226
v 0.005955 0.273583 -0.023135
v 0.001773 0.257163 -0.037404
v 0.028882 0.009148 -0.004169
v 0.028066 0.009377 -0.008511
v -0.001927 0.256360 -0.036898
v 0.003410 0.264580 -0.029341
v 0.004201 0.255904 -0.037336
v -0.005252 0.255557 -0.036576
v 0.029300 0.226429 -0.020737
v 0.029493 0.223168 -0.020402
v 0.026801 0.225086 -0.022499
v 0.002381 0.266874 -0.025500
v 0.000501 0.262194 -0.032714
v 0.008489 0.259634 -0.033791
v -0.002524 0.251979 -0.036650
v 0.000715 0.259057 -0.035857
v -0.004646 0.261517 -0.033079
v -0.011904 0.255998 -0.034595
v 0.037473 0.262871 -0.018838
v -0.016005 0.255768 -0.032749
v 0.029148 0.228614 -0.021283
v -0.009419 0.248576 -0.035384
v -0.018840 0.253683 -0.031233
v 0.005408 0.048872 -0.034083
v -0.013019 0.257358 -0.033614
v -0.016614 0.243303 -0.033147
v 0.029406 0.261866 -0.020065
v -0.010803 0.254993 -0.035190
v -0.013934 0.263329 -0.027865
v -0.011431 0.265882 -0.026622
v -0.015172 0.005666 -0.028955
v -0.009600 0.264240 -0.029544
v -0.006443 0.246849 -0.035990
v -0.015955 0.252906 -0.033031
v -0.017025 0.257837 -0.031156
v -0.016957 0.248842 -0.032323
v 0.001008 0.270787 -0.014630
v -0.000017 0.272927 -0.020438
v -0.040311 0.124070 0.009831
v -0.005223 0.263892 -0.030829
v -0.011393 0.261780 -0.031019
v -0.005912 0.269681 -0.023940
v 0.028040 0.229932 -0.021549
v -0.015135 0.257672 -0.032415
v -0.014136 0.259679 -0.031102
v 0.020791 0.264095 -0.022544
v 0.034554 0.257662 -0.022023
v -0.007499 0.266552 -0.027338
v -0.010862 0.267903 -0.024758
v -0.010587 0.259616 -0.032867
v 0.027134 0.010228 -0.012694
v 0.032608 0.258263 -0.021697
v -0.005222 0.269939 -0.021764
v -0.005355 0.268172 -0.025711
v -0.004757 0.276954 -0.017965
v -0.037541 0.187028 0.011994
v -0.036590 0.184803 0.014274
v -0.003066 0.277897 -0.017043
v -0.008417 0.270360 -0.021711
v 0.022028 0.231137 -0.022713
v -0.012915 0.270737 -0.019090
v 0.000197 0.276246 -0.018749
v -0.003406 0.275096 -0.018703
v -0.007559 0.270505 -0.019224
v -0.010685 0.270975 -0.019103
v -0.004388 0.272598 -0.017781
v -0.009680 0.274568 -0.013653
v 0.031474 0.228742 -0.020234
v 0.028873 0.251079 -0.020244
v -0.011908 0.269668 -0.021499
v 0.029859 0.230189 -0.021744
v -0.001327 0.270515 -0.020418
v -0.037252 0.085906 0.020793
v -0.016750 0.240350 -0.032707
v -0.014647 0.245786 -0.033620
v -0.023592 0.255320 -0.026990
v -0.020945 0.261454 -0.024717
v -0.015386 0.267203 -0.022933
v -0.019937 0.270610 -0.015314
v -0.016048 0.270469 -0.018195
v -0.022570 0.270078 -0.016309
v -0.022275 0.271693 -0.011203
v -0.023985 0.272452 -0.010438
v -0.019204 0.268826 -0.019922
v 0.004563 0.149049 0.036984
v 0.003679 0.230579 -0.036266
v 0.021923 0.229208 -0.023586
v -0.019806 0.266601 -0.021661
v -0.018926 0.257981 -0.029933
v -0.017155 0.273365 -0.010049
v -0.016913 0.272216 -0.011315
v -0.019679 0.271222 -0.012514
v 0.039078 0.235950 -0.015656
v 0.023978 0.264780 -0.020021
v -0.016711 0.271413 -0.013923
v -0.013142 0.271123 -0.017427
v -0.022811 0.264496 -0.022084
v -0.006587 0.273929 -0.012498
v -0.003144 0.272439 -0.015036
v -0.003984 0.274537 -0.016040
v -0.027128 0.269276 -0.015170
v -0.020604 0.269867 -0.017664
v 0.009574 0.186228 -0.036250
v 0.030443 0.252994 -0.019020
v -0.016910 0.273225 -0.003154
v -0.015985 0.273812 -0.004677
v 0.007681 0.226350 -0.037320
v -0.018311 0.274411 -0.009731
v -0.019971 0.273033 -0.004085
v -0.016906 0.275202 -0.009031
v -0.015241 0.275432 -0.010151
v 0.031820 0.254056 -0.020260
v -0.009472 0.225443 -0.037717
v -0.019435 0.272612 -0.010261
v -0.012637 0.275508 -0.007764
v -0.012345 0.275722 -0.005937
v -0.014632 0.274657 -0.008568
v 0.022187 0.263275 -0.023131
v -0.011785 0.276064 -0.010788
v -0.016622 0.274601 -0.010190
v 0.010274 0.204855 -0.036788
v -0.013123 0.274489 -0.011195
v 0.015427 0.206475 -0.034879
v -0.018496 0.274907 -0.008377
v -0.021925 0.273544 -0.007054
v -0.020177 0.274344 -0.008766
v -0.015428 0.273622 -0.010626
v -0.007162 0.275156 -0.013274
v 0.003369 0.275960 -0.020296
v 0.002916 0.273843 -0.019687
v -0.005525 0.277869 -0.015392
v -0.009196 0.275681 -0.009619
v -0.005082 0.275763 -0.017058
v -0.009757 0.277151 -0.011663
v -0.009418 0.271020 -0.016843
v -0.013492 0.271910 -0.015263
v -0.032972 0.237468 -0.008952
v -0.011585 0.271284 -0.016606
v 0.024159 0.261133 -0.026798
v -0.005846 0.273738 -0.014543
v -0.004918 0.272337 -0.012733
v -0.004903 0.273510 -0.007535
v 0.028578 0.258274 -0.022296
v 0.029847 0.259343 -0.021040
v -0.002634 0.271302 -0.013465
v 0.020740 0.265182 -0.021350
v -0.001846 0.271279 -0.011672
v 0.001010 0.273191 -0.003715
v 0.003549 0.273502 -0.001117
v 0.002894 0.273480 -0.003722
v 0.031872 0.259567 -0.020591
v 0.006732 0.273538 0.000040
v -0.010283 0.275708 -0.009673
v -0.003770 0.272034 -0.010253
v -0.006870 0.276538 -0.016095
v -0.003394 0.271388 -0.012098
v 0.034235 0.260294 -0.021317
v 0.030950 0.262684 -0.019936
v 0.003874 0.274969 -0.022669
v -0.004526 0.276205 0.000973
v -0.001633 0.227354 -0.036892
v 0.032240 0.263507 -0.020293
v 0.037616 0.260301 -0.020152
v -0.000098 0.273568 -0.000225
v -0.004611 0.276893 -0.001098
v 0.034336 0.255505 -0.022463
v -0.006534 0.276022 0.001019
v -0.017695 0.273769 -0.005414
v -0.009541 0.275488 -0.000830
v -0.023261 0.270923 -0.013875
v 0.032706 0.261993 -0.020164
v -0.011433 0.275754 -0.008881
v -0.010928 0.273826 -0.001459
v 0.026494 0.232659 0.021669
v -0.009814 0.274242 0.000747
v -0.007598 0.276286 -0.006140
v -0.013228 0.272478 -0.001975
v -0.012780 0.274231 -0.003275
v -0.007357 0.275496 -0.009748
v -0.008444 0.275848 -0.009236
v -0.003522 0.275898 -0.001116
v -0.015599 0.272692 -0.001161
v -0.008640 0.272317 -0.014984
v -0.010817 0.275727 -0.004109
v 0.034751 0.262939 -0.020931
v -0.005798 0.275616 -0.005612
v -0.009143 0.276419 -0.005265
v -0.001722 0.273468 -0.003130
v 0.023386 0.233470 0.024525
v 0.037850 0.268619 -0.019386
v 0.038554 0.269907 -0.017431
v -0.007508 0.275573 -0.007804
v -0.007275 0.275410 -0.011680
v 0.042937 0.261220 -0.010360
v -0.013740 0.273996 -0.005560
v -0.041160 0.141017 0.005682
v -0.010174 0.276597 -0.003951
v -0.010815 0.275988 -0.005093
v 0.041983 0.263466 -0.011137
v -0.019406 0.274388 -0.006736
v 0.037240 0.261238 -0.021015
v -0.008721 0.276499 -0.002508
v -0.006456 0.276807 -0.001365
v -0.010334 0.275204 0.006255
v -0.015370 0.273709 0.009259
v -0.011074 0.272927 0.003082
v -0.009878 0.274244 0.003103
v -0.003851 0.275193 0.005779
v -0.012348 0.272482 0.003752
v 0.035530 0.254558 -0.021804
v -0.013854 0.274085 0.007201
v -0.013687 0.272675 0.003605
v -0.011754 0.275743 0.008353
v -0.015444 0.273413 0.006024
v -0.026992 0.225592 -0.028494
v -0.010000 0.275163 0.005034
v -0.006938 0.275664 0.007629
v 0.039308 0.256787 -0.017107
v -0.005543 0.276673 0.000171
v 0.037971 0.256856 -0.019375
v -0.016779 0.272938 0.007609
v -0.008613 0.275740 0.001819
v -0.008795 0.227510 -0.036107
v -0.006053 0.276047 0.010489
v -0.007209 0.226828 -0.037065
v -0.005318 0.277025 0.010314
v -0.008773 0.275501 0.004130
v -0.006470 0.275898 0.003901
v -0.013565 0.275075 0.012927
v -0.005614 0.276155 0.009461
v -0.008902 0.276000 0.006024
v -0.011455 0.276166 0.010079
v -0.013104 0.275643 0.011257
v -0.013270 0.273777 0.013610
v -0.010121 0.264457 0.026935
v -0.002199 0.276153 0.007413
v -0.003337 0.277058 0.009522
v -0.000239 0.276484 0.009054
v -0.010214 0.275886 0.011698
v -0.011950 0.274696 0.007023
v -0.014568 0.274862 0.011542
v -0.007811 0.272478 0.016913
v -0.024569 0.226301 -0.030342
v -0.009247 0.272523 0.012573
v -0.018313 0.271808 0.020283
v -0.014769 0.272601 0.014984
v -0.015366 0.272102 0.017434
v -0.012739 0.271874 0.015676
v -0.012859 0.272633 0.014206
v -0.013292 0.268238 0.024816
v -0.014524 0.271460 0.020443
v 0.029550 0.262662 -0.019844
v -0.018277 0.271075 0.021947
v -0.010438 0.272213 0.015837
v 0.029351 0.263161 -0.019501
v -0.011957 0.272122 0.017946
v -0.014478 0.216121 -0.038101
v -0.009803 0.271008 0.022704
v -0.016314 0.273824 0.012661
v -0.010987 0.272575 0.013893
v -0.003006 0.272514 0.013329
v -0.037611 0.219725 -0.014340
v -0.017748 0.271988 0.018970
v -0.038363 0.221084 -0.010239
v 0.036687 0.267454 -0.009975
v -0.019895 0.272118 0.020635
v -0.016685 0.272857 0.016051
v 0.035493 0.267543 -0.008883
v -0.008380 0.267346 0.026585
v 0.038085 0.268110 -0.009995
v -0.004977 0.272307 0.013847
v 0.018403 0.227146 0.029271
v -0.008145 0.263070 0.027426
v -0.009956 0.261649 0.026671
v -0.021290 0.271451 0.021034
v -0.001586 0.272085 0.014483
v -0.037634 0.003806 -0.009136
v 0.000251 0.271906 0.015469
v -0.016144 0.273796 0.014839
v -0.023926 0.265916 0.018962
v -0.022565 0.271721 0.015836
v -0.020052 0.272040 0.018889
v 0.029510 0.256403 -0.021086
v -0.020315 0.269190 0.022150
v -0.018256 0.272842 0.017243
v -0.005115 0.272026 0.019036
v -0.017594 0.272962 0.010386
v -0.019320 0.272419 0.009882
v -0.021317 0.009549 -0.031010
v -0.030141 0.007550 -0.024048
v 0.025660 0.259517 -0.026042
v -0.019297 0.272594 0.012913
v -0.021253 0.271664 0.014265
v -0.015746 0.266785 0.024907
v 0.023697 0.256203 -0.029983
v -0.017892 0.273384 0.012865
v -0.014916 0.274330 0.013885
v -0.023824 0.272952 -0.006760
v 0.027381 0.255652 -0.022966
v -0.023418 0.271955 -0.004843
v 0.029072 0.262456 -0.020187
v -0.018509 0.272540 -0.000461
v -0.019524 0.272352 0.002617
v -0.025846 0.271914 -0.005971
v -0.015932 0.273503 -0.006404
v -0.032804 0.011315 -0.024084
v -0.013558 0.271991 0.000421
v 0.009027 0.028946 -0.032846
v 0.028470 0.262613 -0.019435
v -0.027542 0.012494 -0.026904
v 0.026259 0.257546 -0.025032
v -0.013687 0.272244 0.002360
v 0.037881 0.233654 -0.019871
v 0.010801 0.027460 -0.031556
v -0.012028 0.275318 -0.004431
v -0.010775 0.275604 -0.002814
v -0.024472 0.273093 -0.006733
v -0.024931 0.269594 -0.015681
v -0.015232 0.272952 -0.002506
v -0.027968 0.272078 -0.011562
v -0.025853 0.272747 -0.010482
v -0.027667 0.272287 -0.007490
v -0.041302 0.092490 0.010125
v -0.025937 0.269474 -0.004544
v -0.028169 0.269362 -0.005675
v 0.033699 0.253581 -0.021284
v -0.023437 0.269802 -0.000436
v 0.025520 0.261087 -0.023331
v -0.024397 0.272561 -0.006337
v -0.024154 0.266980 0.003993
v -0.011210 0.272762 0.000651
v -0.040474 0.005612 -0.001476
v -0.011166 0.273810 0.004988
v -0.014825 0.273689 -0.003412
v -0.041896 0.086558 0.009626
v 0.024349 0.240100 -0.026364
v -0.020926 0.272069 0.001014
v -0.024619 0.267673 0.013988
v -0.022208 0.271914 -0.001352
v -0.016099 0.273010 0.002045
v -0.013249 0.273401 0.005195
v 0.037916 0.254810 -0.018618
v -0.021416 0.264669 0.021936
v -0.019633 0.272274 0.007954
v -0.012190 0.272076 0.002087
v 0.036520 0.262560 -0.021721
v -0.042713 0.081748 0.004891
v -0.023631 0.267983 0.001535
v -0.018618 0.272884 0.007628
v -0.040546 0.089857 0.014494
v -0.022737 0.268859 0.020403
v -0.026896 0.266214 0.012778
v -0.015329 0.273011 0.003377
v -0.022918 0.269916 0.014344
v 0.037698 0.252574 -0.018134
v -0.020484 0.271970 0.005697
v 0.036418 0.253387 -0.020353
v -0.016518 0.008371 -0.032410
v 0.037281 0.256722 -0.021263
v -0.026733 0.265523 0.003813
v -0.015674 0.272751 0.001074
v 0.022857 0.005103 0.017403
v 0.016346 0.001005 0.013729
v -0.028262 0.268118 -0.005131
v -0.029143 0.264357 0.011102
v -0.023965 0.268479 0.010905
v -0.031836 0.260326 0.002073
v -0.032165 0.255008 0.003068
v -0.031291 0.262006 0.005185
v -0.031862 0.250703 0.005790
v -0.032813 0.251489 0.001530
v -0.033263 0.247091 0.001324
v -0.009144 0.276276 0.009918
v -0.025087 0.267364 -0.001218
v -0.031704 0.264548 0.000051
v -0.041491 0.075317 0.012762
v -0.030727 0.264733 0.005589
v -0.032725 0.254467 -0.002175
v 0.030431 0.220219 0.020970
v -0.030417 0.253268 0.009856
v -0.034477 0.243435 -0.001102
v -0.034028 0.243134 0.002258
v -0.030764 0.261576 0.008055
v -0.032720 0.235146 0.007434
v -0.033992 0.235010 0.001219
v -0.033760 0.239161 0.002446
v -0.033882 0.238164 -0.001677
v -0.033261 0.249387 -0.001893
v -0.035068 0.229862 -0.002030
v -0.033910 0.246072 -0.001969
v -0.033629 0.237274 0.001378
v -0.032098 0.262446 0.001046
v -0.034330 0.235396 -0.003315
v -0.034268 0.233477 -0.006097
v 0.025993 0.009840 0.015729
v -0.033149 0.237021 0.003760
v 0.030665 0.257913 -0.021146
v -0.011523 0.102125 0.037654
v 0.038683 0.259618 -0.017500
v -0.034218 0.241050 0.002418
v -0.034556 0.240902 -0.000229
v 0.041679 0.258493 -0.014018
v -0.034256 0.232508 -0.001942
v -0.034022 0.232528 0.001027
v 0.037829 0.258358 -0.020772
v -0.034429 0.231120 0.000527
v -0.032430 0.245545 0.005711
v -0.033634 0.231918 0.003665
v -0.028316 0.231353 0.017529
v -0.028914 0.234443 0.016339
v -0.030994 0.255826 0.007201
v -0.025515 0.240730 0.021119
v -0.020315 0.250056 0.024054
v -0.025556 0.128730 0.031049
v -0.024043 0.256767 0.019247
v 0.039131 0.251574 -0.015467
v -0.014549 0.227884 0.030462
v -0.021550 0.254151 0.022608
v -0.018627 0.239981 0.027043
v -0.012669 0.189809 0.035216
v -0.011017 0.225270 0.033660
v -0.012579 0.231372 0.029968
v -0.023683 0.232457 0.022241
v 0.039060 0.249515 -0.014465
v -0.004578 0.242690 0.032190
v -0.004416 0.236039 0.032772
v -0.027440 0.236307 0.018832
v -0.031030 0.239146 0.011740
v -0.017866 0.255477 0.025493
v -0.022934 0.244806 0.022532
v -0.013826 0.246309 0.028767
v -0.018478 0.263174 0.023930
v 0.028328 0.241511 -0.020702
v -0.001331 0.240517 0.033097
v -0.030700 0.259379 0.007774
v -0.012876 0.259611 0.027159
v 0.042368 0.256101 -0.011655
v 0.037076 0.255157 -0.020922
v 0.019405 0.245954 -0.030544
v -0.024580 0.249432 0.019943
v -0.022712 0.271361 0.018407
v 0.022673 0.052032 -0.018986
v -0.018570 0.244424 0.026189
v -0.015473 0.251461 0.027446
v -0.042373 0.022312 0.015023
v -0.040063 0.020728 0.019564
v -0.012863 0.256105 0.028483
v -0.004866 0.272545 0.012651
v -0.021775 0.261075 0.021647
v 0.025811 0.243712 -0.022854
v -0.023155 0.270003 0.016676
v 0.023208 0.057400 -0.019108
v 0.036566 0.229101 -0.018137
v -0.011186 0.233212 0.030176
v -0.009553 0.233347 0.030789
v -0.008599 0.275130 0.011245
v -0.023824 0.267824 0.015984
v 0.022858 0.012925 0.022476
v 0.038141 0.242724 -0.013812
v -0.022383 0.269522 0.007419
v -0.021367 0.267099 0.021664
v -0.025203 0.267041 0.006987
v -0.013196 0.275173 0.009170
v 0.020883 0.250398 -0.031516
v -0.015278 0.255512 0.027449
v -0.025768 0.263938 0.016953
v -0.011973 0.273362 0.012979
v -0.027771 0.262796 0.013932
v -0.022497 0.269326 0.004013
v 0.020174 0.248188 -0.030774
v 0.021791 0.221446 -0.029221
v 0.025773 0.206865 -0.026433
v -0.028102 0.259106 0.012915
v -0.029785 0.261240 0.010754
v -0.028258 0.254019 0.014163
v 0.023718 0.203879 -0.030048
v 0.039406 0.240769 -0.014465
v -0.040101 0.008363 0.012315
v -0.016466 0.259886 0.025706
v -0.041691 0.077294 0.010717
v -0.019966 0.258366 0.022831
v -0.026593 0.243753 0.018725
v 0.023557 0.225074 -0.025319
v -0.026414 0.251863 0.017229
v -0.028091 0.247575 0.015577
v 0.031605 0.245510 -0.015508
v -0.022344 0.240419 0.024232
v 0.024951 0.238315 -0.025605
v -0.030581 0.247554 0.010338
v -0.032351 0.241498 0.009457
v -0.025939 0.231462 0.020274
v -0.030826 0.230966 0.013480
v 0.029310 0.236504 -0.023105
v -0.031026 0.235388 0.012592
v -0.031451 0.232645 0.011102
v -0.032094 0.234163 0.010033
v 0.021755 0.227393 0.026776
v -0.034438 0.240929 -0.003568
v -0.033685 0.237743 -0.005316
v -0.034000 0.235738 -0.006566
v -0.034375 0.241860 -0.005611
v -0.034454 0.243732 -0.004389
v -0.033559 0.246479 -0.004908
v 0.027501 0.248224 -0.021529
v 0.025836 0.262242 -0.019954
v 0.023966 0.262777 -0.021935
v -0.021987 0.270423 0.009713
v -0.032525 0.263136 -0.002365
v -0.032447 0.261293 -0.005273
v -0.029646 0.265606 -0.003870
v -0.025010 0.265969 0.001627
v -0.029590 0.268877 -0.007032
v -0.040582 0.065998 0.014688
v -0.027648 0.266556 -0.003253
v -0.029427 0.265309 -0.001736
v -0.031310 0.265114 -0.002795
v -0.027288 0.265278 0.000261
v -0.032849 0.246987 -0.007870
v -0.030717 0.265404 -0.005300
v -0.031379 0.243659 0.010209
v -0.028969 0.242131 0.015076
v 0.031751 0.243190 -0.015277
v 0.028316 0.245255 -0.020257
v -0.008570 0.229783 0.032495
v 0.031209 0.237415 -0.021102
v -0.032205 0.254421 -0.007401
v -0.039924 0.010698 0.015715
v -0.032582 0.250470 -0.006043
v 0.030017 0.238766 -0.020480
v -0.009660 0.257196 -0.034745
v 0.007541 0.270964 -0.023470
v -0.026718 0.266541 -0.017033
v -0.025852 0.270651 -0.014027
v 0.030475 0.240960 -0.018104
v -0.018461 0.263764 -0.024404
v 0.005705 0.114800 0.037365
v -0.017534 0.272448 0.004951
v -0.030241 0.266818 -0.012423
v -0.029080 0.264840 -0.015422
v -0.028852 0.268244 -0.014402
v -0.030547 0.267852 -0.009824
v -0.037546 0.078698 0.019987
v 0.037389 0.250405 -0.015322
v -0.020722 0.257000 -0.028837
v -0.033495 0.234575 -0.008911
v -0.031795 0.259024 -0.006184
v -0.022046 0.273065 -0.009442
v -0.026112 0.238434 -0.024936
v -0.033814 0.239222 -0.004387
v -0.002322 0.233428 0.032318
v 0.031620 0.238335 -0.018715
v 0.037532 0.243051 -0.000919
v 0.003360 0.121108 0.037895
v -0.033737 0.231975 -0.008029
v -0.028001 0.242219 -0.022948
v -0.031794 0.251378 -0.009940
v -0.030955 0.264017 -0.012695
v -0.031349 0.261775 -0.011723
v -0.032205 0.260472 -0.008990
v -0.032222 0.260629 -0.001178
v 0.029040 0.268604 0.000694
v -0.031709 0.258486 -0.003076
v -0.029271 0.264902 0.000144
v -0.030283 0.265154 -0.000446
v -0.025337 0.271555 -0.012062
v -0.031868 0.256954 -0.005461
v 0.007069 0.107491 0.036953
v 0.016449 0.238544 0.029779
v 0.003521 0.106874 0.038058
v -0.032270 0.264231 -0.005641
v -0.029866 0.260901 -0.015593
v -0.032151 0.248602 -0.009649
v 0.025156 0.230761 0.022372
v -0.022281 0.252646 -0.028768
v -0.008374 0.269030 -0.024395
v -0.031013 0.265715 -0.010439
v -0.030887 0.248675 -0.013950
v -0.023876 0.270055 -0.002521
v 0.031953 0.236610 -0.020017
v -0.041859 0.059251 0.012546
v -0.029119 0.270881 -0.007863
v -0.027289 0.249594 -0.022831
v -0.025740 0.268488 -0.016607
v -0.029715 0.254020 -0.017614
v -0.029093 0.257785 -0.017095
v -0.031622 0.257635 -0.009446
v 0.001586 0.114019 0.037926
v -0.017713 0.256038 -0.031578
v -0.025500 0.244071 -0.026360
v -0.025536 0.251090 -0.025723
v -0.028899 0.244029 -0.021132
v -0.023032 0.247788 -0.028618
v -0.022456 0.259711 -0.024800
v -0.022755 0.258285 -0.026254
v 0.037209 0.253178 0.005238
v -0.027274 0.246418 -0.023351
v -0.017087 0.272543 0.002183
v -0.031365 0.254127 -0.012075
v -0.025701 0.263056 -0.019871
v -0.040723 0.103486 0.012344
v -0.026533 0.260860 -0.020297
v 0.036326 0.251046 0.006106
v -0.023590 0.240390 -0.027962
v -0.020425 0.271089 0.008676
v -0.024941 0.265732 -0.019819
v -0.027793 0.253093 -0.022238
v 0.030991 0.262938 0.007659
v 0.005331 0.083128 0.038002
v 0.033272 0.260705 0.006532
v 0.034692 0.256136 0.010477
v -0.023663 0.268320 -0.018818
v -0.033805 0.232975 -0.008324
v 0.002946 0.001924 0.029296
v -0.031065 0.259706 -0.011916
v -0.020847 0.258855 -0.027569
v -0.029022 0.247846 -0.019645
v -0.027473 0.258287 -0.020184
v -0.032240 0.244262 -0.013413
v 0.036483 0.255945 0.004842
v -0.031730 0.241205 -0.014117
v -0.030801 0.235742 -0.015964
v -0.020949 0.259547 -0.026140
v -0.002115 0.096708 0.038171
v 0.042016 0.253256 -0.002299
v -0.034366 0.230884 -0.005504
v 0.035494 0.244932 0.006204
v -0.031568 0.238002 -0.013044
v 0.028766 0.265796 0.001545
v 0.036003 0.253712 0.007966
v -0.033159 0.242746 -0.011605
v -0.024242 0.272494 -0.008671
v 0.033246 0.259279 0.010578
v 0.033567 0.260792 0.002854
v -0.027580 0.266092 0.009503
v 0.019024 0.001960 0.006565
v 0.004736 0.003704 0.032034
v -0.032507 0.232524 -0.010751
v -0.032941 0.240405 -0.010060
v -0.029178 0.236454 -0.019096
v -0.028069 0.234717 -0.020935
v 0.034990 0.257606 0.007362
v -0.030081 0.243495 -0.019371
v -0.007633 0.078733 0.038717
v -0.030383 0.241184 -0.017753
v 0.036863 0.251676 0.004061
v -0.030885 0.232449 -0.015196
v -0.029553 0.230818 -0.019017
v -0.026303 0.228996 -0.025494
v -0.026384 0.234569 -0.023146
v -0.027587 0.232408 -0.021570
v -0.029173 0.239085 -0.020596
v -0.022937 0.236764 -0.028566
v -0.025444 0.231411 -0.024667
v 0.034647 0.252769 0.011856
v -0.025448 0.256483 -0.024349
v 0.035219 0.258587 0.004113
v -0.036924 0.206240 0.010217
v -0.000994 0.003350 0.033781
v -0.038359 0.174734 0.010062
v -0.036967 0.220887 0.005253
v -0.039432 0.196594 0.004287
v -0.038973 0.193153 0.008664
v -0.037892 0.198393 0.007291
v -0.038835 0.175975 0.007977
v -0.038894 0.179385 0.005953
v -0.040017 0.167142 0.002824
v -0.040167 0.165330 0.006753
v -0.039409 0.160255 0.010254
v -0.041082 0.138623 0.008804
v -0.040407 0.141290 0.008481
v -0.041688 0.137628 0.006627
v -0.037703 0.201369 0.009957
v -0.042028 0.116366 0.003556
v -0.039769 0.169551 0.005497
v -0.040021 0.148773 0.008036
v -0.040349 0.145383 0.006958
v -0.039856 0.156663 0.008453
v -0.040094 0.133318 0.009807
v 0.026344 0.264307 0.008787
v 0.036031 0.258947 -0.000682
v -0.038371 0.168693 0.011917
v 0.034067 0.260855 -0.000002
v -0.038036 0.156280 0.014423
v 0.035788 0.260549 -0.002292
v -0.037714 0.189608 0.010449
v -0.037888 0.180240 0.011564
v -0.041884 0.094273 0.005319
v 0.033763 0.262061 -0.001751
v -0.038719 0.172202 0.007909
v 0.041532 0.247916 -0.004024
v -0.036182 0.202557 0.012618
v -0.032359 0.232917 0.008787
v -0.000857 0.087639 0.038241
v -0.030714 0.243366 0.012296
v -0.035372 0.200473 0.015139
v -0.036431 0.195122 0.013720
v -0.037431 0.191218 0.012039
v -0.038932 0.129181 0.015455
v -0.039078 0.157039 0.011506
v -0.040838 0.128833 0.009439
v 0.042294 0.259783 -0.001870
v -0.040695 0.143264 0.006850
v -0.006933 0.100851 0.038422
v 0.034646 0.262372 -0.003055
v -0.039691 0.146543 0.010763
v -0.037488 0.174272 0.012861
v 0.027336 0.272551 0.001964
v -0.039012 0.148171 0.012026
v -0.038514 0.171277 0.010893
v -0.039042 0.168709 0.009018
v -0.036683 0.160556 0.015353
v -0.036280 0.176795 0.015043
v -0.035167 0.197248 0.015359
v -0.017182 0.146843 0.034651
v 0.031957 0.266138 -0.003332
v -0.009064 0.105357 0.037875
v -0.022029 0.201116 0.030351
v -0.038900 0.152627 0.011917
v -0.036493 0.198944 0.012241
v 0.042073 0.261572 -0.007317
v -0.023843 0.262399 0.019265
v -0.033354 0.228940 0.009887
v -0.030520 0.228068 0.016500
v -0.034337 0.226245 0.009250
v -0.032933 0.227068 0.012810
v -0.027754 0.228190 0.019695
v 0.039688 0.256632 -0.000211
v -0.031981 0.197007 0.021124
v -0.030458 0.233494 0.013294
v -0.009804 0.232148 0.030897
v -0.023661 0.234851 0.022743
v -0.027207 0.192013 0.026964
v 0.037996 0.260420 -0.002879
v 0.040091 0.260800 -0.002437
v 0.028321 0.269129 0.003184
v -0.038096 0.202609 0.006955
v -0.006939 0.233054 0.031568
v -0.038050 0.133105 0.015185
v -0.035935 0.159579 0.017662
v -0.039003 0.143995 0.012683
v -0.039768 0.140356 0.011303
v 0.040634 0.253800 -0.000991
v -0.036987 0.158404 0.015604
v -0.036747 0.152456 0.017038
v -0.031552 0.257982 0.000564
v 0.031456 0.262194 0.004431
v 0.035099 0.245444 0.009759
v -0.017895 0.191818 0.033522
v -0.013790 0.192838 0.035055
v 0.034867 0.242108 0.010632
v -0.027960 0.221358 0.023541
v -0.028228 0.200536 0.025552
v -0.001534 0.059461 0.039152
v -0.037704 0.199121 0.009673
v -0.030144 0.189253 0.023784
v -0.036970 0.135769 0.017599
v -0.035510 0.186713 0.015827
v -0.005532 0.226387 0.034896
v -0.023077 0.166157 0.031120
v 0.041856 0.255933 -0.001741
v -0.025454 0.131969 0.030568
v -0.019108 0.224115 0.030203
v 0.007185 0.009386 0.032988
v -0.024047 0.213918 0.028381
v -0.025307 0.208590 0.028110
v -0.023245 0.193756 0.029899
v -0.002294 0.113111 0.038025
v -0.019613 0.202760 0.031199
v -0.001134 0.106171 0.038662
v -0.015522 0.237002 0.029414
v -0.018908 0.227711 0.027644
v -0.021426 0.225333 0.027775
v -0.017664 0.203336 0.032402
v 0.014830 0.275495 0.013285
v -0.015286 0.241675 0.028759
v -0.016028 0.169153 0.034440
v -0.023367 0.220741 0.028217
v -0.028067 0.182007 0.026868
v -0.034479 0.205180 0.016452
v -0.023942 0.203972 0.028867
v -0.023787 0.183598 0.030159
v -0.009342 0.196844 0.035656
v -0.015209 0.196037 0.033979
v -0.019728 0.196183 0.032073
v -0.025556 0.201754 0.027613
v -0.024378 0.177277 0.029515
v -0.021404 0.230635 0.025004
v -0.024367 0.188965 0.029084
v -0.027287 0.187100 0.026813
v 0.043011 0.259964 -0.007327
v -0.024188 0.224327 0.025721
v -0.031826 0.182401 0.022596
v 0.035461 0.245835 0.002182
v 0.035776 0.247847 0.006312
v -0.020900 0.175286 0.031766
v -0.000571 0.007704 0.034999
v -0.020472 0.188089 0.031605
v -0.021454 0.160839 0.032023
v 0.037540 0.251040 0.002216
v 0.025399 0.253432 0.023964
v -0.023999 0.148392 0.030938
v -0.026744 0.152383 0.028777
v -0.026976 0.138689 0.029547
v 0.029381 0.252118 0.020105
v -0.025893 0.159433 0.029281
v -0.013467 0.142301 0.036173
v -0.026431 0.147679 0.029402
v -0.031402 0.170787 0.023178
v -0.021041 0.178721 0.031984
v -0.022594 0.172901 0.030780
v -0.028894 0.143648 0.027569
v -0.027991 0.148500 0.027715
v 0.032747 0.241734 0.014687
v -0.032391 0.133582 0.024280
v 0.035909 0.239630 0.006651
v -0.028847 0.133430 0.027766
v -0.029291 0.166341 0.026368
v 0.035540 0.240406 0.008984
v -0.017162 0.232356 0.027450
v 0.034878 0.242480 0.004685
v 0.032168 0.252616 0.016180
v 0.033146 0.248232 0.014011
v 0.035550 0.249731 0.009269
v -0.018915 0.205526 0.031753
v -0.025611 0.194068 0.027846
v 0.029086 0.241503 0.020033
v -0.025290 0.135229 0.030574
v -0.030151 0.185711 0.024439
v 0.038191 0.247839 -0.000910
v 0.035739 0.232985 0.008553
v 0.036565 0.234494 0.005911
v -0.015423 0.223394 0.032484
v -0.018800 0.164411 0.033564
v -0.030760 0.193378 0.023451
v -0.028055 0.225279 0.021265
v -0.029778 0.197792 0.023870
v 0.037374 0.237189 0.000645
v 0.035898 0.236154 0.007661
v -0.037119 0.170490 0.013778
v -0.036707 0.188005 0.014289
v -0.034528 0.193637 0.018605
v -0.004632 0.085747 0.038492
v -0.034017 0.187506 0.018942
v 0.039050 0.241787 -0.004229
v 0.035443 0.237958 0.009235
v -0.037660 0.193572 0.012069
v -0.033841 0.220711 0.015968
v -0.032419 0.190094 0.021428
v -0.036700 0.168196 0.014947
v -0.034002 0.158907 0.020539
v -0.036088 0.142307 0.018445
v -0.035260 0.162480 0.018493
v -0.032944 0.224832 0.015212
v 0.040411 0.233820 -0.000224
v -0.021694 0.135301 0.032804
v -0.034767 0.142424 0.019952
v 0.042701 0.247303 -0.007175
v 0.042415 0.243981 -0.013018
v -0.025722 0.226206 0.022963
v -0.037332 0.144234 0.016575
v -0.032800 0.142055 0.023007
v -0.022459 0.227337 0.025286
v -0.036327 0.190789 0.014992
v -0.034004 0.198962 0.018117
v 0.043196 0.245096 -0.009512
v -0.035734 0.139380 0.019491
v -0.038001 0.159396 0.013133
v 0.042302 0.242054 -0.010219
v -0.030428 0.158944 0.025190
v -0.032443 0.162512 0.022679
v -0.036141 0.156606 0.018108
v -0.034894 0.146595 0.019746
v 0.041714 0.244213 -0.006293
v -0.035421 0.169844 0.017427
v -0.028468 0.156672 0.027486
v -0.034289 0.136445 0.022246
v -0.038163 0.124948 0.016301
v 0.041427 0.250114 -0.010074
v 0.042562 0.247661 -0.009620
v -0.031797 0.187442 0.022066
v -0.031914 0.115582 0.025583
v -0.033035 0.087287 0.025599
v 0.039712 0.244779 -0.013872
v 0.042243 0.249724 -0.007693
v -0.031410 0.103292 0.027225
v 0.040202 0.249528 -0.012326
v -0.041305 0.137757 0.007529
v 0.041982 0.247304 -0.012348
v 0.032959 0.246719 -0.014829
v 0.038607 0.235297 -0.002250
v -0.027764 0.109756 0.029974
v -0.029121 0.174654 0.025705
v -0.022544 0.109953 0.033469
v -0.023689 0.114074 0.032282
v -0.031423 0.125779 0.026107
v -0.013464 0.039460 0.038254
v 0.040364 0.254613 -0.015691
v -0.033194 0.109649 0.024858
v -0.036243 0.103647 0.021129
v 0.040218 0.251395 -0.011442
v -0.037413 0.103100 0.019171
v -0.030317 0.089016 0.028357
v -0.035668 0.131707 0.020185
v -0.031467 0.120269 0.025838
v -0.036257 0.098938 0.021605
v -0.030903 0.107200 0.027107
v -0.030885 0.137718 0.025846
v -0.021426 0.090646 0.034164
v -0.035421 0.124900 0.021324
v -0.031135 0.110239 0.027145
v -0.034901 0.116961 0.021708
v -0.034138 0.104120 0.023809
v -0.034117 0.083329 0.025135
v -0.033159 0.100373 0.025516
v -0.032230 0.129629 0.025114
v -0.039154 0.099402 0.017054
v 0.043832 0.256148 -0.006486
v -0.027239 0.082072 0.031387
v -0.035508 0.085798 0.022988
v 0.040939 0.253200 -0.012452
v -0.035936 0.112583 0.020505
v -0.035488 0.109703 0.022041
v -0.035094 0.073633 0.024639
v -0.036955 0.020820 0.024836
v -0.035771 0.060821 0.023602
v -0.035574 0.067524 0.023619
v 0.041116 0.244268 -0.013521
v -0.040999 0.052739 0.017662
v -0.005912 0.062755 0.038631
v -0.033549 0.154120 0.022097
v -0.007608 0.058487 0.038935
v -0.021348 0.271331 0.002910
v 0.036272 0.249574 -0.015868
v -0.028287 0.010382 0.030457
v -0.020515 0.097396 0.034938
v -0.037958 0.163256 0.013499
v -0.021920 0.035357 0.035468
v -0.024245 0.081323 0.033093
v -0.024056 0.117322 0.032021
v -0.036672 0.050745 0.023249
v -0.037395 0.043785 0.023376
v -0.008147 0.074900 0.038743
v 0.040464 0.237627 -0.007798
v 0.044177 0.232557 -0.012062
v 0.043683 0.233198 -0.009366
v 0.043085 0.242180 -0.012245
v 0.040659 0.233996 -0.016531
v 0.042715 0.234510 -0.010757
v -0.032771 0.061086 0.027595
v -0.033327 0.057634 0.026623
v -0.035667 0.055748 0.024681
v 0.043464 0.243757 -0.011438
v 0.042111 0.236455 -0.011936
v -0.032050 0.073756 0.027885
v 0.041397 0.235862 -0.014272
v -0.038156 0.071674 0.019953
v -0.038206 0.025179 0.022748
v -0.038874 0.032510 0.021001
v -0.036503 0.034548 0.024147
v -0.034961 0.039976 0.025859
v -0.036572 0.029737 0.025268
v -0.032834 0.051783 0.027869
v -0.035017 0.047160 0.026286
v 0.041701 0.236292 -0.009845
v 0.010614 0.008472 0.032358
v -0.030262 0.023476 0.031768
v -0.030268 0.018941 0.031395
v -0.030934 0.048391 0.029953
v -0.035180 0.052269 0.025381
v -0.013408 0.233922 0.029791
v -0.024944 0.087084 0.032335
v -0.040853 0.026143 0.018802
v -0.034058 0.054601 0.026622
v -0.030218 0.063588 0.029749
v -0.032047 0.008831 0.025790
v -0.032195 0.043169 0.028330
v -0.035364 0.079214 0.023319
v -0.018740 0.054176 0.036486
v -0.030418 0.077494 0.029044
v -0.036485 0.053549 0.023139
v -0.029275 0.014426 0.031104
v -0.029731 0.116317 0.027853
v -0.033224 0.033836 0.028067
v -0.024833 0.061408 0.033265
v -0.017913 0.022143 0.037843
v -0.021017 0.025832 0.036918
v -0.021610 0.063940 0.035169
v -0.004482 0.001378 0.027127
v -0.006541 0.003330 0.033590
v -0.039826 0.160316 0.006914
v -0.011811 0.004421 0.033338
v -0.017293 0.082446 0.036175
v -0.032880 0.029660 0.029020
v 0.042520 0.254482 -0.009032
v -0.026748 0.052711 0.032649
v -0.024049 0.072798 0.033721
v 0.033529 0.268921 -0.005978
v -0.027980 0.047073 0.032006
v 0.038879 0.262366 -0.003532
v 0.041933 0.266061 -0.007806
v -0.028248 0.036836 0.031671
v -0.031051 0.038919 0.029868
v 0.042832 0.269673 -0.009154
v -0.033852 0.016520 0.027434
v 0.041970 0.271145 -0.007891
v -0.021721 0.114491 0.033462
v 0.042220 0.269648 -0.004162
v -0.029103 0.074434 0.030382
v -0.020963 0.030545 0.036332
v -0.017795 0.006891 0.033833
v -0.016835 0.031151 0.037541
v 0.043096 0.255313 -0.003974
v -0.029702 0.028070 0.031635
v -0.030634 0.035445 0.030367
v 0.044864 0.232103 -0.007307
v -0.029615 0.032563 0.031464
v -0.027563 0.061580 0.031535
v 0.041670 0.264757 -0.002146
v 0.040093 0.266557 -0.004117
v -0.026366 0.057035 0.032599
v 0.041693 0.267988 -0.010892
v -0.026518 0.113942 0.030564
v -0.027259 0.124662 0.029554
v -0.030260 0.099850 0.028410
v -0.022163 0.126565 0.033291
v -0.040876 0.146436 0.005838
v -0.041335 0.143776 0.004758
v 0.008455 0.073022 0.033400
v -0.016523 0.088644 0.035957
v -0.034046 0.107632 0.023486
v -0.012667 0.119760 0.036674
v -0.004252 0.080072 0.039150
v -0.009456 0.114439 0.037613
v -0.028108 0.070696 0.031005
v -0.030121 0.067763 0.029199
v -0.029605 0.053572 0.030315
v -0.030393 0.058628 0.029450
v -0.032158 0.094100 0.026163
v 0.041528 0.270220 -0.006076
v -0.030864 0.149110 0.025087
v -0.025129 0.095526 0.032220
v 0.039905 0.268703 -0.003726
v -0.039575 0.174286 0.005290
v -0.033743 0.166668 0.021131
v -0.028732 0.092424 0.029730
v -0.028619 0.096320 0.029409
v -0.032805 0.175923 0.021321
v 0.034539 0.266988 -0.004218
v -0.037515 0.148153 0.015243
v -0.030170 0.112917 0.027403
v 0.039064 0.265293 -0.016075
v -0.036478 0.166133 0.016666
v 0.038640 0.270250 -0.012984
v 0.041095 0.261920 -0.013766
v -0.027626 0.107014 0.029906
v -0.027469 0.119229 0.029577
v -0.030788 0.223964 0.019116
v 0.039928 0.263887 -0.003541
v -0.021470 0.153333 0.032561
v -0.031228 0.084091 0.027900
v 0.036607 0.262384 -0.003465
v 0.035577 0.267930 -0.013897
v -0.030949 0.086354 0.028144
v -0.028115 0.085024 0.030157
v -0.022704 0.100775 0.033768
v -0.031383 0.080280 0.027843
v 0.038353 0.269148 -0.011448
v -0.019880 0.076982 0.035206
v 0.036232 0.267673 -0.011200
v -0.029737 0.044054 0.030755
v -0.025846 0.031577 0.033703
v 0.034641 0.264275 -0.003726
v -0.032759 0.065059 0.026859
v -0.033413 0.020982 0.028916
v -0.037774 0.047811 0.023102
v 0.037669 0.270758 -0.018845
v -0.013644 0.033011 0.037837
v -0.017286 0.036117 0.037444
v 0.038868 0.262530 -0.016071
v -0.031783 0.012197 0.028088
v -0.038715 0.186668 0.007234
v 0.039936 0.271608 -0.015198
v -0.039195 0.053077 0.019468
v 0.042056 0.269782 -0.011986
v 0.041097 0.269564 -0.012898
v -0.039953 0.148164 -0.000284
v 0.039706 0.268637 -0.015297
v 0.040531 0.269575 -0.006104
v -0.027824 0.078796 0.030943
v -0.037191 0.075902 0.021413
v -0.039368 0.079298 0.017787
v 0.042597 0.269984 -0.011258
v 0.041484 0.271428 -0.013098
v 0.042398 0.271351 -0.011140
v -0.038289 0.082443 0.019717
v -0.038954 0.088640 0.017415
v -0.037764 0.094309 0.018813
v -0.039437 0.054418 0.019583
v -0.036311 0.083114 0.022654
v -0.036230 0.106690 0.020333
v -0.038582 0.065233 0.019082
v -0.035344 0.181276 0.017392
v -0.036734 0.189290 0.013149
v -0.036913 0.189564 0.012027
v -0.038835 0.094146 0.016684
v -0.038468 0.050831 0.020617
v -0.009222 0.007249 0.034998
v -0.032061 0.055512 0.028342
v -0.040692 0.057628 0.015831
v -0.039959 0.056208 0.018609
v -0.000294 0.271597 0.018808
v -0.016242 0.055345 0.037267
v -0.038201 0.014693 0.021160
v 0.041022 0.270440 -0.014400
v 0.040777 0.271474 -0.010598
v 0.038254 0.270341 -0.015505
v -0.040884 0.034767 0.017008
v 0.037582 0.271613 -0.016942
v -0.018099 0.050161 0.036860
v -0.041794 0.015494 0.014578
v -0.037911 0.056204 0.021360
v -0.027223 0.034343 0.032756
v 0.042337 0.270711 -0.012387
v -0.013881 0.009289 0.035213
v 0.029339 0.271589 -0.005183
v 0.035528 0.226525 -0.016739
v -0.039152 0.028468 0.021345
v -0.037042 0.009552 0.020751
v -0.034963 0.012122 0.024650
v 0.026550 0.268426 0.005421
v -0.024455 0.229466 0.022652
v 0.025779 0.266170 0.007098
v -0.038159 0.053261 0.021081
v 0.018974 0.275446 0.007379
v 0.031173 0.270612 -0.006710
v -0.039156 0.122572 0.013687
v -0.039172 0.118408 0.014517
v 0.024341 0.135407 -0.029172
v 0.018628 0.265777 0.016046
v -0.037787 0.109870 0.018324
v -0.039890 0.109752 0.014035
v -0.039964 0.093745 0.014449
v -0.039135 0.076349 0.018460
v 0.029306 0.263002 0.005764
v -0.042010 0.067585 0.004704
v -0.041428 0.068607 0.011662
v -0.043048 0.052018 0.014124
v -0.043043 0.029562 0.010690
v -0.042321 0.029120 0.014831
v -0.019430 0.144445 -0.028812
v -0.032712 0.069804 0.026986
v 0.027815 0.267002 0.003243
v -0.040775 0.086641 0.013132
v -0.041133 0.142903 0.002212
v -0.040776 0.099211 0.011916
v -0.039673 0.126504 0.012755
v -0.040140 0.113149 0.012450
v -0.039131 0.163286 0.009491
v -0.040181 0.106200 0.012846
v -0.041720 0.091689 0.008848
v -0.040941 0.114710 0.009492
v -0.038324 0.114365 0.016330
v -0.001696 0.225182 -0.038317
v -0.040714 0.094154 0.011519
v -0.041556 0.094551 0.008758
v -0.041779 0.091132 0.010095
v -0.040596 0.077731 0.014652
v -0.042506 0.083047 0.010772
v 0.026260 0.271836 0.000088
v 0.028788 0.271173 -0.000248
v -0.041122 0.071293 0.013356
v -0.041953 0.074040 0.009981
v -0.010277 0.251873 -0.034931
v -0.037679 0.120483 0.017501
v -0.026236 0.049905 0.033032
v -0.026024 0.041032 0.033314
v -0.041592 0.073247 0.012599
v -0.040627 0.082590 0.015372
v -0.041444 0.090472 0.011765
v -0.042749 0.057172 0.011002
v -0.041650 0.111242 0.010393
v -0.043285 0.082773 0.007770
v -0.043353 0.024855 0.007497
v -0.042746 0.060687 0.010844
v -0.040635 0.073555 0.015764
v -0.040145 0.069461 0.015839
v -0.044040 0.058527 0.002745
v -0.042356 0.065882 0.007673
v 0.023485 0.274348 0.004560
v -0.042734 0.055839 0.013814
v -0.042795 0.084281 0.008648
v -0.044622 0.058169 0.005550
v 0.024196 0.268921 0.008276
v 0.007608 0.026111 -0.034294
v -0.038757 0.059513 0.018746
v -0.041266 0.119804 0.006479
v -0.031428 0.244076 -0.016550
v -0.042327 0.061963 0.011817
v -0.042403 0.080142 0.008459
v -0.034148 0.025371 0.027905
v 0.019129 0.274245 0.003739
v -0.039203 0.007419 -0.014978
v -0.040819 0.005140 -0.011193
v 0.029777 0.263552 0.000526
v -0.041960 0.108446 0.008318
v -0.041615 0.089616 0.008789
v -0.042677 0.090622 0.006531
v 0.025255 0.258534 0.021945
v -0.043339 0.048707 0.011778
v -0.039017 0.006683 0.007908
v -0.043331 0.023943 0.011296
v -0.044622 0.056430 0.007554
v -0.031010 0.003460 -0.015286
v 0.027736 0.264137 0.006191
v 0.027225 0.265585 0.004709
v -0.036263 0.004160 -0.013280
v -0.043267 0.059489 0.007048
v -0.036217 0.009020 -0.019245
v 0.014632 0.275500 0.010502
v -0.016156 0.190086 -0.032995
v -0.030747 0.222681 -0.025778
v -0.042909 0.084825 0.006768
v -0.039623 0.172100 0.002143
v 0.012403 0.272516 0.008507
v -0.026109 0.234286 0.019742
v -0.025255 0.223357 -0.032288
v -0.019609 0.223778 -0.035871
v -0.027196 0.009849 -0.027899
v -0.012422 0.243312 -0.034836
v 0.010641 0.272464 0.007256
v 0.018059 0.267329 0.014698
v -0.025589 0.260111 -0.021899
v -0.035749 0.224320 -0.014113
v -0.033572 0.227307 -0.016251
v -0.023183 0.231892 -0.026926
v -0.024444 0.234176 -0.026049
v -0.033569 0.224324 -0.019815
v -0.033585 0.228151 -0.014957
v -0.036298 0.228013 -0.006280
v -0.029908 0.219234 -0.028144
v -0.031244 0.228263 -0.020091
v -0.028033 0.229725 -0.022770
v -0.004331 0.240397 -0.037590
v -0.033633 0.230127 -0.010108
v -0.034971 0.227740 -0.012341
v -0.010988 0.230328 -0.033966
v -0.013998 0.229472 -0.033158
v -0.030135 0.270261 -0.009340
v 0.016705 0.268218 0.013814
v -0.029835 0.269962 -0.011764
v 0.019728 0.275967 0.008335
v -0.029071 0.226912 -0.024713
v 0.020376 0.276560 0.010396
v -0.032105 0.230988 -0.012672
v -0.036297 0.227306 -0.000971
v -0.032883 0.231945 0.006746
v -0.034496 0.227356 0.007367
v 0.005507 0.270249 0.017956
v -0.037631 0.221304 0.001089
v -0.022679 0.243659 -0.029268
v 0.026431 0.262915 0.014789
v -0.014926 0.224994 -0.036865
v -0.024465 0.219651 -0.033386
v -0.007233 0.092229 0.038080
v -0.012564 0.232461 -0.033903
v -0.008535 0.231278 -0.034976
v -0.011376 0.228415 -0.034681
v -0.018590 0.226400 -0.034312
v -0.005353 0.222873 -0.039272
v -0.037508 0.223788 -0.003118
v -0.035355 0.222957 0.010807
v -0.012347 0.219304 -0.038696
v -0.035601 0.225206 0.003989
v 0.011691 0.275994 0.011503
v 0.012293 0.273774 0.010421
v -0.007903 0.219066 -0.039672
v 0.011493 0.273742 0.013607
v -0.034326 0.229351 0.006196
v -0.035366 0.229160 0.001823
v -0.011374 0.222342 -0.038515
v -0.005268 0.227934 -0.036182
v -0.005031 0.226020 -0.037858
v 0.020986 0.266013 0.013337
v 0.000972 0.229095 -0.036185
v -0.018489 0.259775 -0.027852
v 0.004919 0.224015 -0.038572
v 0.016825 0.236753 -0.035494
v 0.023047 0.227706 -0.023693
v 0.033801 0.231023 0.011360
v 0.016165 0.273287 0.005662
v -0.037073 0.224076 -0.009175
v -0.033431 0.171158 0.020228
v -0.038337 0.139692 0.015329
v 0.007055 0.275672 0.011273
v -0.004439 0.137972 0.038048
v -0.025668 0.090852 0.031837
v -0.007941 0.276147 -0.000224
v -0.040091 0.144798 0.009133
v -0.037635 0.168420 0.013618
v 0.009350 0.274448 0.011095
v 0.009003 0.276387 0.011571
v 0.017992 0.276933 0.010023
v 0.013305 0.276442 0.011761
v -0.041170 0.108072 0.010923
v -0.041606 0.080088 0.011968
v 0.016424 0.264457 0.019502
v -0.041836 0.064584 0.011723
v -0.026122 0.259730 0.016125
v -0.041047 0.062156 0.015025
v 0.011197 0.265895 0.021377
v -0.043067 0.057365 0.009118
v -0.042667 0.059390 0.009816
v -0.042871 0.062316 0.009295
v -0.040242 0.119665 0.010958
v -0.029405 0.233636 -0.018684
v 0.026679 0.256688 0.021700
v -0.041616 0.071588 0.010907
v -0.017350 0.058134 0.036312
v -0.041862 0.114066 0.005949
v -0.043096 0.086515 0.004449
v -0.029356 0.241701 -0.020283
v -0.028195 0.050630 0.031712
v -0.042327 0.090767 0.002457
v -0.043959 0.060342 0.004999
v -0.043097 0.064688 0.004645
v -0.027261 0.264075 -0.017694
v 0.027053 0.258947 0.019787
v -0.040174 0.138178 0.011440
v 0.027690 0.259780 0.017634
v -0.032703 0.245541 -0.010739
v 0.028043 0.260959 0.015953
v 0.022330 0.263803 0.016403
v -0.039596 0.161780 0.002995
v -0.034963 0.174469 0.018062
v 0.006946 0.277039 0.013435
v 0.009596 0.277575 0.012565
v 0.007098 0.277562 0.011701
v 0.028609 0.263373 0.012700
v 0.007361 0.269756 0.016286
v -0.039293 0.166053 0.010802
v 0.030927 0.262468 0.010606
v 0.025143 0.264238 0.012177
v -0.041371 0.122449 0.001827
v -0.042646 0.110081 0.006065
v -0.040594 0.029973 0.018601
v -0.039714 0.153332 0.007997
v -0.041211 0.104529 0.009817
v -0.039685 0.154277 0.003877
v -0.012675 0.090460 0.037208
v -0.032290 0.229497 -0.015295
v -0.043627 0.062638 0.006074
v 0.023680 0.002918 0.009039
v -0.041918 0.023804 -0.000591
v -0.031929 0.230837 0.010757
v -0.043392 0.062361 0.003233
v -0.039009 0.135973 0.013065
v -0.040685 0.136784 0.009034
v 0.006409 0.000633 0.022744
v -0.033903 0.015843 -0.020788
v 0.009666 0.274218 -0.005423
v -0.001497 0.000217 0.005860
v -0.014493 0.000648 -0.013529
v -0.016501 0.220902 -0.037653
v 0.018330 0.051112 -0.026863
v 0.013651 0.261338 0.028000
v 0.028331 0.177576 -0.026171
v 0.021723 0.078622 -0.028057
v -0.039775 0.116105 0.012571
v 0.021343 0.043801 -0.022102
v 0.015061 0.037076 -0.029053
v 0.018014 0.028574 -0.028234
v 0.019697 0.034181 -0.024304
v 0.014942 0.273276 0.013504
v 0.019219 0.087025 -0.031033
v 0.020169 0.066374 -0.026424
v 0.018726 0.068760 -0.028322
v 0.013879 0.066990 -0.030920
v 0.019890 0.045297 -0.023970
v 0.012670 0.068951 -0.031813
v -0.032778 0.238813 0.006726
v 0.014741 0.272956 0.002618
v 0.014021 0.089057 -0.032792
v 0.017265 0.090751 -0.031876
v 0.014486 0.094202 -0.032142
v 0.003957 0.276255 0.013662
v 0.022779 0.074801 -0.025179
v 0.023913 0.078176 -0.025276
v 0.021229 0.084050 -0.029541
v 0.015239 0.078720 -0.031027
v -0.025537 0.258614 -0.022759
v 0.014806 0.080541 -0.031173
v 0.015872 0.099417 -0.032306
v 0.012836 0.099653 -0.033585
v 0.016255 0.059929 -0.029840
v 0.013810 0.062837 -0.031244
v 0.014516 0.041466 -0.029256
v 0.013847 0.064377 -0.030868
v 0.013628 0.046767 -0.030487
v 0.013332 0.034474 -0.030042
v 0.013759 0.026144 -0.030742
v 0.006196 0.274474 0.013736
v 0.018415 0.053999 -0.026900
v 0.017214 0.046309 -0.027308
v -0.032067 0.263351 -0.008963
v -0.023355 0.261143 -0.022787
v 0.009349 0.275436 0.013061
v 0.018047 0.060713 -0.028111
v 0.018953 0.064514 -0.028021
v 0.020373 0.061668 -0.025365
v 0.011592 0.037395 -0.032226
v 0.010518 0.047477 -0.032366
v 0.020236 0.108876 -0.031461
v 0.012053 0.050467 -0.031750
v 0.008906 0.272280 0.013700
v 0.014167 0.061042 -0.030767
v 0.005722 0.272180 0.014548
v 0.012881 0.063189 -0.031776
v 0.011126 0.269342 0.014638
v 0.015599 0.030650 -0.029080
v 0.014283 0.269611 0.013409
v 0.014879 0.056630 -0.030110
v 0.013498 0.055761 -0.030583
v 0.021817 0.092277 -0.029433
v 0.012166 0.043508 -0.032275
v 0.018541 0.032554 -0.025560
v 0.016800 0.034167 -0.027647
v 0.021988 0.075404 -0.026435
v 0.016796 0.071838 -0.029729
v 0.014121 0.074825 -0.031055
v 0.020261 0.161532 -0.033213
v 0.023911 0.166484 -0.031087
v 0.023593 0.110786 -0.028765
v 0.029648 0.152324 -0.022130
v 0.025066 0.182845 -0.030497
v 0.027872 0.205006 -0.024832
v -0.029100 0.271912 -0.008864
v 0.044422 0.230672 -0.009854
v 0.011281 0.267562 0.017978
v -0.030843 0.265873 -0.007643
v 0.025457 0.126503 -0.027586
v 0.017919 0.142199 -0.033916
v 0.023303 0.238857 -0.028856
v 0.004523 0.278882 0.013050
v 0.021432 0.184807 -0.033539
v 0.024659 0.236246 -0.024919
v 0.018278 0.191585 -0.035109
v 0.019632 0.053316 -0.025457
v 0.023512 0.157192 -0.030886
v -0.018850 0.110024 0.035196
v 0.016878 0.164592 -0.033750
v 0.012650 0.117413 -0.035087
v 0.017365 0.137010 -0.034098
v 0.014859 0.276897 0.012115
v 0.019288 0.166883 -0.033203
v -0.030375 0.257494 -0.014176
v 0.014366 0.138991 -0.035336
v 0.019087 0.170835 -0.033865
v 0.014329 0.184622 -0.035018
v 0.020821 0.153969 -0.032827
v 0.013111 0.179531 -0.035587
v 0.014818 0.168341 -0.034705
v 0.008176 0.272833 0.007943
v 0.018944 0.181473 -0.034556
v 0.016419 0.198533 -0.035869
v 0.022506 0.192516 -0.032956
v 0.016627 0.202755 -0.034386
v 0.017477 0.179121 -0.035177
v 0.013524 0.189024 -0.035646
v 0.019754 0.176331 -0.034258
v -0.032167 0.235090 -0.012033
v 0.016089 0.181632 -0.034797
v 0.012941 0.202207 -0.035584
v 0.003899 0.239692 -0.037958
v 0.005466 0.273238 0.009688
v 0.002020 0.277334 0.012996
v -0.022736 0.228119 -0.029569
v -0.022502 0.270387 0.001185
v 0.000267 0.241762 -0.037686
v -0.020875 0.236329 0.025578
v 0.011760 0.224134 -0.036815
v 0.006667 0.233241 -0.036775
v 0.020076 0.202363 -0.033345
v 0.010567 0.217879 -0.038665
v 0.004610 0.277046 0.010872
v 0.012695 0.182171 -0.035264
v 0.002723 0.278653 0.011608
v 0.009100 0.274244 -0.001968
v 0.008707 0.138736 -0.037122
v 0.014261 0.144928 -0.035376
v 0.022375 0.200455 -0.033053
v 0.011423 0.140843 -0.036397
v -0.013364 0.150387 0.036221
v 0.004268 0.220837 -0.039700
v 0.006435 0.274102 -0.002735
v 0.016862 0.172268 -0.034837
v 0.016334 0.159425 -0.034975
v 0.015206 0.122774 -0.034411
v 0.012545 0.113304 -0.035489
v 0.010184 0.161631 -0.036625
v 0.013562 0.163213 -0.035713
v -0.027705 0.270409 -0.006525
v 0.018232 0.149087 -0.033976
v 0.008342 0.157553 -0.037215
v -0.010496 0.007721 -0.033112
v 0.007887 0.160390 -0.036711
v 0.017182 0.037872 -0.026846
v 0.018263 0.041690 -0.025971
v 0.018344 0.101691 -0.031924
v 0.009084 0.271573 0.004093
v 0.010583 0.272039 0.002781
v 0.009674 0.273088 0.001874
v 0.015373 0.178537 -0.035989
v -0.029423 0.257220 0.010599
v 0.015500 0.133838 -0.035428
v 0.012738 0.109778 -0.035260
v 0.011524 0.134667 -0.037110
v 0.013770 0.091571 -0.032855
v -0.025747 0.265742 0.015364
v 0.018138 0.096333 -0.031417
v 0.015671 0.105791 -0.033524
v 0.014952 0.155372 -0.036197
v 0.013463 0.128765 -0.035819
v 0.015839 0.113229 -0.034061
v 0.017881 0.155180 -0.034701
v 0.018197 0.077693 -0.030204
v 0.010944 0.271224 0.005024
v 0.010203 0.065179 -0.033485
v 0.012479 0.066289 -0.032078
v -0.024942 0.237376 0.021630
v 0.012304 0.092169 -0.033407
v -0.030741 0.238494 -0.016599
v 0.019751 0.092554 -0.030873
v 0.010115 0.071696 -0.033219
v 0.007815 0.272741 0.002732
v 0.010376 0.114432 -0.035816
v 0.011672 0.095317 -0.033554
v 0.013535 0.057795 -0.031156
v 0.011363 0.074001 -0.032829
v 0.011959 0.071427 -0.032061
v 0.014102 0.172256 -0.035793
v 0.009840 0.094118 -0.034340
v 0.017826 0.133947 -0.034059
v 0.019794 0.073701 -0.027845
v 0.013723 0.053194 -0.030576
v 0.013679 0.049844 -0.030475
v 0.004437 0.273787 -0.003893
v 0.010295 0.110621 -0.036294
v 0.007137 0.095974 -0.035332
v 0.006956 0.072956 -0.034397
v 0.008187 0.043630 -0.034675
v 0.013883 0.007861 -0.028437
v 0.006976 0.004352 -0.029549
v -0.017532 0.266022 0.023788
v -0.024445 0.266254 0.017118
v 0.008496 0.070097 -0.033929
v -0.023813 0.268624 0.018036
v -0.031412 0.264031 0.002952
v 0.009975 0.044655 -0.033694
v 0.017374 0.056281 -0.028477
v 0.014180 0.070024 -0.030784
v 0.021712 0.072378 -0.025567
v 0.007761 0.222464 -0.038786
v -0.040896 0.146857 0.003285
v -0.025098 0.171656 0.029203
v -0.014024 0.163438 0.035618
v 0.020317 0.136071 -0.032375
v 0.021290 0.169560 -0.032879
v 0.012302 0.157727 -0.037165
v 0.001795 0.273026 0.002999
v 0.021794 0.067228 -0.023689
v -0.044435 0.054641 0.010972
v -0.010952 0.061722 0.038120
v -0.011642 0.057050 0.038251
v -0.006831 0.221994 0.035591
v 0.029052 0.011750 -0.005325
v 0.020680 0.041961 -0.023377
v -0.033383 0.112400 0.024085
v 0.019749 0.049709 -0.024614
v 0.017988 0.030899 -0.026604
v 0.031910 0.235633 0.015775
v 0.020805 0.098777 -0.030354
v 0.020756 0.230903 -0.027990
v 0.029834 0.159139 -0.022908
v 0.026311 0.162142 -0.028261
v 0.009387 0.272475 0.003004
v 0.032150 0.221154 -0.016506
v 0.024469 0.237314 -0.027797
v 0.026876 0.181653 -0.027686
v 0.026516 0.186874 -0.028072
v 0.026844 0.202711 -0.028413
v 0.027067 0.199736 -0.029520
v 0.026379 0.177630 -0.028944
v 0.031359 0.199749 -0.022113
v 0.004788 0.272946 0.002287
v 0.031260 0.207412 -0.018092
v 0.033980 0.227642 0.012505
v 0.035656 0.230329 0.009431
v 0.037193 0.240170 -0.000205
v 0.037712 0.232616 -0.021228
v 0.035764 0.234525 -0.020853
v 0.041690 0.234872 -0.008190
v 0.037871 0.238862 -0.003017
v 0.037519 0.234862 0.003253
v 0.042299 0.232593 0.000455
v 0.042858 0.233219 -0.002214
v 0.039245 0.232953 -0.020122
v 0.039997 0.231508 -0.020968
v 0.026435 0.221117 -0.024121
v -0.004327 0.277921 0.010697
v 0.042654 0.234266 -0.012848
v 0.041501 0.238819 -0.010106
v 0.044452 0.230981 -0.004181
v 0.041464 0.245814 -0.013909
v 0.039817 0.251079 -0.013216
v 0.030251 0.244857 -0.017825
v -0.028122 0.265730 0.006202
v 0.032059 0.231508 -0.022006
v 0.004000 0.271744 0.004841
v 0.040469 0.242694 -0.013674
v 0.034277 0.235977 -0.018181
v 0.039128 0.238330 -0.014721
v 0.011959 0.271477 0.013645
v -0.030442 0.263547 0.008436
v 0.031256 0.237805 -0.020218
v 0.041305 0.232487 -0.019475
v -0.032517 0.231207 0.008888
v 0.001260 0.273573 0.008733
v 0.028341 0.232506 -0.021882
v 0.030745 0.234226 -0.022150
v 0.004556 0.271837 0.006919
v -0.037562 0.196591 0.010468
v 0.032048 0.256038 -0.021632
v 0.006797 0.239590 -0.037949
v 0.030213 0.237043 -0.022159
v 0.028574 0.237980 -0.022746
v 0.040988 0.233037 -0.017910
v 0.040211 0.250934 -0.001835
v 0.027889 0.216689 -0.023256
v 0.024295 0.247541 -0.024791
v -0.039099 0.200675 0.004397
v 0.030708 0.204167 -0.021959
v 0.029488 0.202075 -0.025852
v -0.032284 0.243740 0.008396
v 0.039239 0.233575 -0.018520
v 0.037582 0.234848 -0.016944
v 0.043086 0.233143 -0.014727
v 0.002280 0.271545 0.006592
v 0.024860 0.189176 -0.030662
v 0.023717 0.175617 -0.031545
v 0.026165 0.171128 -0.028754
v 0.030060 0.235771 -0.022449
v 0.030417 0.255018 -0.020272
v -0.018078 0.139335 0.034708
v -0.008832 0.242953 -0.035673
v 0.015884 0.239742 -0.034677
v 0.021072 0.236380 -0.033072
v 0.017233 0.233659 -0.033001
v -0.031085 0.258462 0.004333
v -0.001017 0.274275 0.006716
v 0.019330 0.205669 -0.032856
v 0.024549 0.234532 -0.022662
v -0.033493 0.241665 0.005333
v 0.018459 0.224308 -0.031616
v 0.017315 0.168454 -0.033617
v -0.037401 0.222499 -0.012024
v 0.017480 0.185479 -0.034671
v 0.018119 0.200920 -0.034253
v 0.012612 0.275666 0.013318
v 0.018862 0.119592 -0.032696
v 0.012576 0.175742 -0.037219
v 0.016225 0.175952 -0.035993
v -0.001473 0.273836 0.003260
v -0.017065 0.268456 0.023454
v -0.004452 0.276068 0.007872
v -0.018045 0.273520 0.014803
v 0.023875 0.229228 -0.021995
v 0.024828 0.226941 -0.023102
v 0.020412 0.069597 -0.026271
v 0.010841 0.068869 -0.032782
v 0.005420 0.271234 0.005739
v -0.006202 0.274361 0.010969
v 0.016053 0.053606 -0.029598
v 0.020072 0.038571 -0.023427
v 0.025828 0.195316 -0.030230
v 0.006906 0.268828 0.020646
v 0.016964 0.256707 0.028351
v -0.022240 0.226710 -0.031751
v 0.014310 0.085738 -0.032464
v 0.015854 0.050162 -0.029166
v 0.022281 0.028250 -0.022403
v 0.008992 0.273662 0.000546
v -0.000992 0.275709 0.007524
v -0.000693 0.276136 -0.020699
v 0.001591 0.275031 -0.021530
v 0.013386 0.009471 0.030873
v 0.006859 0.272435 -0.019901
v 0.023546 0.002714 0.011900
v 0.006105 0.275357 -0.023239
v -0.006100 0.273793 -0.010376
v 0.021352 0.055126 -0.022751
v 0.030862 0.228302 0.016541
v 0.023168 0.219713 0.028563
v 0.007083 0.229662 0.032855
v 0.000738 0.229274 0.034381
v 0.026601 0.228435 0.021433
v -0.027891 0.262105 -0.018422
v -0.024288 0.259239 -0.023928
v 0.016273 0.234850 0.029353
v 0.009758 0.272689 0.009565
v 0.000164 0.270742 -0.021215
v -0.020880 0.139015 0.033400
v 0.042887 0.233573 -0.006877
v 0.008901 0.273418 -0.020013
v 0.041477 0.231266 0.002217
v 0.041330 0.229618 0.002271
v 0.015469 0.273705 -0.016147
v 0.000808 0.269013 -0.022599
v -0.011005 0.271915 -0.015050
v 0.023707 0.232107 -0.021888
v 0.025691 0.232971 -0.021893
v 0.000467 0.272799 0.006861
v -0.003461 0.275594 0.011641
v -0.020508 0.230944 -0.029304
v -0.016662 0.153614 0.034947
v 0.004677 0.192174 0.037329
v 0.010518 0.249420 0.031361
v -0.011564 0.273152 -0.012482
v 0.006439 0.239835 0.033088
v 0.005223 0.236741 0.032665
v 0.019227 0.232382 0.027246
v 0.019433 0.229706 0.027779
v 0.023943 0.228564 0.023835
v 0.034665 0.242905 -0.013481
v 0.007513 0.245282 0.032309
v 0.001650 0.274932 0.012964
v -0.029311 0.266482 -0.005596
v 0.012341 0.129901 0.035321
v 0.015628 0.230511 0.029446
v 0.011248 0.243063 0.031350
v 0.019373 0.237826 0.028204
v 0.005093 0.266231 0.026526
v 0.030556 0.248707 0.018464
v 0.031188 0.245024 0.017715
v 0.028809 0.228409 0.019200
v -0.022582 0.130922 0.032664
v 0.018142 0.221466 -0.032936
v -0.017077 0.238149 -0.032679
v 0.026300 0.234192 0.022537
v 0.025135 0.235634 0.023513
v 0.039641 0.231834 0.003334
v 0.037548 0.231843 0.005624
v -0.003140 0.259334 -0.035011
v 0.023696 0.239674 0.025247
v -0.004229 0.254059 -0.036884
v 0.034380 0.239044 0.011689
v 0.028433 0.225818 0.020694
v 0.021795 0.230405 0.025241
v 0.022879 0.241422 0.025628
v 0.021438 0.240132 0.026629
v 0.041142 0.234555 -0.005028
v 0.040697 0.233986 -0.002475
v 0.022774 0.233296 -0.024267
v 0.021990 0.232516 -0.026547
v -0.008792 0.272496 0.014455
v 0.025398 0.242300 0.023908
v 0.006439 0.196235 0.036210
v 0.005776 0.249302 0.032062
v 0.013775 0.263557 0.024685
v 0.010681 0.257280 0.030124
v 0.029485 0.237722 0.019177
v -0.002851 0.232031 -0.036226
v 0.003692 0.271304 0.016553
v -0.001008 0.234467 -0.037322
v 0.013314 0.238982 0.031021
v 0.024851 0.226364 0.024157
v -0.003479 0.272086 0.015968
v 0.026379 0.238320 0.022958
v 0.000170 0.272891 0.005263
v 0.035980 0.249273 0.003607
v 0.003154 0.261360 0.029151
v 0.005786 0.222339 0.035607
v 0.043215 0.245710 -0.011437
v 0.036951 0.228192 0.008347
v 0.039635 0.229629 0.004535
v -0.007155 0.259269 -0.033912
v 0.010814 0.229678 0.031600
v 0.038340 0.225895 0.006366
v 0.030464 0.260988 0.013660
v -0.005821 0.256386 0.030940
v -0.005126 0.258083 0.030000
v 0.021300 0.259787 0.023912
v 0.013386 0.223544 0.032766
v 0.020211 0.255015 0.027195
v 0.005733 0.254350 -0.037899
v -0.000711 0.253603 -0.037335
v 0.025628 0.007710 -0.012725
v 0.018012 0.004776 -0.020851
v 0.023788 0.009293 -0.019044
v 0.022589 0.248903 -0.027764
v 0.023586 0.234521 -0.027472
v 0.001502 0.162478 0.037718
v -0.006108 0.270472 0.024861
v 0.001637 0.270592 0.022413
v 0.002577 0.254055 -0.037614
v 0.003668 0.270766 0.019444
v 0.004469 0.172680 0.036196
v 0.010311 0.253372 -0.036871
v -0.007237 0.276273 0.010319
v -0.025120 0.036742 0.033861
v -0.024463 0.121442 0.031697
v -0.008829 0.271950 0.020158
v -0.004859 0.254291 0.031392
v -0.005270 0.230365 -0.035661
v 0.043559 0.233267 -0.005129
v -0.005146 0.275898 0.010786
v -0.003620 0.132336 0.037937
v 0.010544 0.221856 0.034291
v 0.012020 0.030558 -0.030656
v 0.023214 0.009385 0.020338
v -0.001309 0.084081 0.038874
v -0.008514 0.273358 0.011433
v -0.018688 0.256557 -0.030480
v 0.001550 0.099741 0.038127
v -0.005573 0.272837 0.011624
v -0.018743 0.182608 0.033238
v -0.002323 0.074609 0.038975
v 0.016070 0.011079 0.029286
v 0.016266 0.008136 0.028456
v 0.016410 0.005563 0.025836
v 0.018887 0.013298 0.026908
v -0.002591 0.006867 0.035262
v -0.011379 0.108996 0.037636
v -0.012668 0.082699 0.037578
v 0.008116 0.130814 0.037783
v -0.013349 0.254405 -0.034214
v 0.002537 0.086950 0.038739
v -0.005865 0.241671 -0.036737
v 0.002057 0.079544 0.038845
v -0.000485 0.080901 0.039349
v -0.002485 0.090592 0.038158
v 0.006209 0.179460 -0.037188
v -0.000344 0.069894 0.038056
v 0.002552 0.142121 0.037550
v -0.000370 0.006063 0.035164
v 0.009898 0.178191 -0.036869
v -0.003963 0.067673 0.038551
v -0.001304 0.064360 0.038295
v -0.004022 0.059853 0.039050
v 0.001309 0.137161 0.038295
v 0.005761 0.161791 0.036775
v -0.005944 0.109042 0.038410
v -0.005195 0.115480 0.037961
v -0.015493 0.085027 0.036138
v 0.001763 0.190789 0.037693
v -0.005272 0.005673 0.034971
v -0.014669 0.076440 0.037478
v -0.009191 0.258576 0.028494
v -0.003227 0.263766 0.028390
v 0.020160 0.028999 -0.026162
v -0.025711 0.227703 -0.027899
v -0.005688 0.261543 0.028017
v -0.007669 0.119191 0.037619
v -0.015940 0.265020 0.025030
v 0.001695 0.236870 -0.038115
v 0.001177 0.251245 -0.036885
v -0.013772 0.067654 0.038323
v 0.007987 0.251166 -0.037062
v -0.009946 0.070114 0.038917
v -0.013802 0.058723 0.037398
v -0.001802 0.248440 0.032235
v -0.008303 0.066237 0.038540
v -0.009757 0.269463 0.024669
v 0.000885 0.127415 0.038580
v -0.008039 0.229251 -0.034959
v -0.018068 0.107677 0.035384
v -0.016078 0.109818 0.036271
v 0.017864 0.253742 -0.034924
v -0.018599 0.112914 0.034816
v -0.018049 0.132298 0.034657
v -0.010266 0.137632 0.037220
v -0.008719 0.145429 0.037087
v -0.004259 0.271600 0.022271
v -0.013032 0.071980 0.038413
v 0.003062 0.226287 0.035039
v -0.025324 0.025957 0.034781
v -0.017326 0.079301 0.036012
v -0.014473 0.079631 0.037143
v -0.016023 0.004013 0.032039
v -0.018431 0.002276 0.021606
v 0.004658 0.267782 0.024575
v -0.011686 0.105004 0.037297
v 0.006756 0.266271 0.025873
v 0.008817 0.266149 0.024585
v -0.023522 0.138959 0.031780
v -0.021273 0.046971 0.035952
v -0.024893 0.046357 0.034186
v 0.034803 0.224083 -0.015318
v 0.032399 0.225398 -0.018348
v -0.017553 0.072441 0.037141
v -0.006029 0.232156 -0.035999
v -0.016137 0.062972 0.037319
v -0.015385 0.105016 0.036493
v -0.018957 0.067803 0.036677
v -0.010434 0.078745 0.038110
v -0.022102 0.233593 -0.028283
v -0.007791 0.081794 0.038730
v -0.014535 0.053500 0.038382
v -0.018489 0.086399 0.034877
v -0.021271 0.084789 0.034073
v -0.033677 0.006014 0.019896
v -0.027849 0.236644 -0.021536
v -0.038557 0.105556 0.016281
v -0.025568 0.107048 0.031380
v -0.027365 0.088751 0.030183
v -0.023738 0.104507 0.032548
v -0.007101 0.269264 0.025657
v -0.023040 0.051685 0.034694
v -0.022032 0.057768 0.034793
v -0.018375 0.027551 0.037782
v 0.007169 0.262254 0.028771
v -0.020036 0.004401 0.030216
v 0.007697 0.265570 0.027881
v -0.013955 0.272276 -0.012139
v -0.014286 0.027520 0.038218
v -0.004207 0.268794 0.026441
v -0.012631 0.131665 0.036571
v -0.003887 0.165202 0.037486
v -0.003124 0.244225 -0.036605
v -0.026569 0.100340 0.031289
v 0.012189 0.277197 0.012500
v -0.029143 0.082339 0.029933
v 0.001245 0.255606 -0.037375
v -0.027880 0.104132 0.029924
v 0.018321 0.261590 0.023525
v 0.013521 0.257931 0.029314
v -0.016725 0.093930 0.036318
v -0.020419 0.245473 -0.030989
v -0.016277 0.099496 0.036643
v -0.027325 0.043945 0.032150
v -0.028675 0.040948 0.031690
v 0.016410 0.259297 0.028073
v 0.017567 0.253942 0.029021
v -0.019503 0.235293 -0.030825
v 0.017876 0.259664 0.027071
v 0.007426 0.253911 0.031845
v 0.017410 0.052762 -0.028360
v 0.018744 0.258029 0.027108
v 0.002916 0.227012 -0.037176
v -0.016696 0.232573 -0.031647
v -0.009423 0.086128 0.038074
v -0.015250 0.226618 -0.035544
v 0.010741 0.263893 0.028162
v 0.000022 0.261145 0.029283
v -0.014583 0.227790 -0.034424
v -0.006557 0.070209 0.039039
v 0.005493 0.259487 0.030277
v 0.007898 0.257300 0.030846
v 0.010032 0.259957 0.029405
v -0.030861 0.075772 0.028573
v -0.002041 0.262010 0.028785
v 0.021085 0.231071 -0.024776
v 0.021310 0.228194 -0.025895
v 0.031709 0.223871 0.017854
v 0.011454 0.242137 -0.035171
v -0.020079 0.105143 0.034268
v -0.020400 0.081070 0.034876
v -0.012988 0.057079 0.037667
v -0.030443 0.071424 0.029173
v -0.017260 0.274094 -0.007385
v -0.019419 0.266473 0.022625
v 0.011899 0.254711 0.030810
v -0.014475 0.056329 0.037616
v 0.000557 0.092944 0.038232
v 0.014918 0.251760 0.030037
v -0.000745 0.006062 -0.032263
v 0.000775 0.235126 0.033148
v 0.007957 0.241594 0.032270
v -0.018639 0.101615 0.035402
v 0.004901 0.261176 -0.033361
v 0.015404 0.242038 0.029769
v 0.002924 0.245857 0.032479
v -0.009093 0.125661 0.037839
v 0.007783 0.232740 0.031868
v -0.000547 0.243502 0.032644
v -0.014555 0.114066 0.036295
v 0.015777 0.223993 -0.034373
v -0.013181 0.086261 0.036942
v 0.009458 0.239128 0.032347
v 0.012112 0.232690 0.030640
v -0.026721 0.066136 0.032078
v 0.022155 0.257512 0.025114
v 0.011426 0.235848 0.031383
v 0.037406 0.221653 0.008352
v 0.000740 0.169755 0.037314
v -0.039635 0.103121 0.013995
v 0.005303 0.242479 0.032629
v -0.032583 0.076776 0.027195
v -0.001656 0.192308 0.037526
v 0.001051 0.159055 0.037501
v -0.000303 0.254073 0.032205
v 0.019015 0.249163 -0.032182
v 0.015250 0.255285 0.029687
v -0.004255 0.270388 -0.019221
v 0.004350 0.229181 0.033994
v 0.005323 0.126578 0.038232
v 0.008243 0.122946 0.037138
v 0.000605 0.222949 -0.039275
v 0.004207 0.166396 0.037041
v 0.000646 0.165772 0.037539
v -0.011899 0.174569 0.035944
v 0.019942 0.249634 0.027937
v 0.020518 0.225806 -0.028569
v -0.014462 0.136540 0.036194
v -0.006940 0.247226 0.031311
v -0.001366 0.226798 0.035112
v 0.020940 0.225276 0.028801
v 0.022652 0.223347 0.028645
v 0.014184 0.204192 -0.035029
v 0.023257 0.225043 0.027044
v 0.025773 0.223163 0.025730
v 0.013735 0.235728 -0.036378
v -0.017974 0.158898 0.034044
v -0.020844 0.144319 0.032790
v 0.001576 0.232723 0.032576
v -0.000042 0.144809 0.037429
v 0.005566 0.232109 -0.036574
v 0.002576 0.145981 0.037057
v -0.009454 0.163724 0.036834
v 0.001674 0.245762 -0.037073
v -0.009618 0.168880 0.036467
v -0.004150 0.151791 0.037932
v -0.003286 0.158704 0.037446
v 0.004364 0.236823 -0.038110
v 0.018930 0.230559 -0.030842
v -0.003868 0.239143 0.032922
v 0.003959 0.132074 0.038679
v 0.028897 0.222552 0.022360
v 0.016181 0.232212 -0.033344
v -0.000282 0.132792 0.038434
v -0.020161 0.171190 0.032447
v -0.007444 0.174569 0.036857
v -0.008531 0.179085 0.037141
v -0.022825 0.170692 0.030947
v -0.003986 0.195760 0.036929
v -0.004454 0.200106 0.036656
v -0.000613 0.222622 0.036445
v -0.021682 0.041242 0.035904
v -0.018679 0.201254 0.031985
v -0.018460 0.199292 0.032422
v -0.001094 0.187183 0.037732
v -0.004059 0.224281 0.035837
v -0.012319 0.242743 0.029876
v -0.013234 0.180906 0.035770
v -0.010242 0.251694 0.029917
v 0.018823 0.251622 -0.033440
v 0.002554 0.240763 0.033359
v 0.004464 0.201173 0.036167
v 0.001037 0.196676 0.037115
v -0.018424 0.189038 0.033057
v -0.004644 0.203717 0.036040
v 0.013601 0.264474 -0.026726
v -0.002755 0.225305 0.035662
v -0.011305 0.238624 0.031169
v -0.024872 0.143605 0.030563
v -0.010116 0.256048 0.029812
v -0.012248 0.194534 0.035098
v -0.008925 0.155022 0.037192
v -0.007493 0.160787 0.036983
v -0.000183 0.237988 0.033296
v 0.011025 0.239854 -0.036205
v -0.026709 0.196558 0.026934
v -0.019653 0.167916 0.033066
v -0.006528 0.264624 0.027867
v 0.003978 0.233672 0.032586
v 0.008262 0.248575 -0.036111
v -0.010461 0.245999 0.030396
v -0.010287 0.235576 0.031281
v -0.024875 0.205446 0.027971
v -0.027277 0.204842 0.026516
v -0.002576 0.120504 0.038058
v -0.003881 0.128205 0.038324
v -0.022781 0.265997 0.020666
v -0.012860 0.240455 0.030438
v -0.003214 0.229508 0.033868
v 0.029860 0.248177 -0.018625
v -0.004184 0.231434 0.032543
v -0.021113 0.233300 0.024435
v 0.000181 0.254981 -0.037660
v 0.017266 0.246707 -0.031945
v -0.009951 0.209723 0.034588
v -0.015053 0.257566 0.026997
v -0.030176 0.154352 0.025931
v -0.011834 0.096457 0.037766
v -0.028832 0.129034 0.028460
v 0.038241 0.258728 -0.001073
v -0.017631 0.176055 0.033971
v 0.008109 0.255748 -0.037340
v 0.007751 0.253410 -0.037831
v 0.031619 0.256004 0.016003
v 0.023317 0.253845 -0.030198
v 0.032337 0.257931 0.013876
v 0.029821 0.258450 0.016790
v 0.027155 0.235708 0.021506
v -0.006004 0.192754 0.037022
v -0.007756 0.189539 0.036452
v 0.018630 0.240888 0.028162
v 0.026387 0.239131 -0.024023
v 0.038629 0.234942 0.000721
v 0.016458 0.261137 0.026492
v 0.020288 0.235121 0.027286
v -0.001617 0.130164 0.038263
v -0.013903 0.156989 0.035703
v -0.011316 0.160222 0.036201
v -0.000405 0.268233 -0.023627
v 0.015854 0.118361 -0.033968
v -0.002743 0.268409 -0.024481
v 0.011953 0.257977 -0.035085
v 0.023526 0.258867 0.023172
v 0.022809 0.261078 0.020976
v -0.001110 0.141277 0.037622
v -0.009083 0.275717 -0.007805
v -0.010952 0.276195 -0.007251
v 0.019305 0.259588 0.025745
v -0.003258 0.144929 0.037394
v -0.016159 0.186754 0.034144
v 0.028715 0.234385 0.019926
v 0.016696 0.264130 -0.025997
v 0.022715 0.236929 0.025590
v 0.025809 0.261234 0.017728
v 0.036058 0.239116 0.001864
v 0.021565 0.243786 0.026943
v 0.013228 0.274239 -0.005028
v 0.028566 0.267490 0.002119
v 0.028941 0.231284 0.018670
v 0.014195 0.226615 0.031272
v 0.039437 0.244992 -0.002788
v 0.037736 0.245400 -0.000599
v 0.018404 0.262806 -0.027350
v 0.014429 0.236952 0.030677
v 0.004413 0.231484 0.032806
v 0.032344 0.229570 0.013532
v -0.007856 0.261851 -0.032207
v 0.031895 0.231697 0.014233
v 0.035358 0.232189 -0.021707
v 0.024744 0.256984 0.023333
v 0.034262 0.230519 -0.019754
v -0.005105 0.187163 0.037008
v 0.015038 0.246602 0.029956
v 0.024927 0.247356 0.024576
v 0.011999 0.274414 -0.023701
v 0.028507 0.245663 0.021255
v 0.004392 0.264487 0.028135
v 0.002512 0.269514 -0.022656
v 0.007806 0.274210 -0.023026
v 0.000322 0.263914 0.028845
v 0.000074 0.258322 0.030812
v -0.002357 0.268982 -0.021737
v 0.027831 0.249502 0.021837
v 0.018073 0.244679 0.028878
v -0.006137 0.257244 -0.035633
v 0.029238 0.255477 0.019603
v 0.001648 0.270725 -0.021652
v 0.006918 0.268450 -0.024026
v -0.013058 0.265959 0.025931
v 0.004391 0.268527 -0.023454
v 0.032266 0.261563 0.008679
v -0.007854 0.256179 0.030554
v 0.028446 0.262256 0.014304
v -0.014106 0.262786 0.025821
v -0.009746 0.185969 0.036217
v -0.028370 0.238795 0.017255
v -0.000663 0.231315 0.032859
v -0.002464 0.260426 0.029602
v 0.002905 0.251864 0.032373
v 0.008455 0.226097 0.033655
v 0.003151 0.273323 0.014045
v -0.000056 0.273005 0.013006
v 0.026428 0.252190 -0.022740
v -0.027148 0.272817 -0.009393
v -0.020998 0.270897 0.011654
v 0.002198 0.230924 0.033366
v -0.001517 0.278265 0.010429
v -0.025371 0.272707 -0.007309
v -0.029615 0.265030 0.002452
v -0.003386 0.274498 -0.002980
v 0.033526 0.255246 0.013445
v 0.002015 0.277286 0.010602
v -0.020677 0.273159 0.016212
v -0.007939 0.277352 -0.013360
v 0.022432 0.275248 0.009759
v 0.022847 0.272378 0.010528
v 0.013251 0.272210 0.005830
v 0.016879 0.274678 0.008007
v 0.014756 0.273218 0.008443
v 0.005707 0.271903 0.004249
v 0.015062 0.267542 0.015916
v -0.003625 0.275663 0.002915
v 0.002429 0.275275 0.010422
v 0.012534 0.271940 0.002614
v 0.015783 0.273706 -0.000221
v -0.003278 0.277830 0.011428
v -0.004397 0.274507 -0.004951
v -0.007093 0.276622 -0.003938
v 0.016443 0.274048 -0.002365
v -0.029415 0.271840 -0.010472
v 0.041194 0.269746 -0.004709
v -0.000876 0.272952 -0.006170
v 0.015525 0.274227 -0.009782
v -0.007407 0.238889 0.032450
v -0.009520 0.242228 0.031325
v -0.009272 0.276776 -0.013686
v -0.007569 0.277967 -0.015511
v 0.017881 0.269909 0.012648
v -0.002922 0.277701 -0.019431
v 0.018773 0.267727 0.013241
v -0.004239 0.275853 -0.003241
v -0.004447 0.276935 0.011377
v 0.015743 0.274427 -0.004454
v 0.011942 0.273893 -0.002617
v -0.008616 0.276355 -0.010961
v 0.014406 0.273796 -0.002641
v -0.004127 0.273490 0.011869
v 0.021622 0.271543 -0.001238
v 0.007217 0.271218 0.005075
v -0.006228 0.276093 -0.014505
v 0.006557 0.272261 0.007048
v 0.023484 0.272851 0.001240
v 0.024369 0.273893 0.009577
v -0.002114 0.273346 -0.017004
v 0.025648 0.274604 0.005713
v -0.011975 0.272147 -0.013385
v -0.010565 0.272935 -0.013849
v 0.019978 0.275286 0.011490
v 0.009485 0.256111 0.031167
v 0.027399 0.271059 0.004580
v 0.027566 0.272574 0.002891
v 0.033513 0.257147 0.011979
v 0.020708 0.267992 0.011734
v 0.020758 0.270414 0.011711
v -0.003246 0.273310 -0.005570
v 0.018970 0.272742 0.012277
v 0.014636 0.274352 -0.006943
v 0.027411 0.273168 0.004261
v 0.026000 0.272382 0.007373
v 0.029101 0.263614 0.003398
v 0.037459 0.254022 0.002444
v 0.001948 0.273006 -0.018760
v -0.007613 0.276151 -0.012839
v 0.032558 0.263603 -0.002745
v 0.040594 0.270291 -0.003123
v 0.028240 0.265299 0.003171
v 0.023408 0.266263 0.009826
v 0.038831 0.268646 -0.007029
v 0.029928 0.268461 -0.002159
v 0.024121 0.270648 -0.001253
v 0.040024 0.269147 -0.004816
v -0.003203 0.173117 0.037414
v 0.029897 0.265236 -0.001399
v 0.040332 0.271100 -0.012934
v 0.039010 0.270089 -0.010533
v 0.026411 0.269365 -0.005756
v 0.035535 0.268734 -0.016934
v 0.036662 0.268853 -0.015049
v 0.013468 0.273937 -0.009444
v 0.022999 0.275011 0.007327
v 0.020787 0.276135 0.008874
v 0.037019 0.257478 0.001650
v 0.042896 0.265211 -0.003446
v 0.043048 0.267514 -0.003909
v 0.019827 0.271252 -0.004642
v 0.034400 0.234855 0.011352
v 0.041332 0.268049 -0.002843
v 0.043028 0.265660 -0.005128
v 0.037546 0.265084 -0.004137
v 0.028273 0.271387 0.002542
v 0.043001 0.267724 -0.006284
v 0.042785 0.269478 -0.006178
v 0.018485 0.223124 0.030869
v 0.028744 0.270696 -0.010673
v 0.010936 0.274705 -0.020276
v 0.033359 0.235224 -0.020546
v 0.028654 0.263712 0.007533
v 0.004126 0.219427 0.036276
v 0.040322 0.266487 -0.013338
v 0.019732 0.274768 0.005308
v 0.041664 0.265215 -0.009909
v 0.041207 0.264262 -0.012935
v 0.039683 0.264015 -0.014145
v 0.009931 0.273348 -0.023036
v 0.010634 0.275031 -0.021753
v 0.039024 0.233423 0.002363
v 0.009250 0.274869 -0.021551
v 0.040656 0.232720 0.001826
v 0.034017 0.268099 -0.019877
v 0.033682 0.265245 -0.020628
v 0.035463 0.223742 0.012016
v 0.004986 0.271930 -0.012264
v 0.031005 0.268922 -0.016016
v 0.043221 0.259033 -0.004619
v 0.043022 0.262751 -0.003897
v 0.014975 0.274406 -0.013357
v 0.042624 0.261320 -0.005679
v 0.017698 0.274221 -0.003133
v 0.035653 0.265005 -0.021431
v 0.011922 0.265191 -0.026134
v 0.013920 0.264907 -0.024503
v 0.031903 0.266966 -0.020037
v 0.043714 0.256808 -0.008893
v 0.041782 0.263306 -0.008524
v 0.042350 0.263427 -0.006082
v 0.041345 0.252409 -0.010026
v 0.041349 0.265472 -0.011566
v -0.006445 0.274747 -0.008234
v 0.043748 0.258314 -0.007433
v 0.031369 0.261870 0.001604
v 0.012031 0.273973 -0.007737
v 0.042736 0.257496 -0.002877
v 0.039976 0.270328 -0.008167
v 0.037132 0.259277 -0.001852
v 0.007145 0.274583 -0.021124
v -0.009039 0.182268 0.036968
v 0.029087 0.263953 -0.018804
v 0.036954 0.269275 -0.018768
v 0.041000 0.231290 -0.019724
v -0.007399 0.132185 0.037543
v 0.040544 0.235907 -0.006433
v 0.039047 0.236699 -0.005274
v 0.029825 0.216868 0.021349
v 0.028545 0.270205 -0.016250
v 0.033785 0.247804 -0.015764
v 0.035870 0.248234 -0.015203
v 0.035249 0.241693 0.001627
v 0.000559 0.149514 0.037797
v 0.035193 0.239846 0.003888
v 0.040177 0.246319 -0.014596
v 0.040504 0.247745 -0.013812
v 0.035182 0.246325 -0.014046
v 0.032919 0.245161 -0.013988
v 0.038463 0.252812 0.000055
v -0.003944 0.189929 0.037387
v 0.035413 0.242739 0.007845
v 0.042847 0.253966 -0.006279
v 0.042295 0.251479 -0.004808
v 0.031652 0.247254 -0.016433
v 0.021184 0.247259 -0.029220
v 0.011207 0.272993 -0.011043
v -0.010311 0.192705 0.036189
v 0.021545 0.249133 -0.029677
v 0.030291 0.250712 -0.018029
v 0.039042 0.239212 -0.005765
v 0.033239 0.239816 -0.015969
v 0.031700 0.251473 -0.017826
v 0.036326 0.237247 0.004264
v 0.036411 0.250438 -0.017425
v 0.033781 0.250659 -0.018080
v 0.032695 0.252648 -0.019056
v 0.035976 0.256218 -0.021973
v 0.019468 0.242991 -0.030151
v 0.034996 0.252090 -0.019148
v 0.036505 0.257685 -0.021880
vn 0.1860 0.0412 -0.9817
vn 0.1846 0.2542 -0.9494
vn 0.3730 -0.0658 -0.9255
vn 0.1504 0.2768 -0.9491
vn 0.1194 0.1273 -0.9847
vn 0.1661 -0.0562 -0.9845
vn 0.1887 -0.0466 -0.9809
vn 0.1476 0.1802 -0.9725
vn 0.2405 0.1051 -0.9650
vn 0.2342 0.0612 -0.9703
vn 0.0771 0.0634 -0.9950
vn 0.2003 -0.0493 -0.9785
vn 0.4771 -0.0281 -0.8784
vn 0.4682 0.0005 -0.8836
vn 0.4390 0.0059 -0.8985
vn 0.5702 0.0233 -0.8212
vn 0.5251 0.0355 -0.8503
vn 0.4719 -0.0645 -0.8793
vn 0.6918 -0.0268 -0.7216
vn 0.7426 -0.1047 -0.6615
vn 0.7351 -0.0854 -0.6726
vn 0.4754 0.0477 -0.8785
vn 0.5136 -0.0362 -0.8573
vn 0.4796 -0.0460 -0.8763
vn 0.4889 0.0199 -0.8721
vn 0.4673 -0.0563 -0.8823
vn 0.8318 -0.1056 -0.5450
vn 0.8056 -0.0615 -0.5893
vn 0.8757 -0.0683 -0.4781
vn 0.4885 -0.0789 -0.8690
vn 0.3769 0.0129 -0.9262
vn 0.4096 -0.0173 -0.9121
vn 0.2772 0.0156 -0.9607
vn 0.3467 -0.0264 -0.9376
vn 0.5459 -0.0773 -0.8343
vn 0.7174 -0.0370 -0.6957
vn 0.6419 -0.1956 -0.7415
vn 0.4769 -0.0741 -0.8758
vn 0.0957 -0.0421 -0.9945
vn 0.5541 0.0029 -0.8324
vn 0.5291 -0.0488 -0.8472
vn 0.5008 -0.0298 -0.8650
vn -0.6086 -0.0342 -0.7928
vn -0.5290 -0.0206 -0.8484
vn -0.6351 -0.0078 -0.7724
vn -0.5653 -0.0798 -0.8210
vn -0.4428 -0.0618 -0.8945
vn -0.5273 -0.0747 -0.8464
vn -0.4408 -0.0850 -0.8936
vn -0.5311 0.0159 -0.8471
vn -0.5481 0.0672 -0.8337
vn -0.4434 0.0302 -0.8958
vn -0.6322 -0.0927 -0.7692
vn -0.6313 -0.0422 -0.7743
vn -0.4011 -0.0658 -0.9137
vn -0.7090 -0.0204 -0.7049
vn -0.7390 -0.0604 -0.6710
vn -0.5223 -0.0452 -0.8515
vn -0.6020 -0.0231 -0.7982
vn -0.4857 -0.0236 -0.8738
vn -0.6130 -0.0088 -0.7900
vn -0.6918 0.0192 -0.7219
vn -0.6546 0.0838 -0.7513
vn -0.6095 0.0388 -0.7918
vn -0.6669 -0.0613 -0.7427
vn -0.5023 0.0816 -0.8608
vn -0.3852 0.0800 -0.9194
vn -0.7539 0.0654 -0.6537
vn -0.5273 0.0793 -0.8459
vn -0.3104 -0.0466 -0.9495
vn -0.3526 -0.0838 -0.9320
vn -0.3362 -0.0666 -0.9394
vn -0.2266 -0.0884 -0.9700
vn -0.2699 -0.0879 -0.9589
vn 0.1281 0.0010 -0.9918
vn -0.0138 -0.0260 -0.9996
vn 0.7076 0.0246 -0.7062
vn -0.2706 -0.0236 -0.9624
vn -0.1875 -0.0667 -0.9800
vn -0.2829 -0.0667 -0.9568
vn -0.1993 -0.0581 -0.9782
vn -0.2423 -0.0658 -0.9680
vn -0.1791 -0.0214 -0.9836
vn 0.2876 0.0046 -0.9577
vn -0.0048 0.0094 -0.9999
vn 0.0736 -0.0506 -0.9960
vn -0.0745 -0.0334 -0.9967
vn -0.1471 -0.0027 -0.9891
vn -0.1486 -0.0524 -0.9875
vn -0.0955 -0.0669 -0.9932
vn -0.0769 -0.0763 -0.9941
vn 0.0731 -0.0512 -0.9960
vn -0.1778 -0.0672 -0.9818
vn -0.1002 -0.0627 -0.9930
vn 0.2837 -0.0726 -0.9562
vn 0.0936 -0.0746 -0.9928
vn 0.2671 -0.0332 -0.9631
vn 0.4617 -0.0552 -0.8853
vn 0.4523 -0.0404 -0.8909
vn -0.1931 0.0275 -0.9808
vn -0.2713 -0.0093 -0.9625
vn -0.3704 -0.0086 -0.9288
vn 0.5480 -0.0875 -0.8319
vn 0.5986 -0.0905 -0.7959
vn 0.5713 -0.0560 -0.8188
vn -0.1644 -0.0908 -0.9822
vn -0.4173 0.0035 -0.9088
vn 0.0728 -0.0724 -0.9947
vn 0.1997 -0.0927 -0.9755
vn 0.0661 -0.0420 -0.9969
vn -0.3164 0.0258 -0.9483
vn 0.9263 0.0178 0.3765
vn 0.9574 0.0898 0.2745
vn 0.9006 0.0491 0.4319
vn -0.0570 -0.0745 -0.9956
vn 0.7986 0.0605 0.5989
vn 0.8194 0.0896 0.5662
vn 0.8818 0.0738 0.4658
vn 0.8621 -0.1231 0.4916
vn 0.8026 -0.1071 0.5869
vn 0.8598 -0.0400 0.5091
vn 0.2634 -0.0566 -0.9630
vn 0.8642 0.0118 0.5030
vn 0.8969 -0.0012 0.4422
vn 0.0665 -0.0436 -0.9968
vn 0.2042 -0.0178 -0.9788
vn 0.8996 -0.1131 0.4218
vn 0.9209 -0.0188 0.3894
vn 0.8833 0.0994 0.4581
vn 0.9316 0.0978 0.3501
vn 0.3361 -0.1787 -0.9247
vn 0.3023 -0.1627 -0.9392
vn 0.3572 -0.1190 -0.9264
vn 0.3072 -0.0319 -0.9511
vn 0.3112 -0.1305 -0.9413
vn 0.3930 -0.1035 -0.9137
vn 0.3846 -0.1001 -0.9176
vn 0.4399 -0.0836 -0.8941
vn 0.2723 -0.0753 -0.9593
vn 0.3098 -0.1572 -0.9377
vn 0.3547 -0.0003 -0.9350
vn 0.4860 0.0569 -0.8721
vn 0.3253 0.0070 -0.9456
vn 0.2958 0.0199 -0.9551
vn 0.5229 -0.0484 -0.8510
vn 0.6218 -0.0384 -0.7822
vn 0.4676 -0.0084 -0.8839
vn 0.3204 0.0017 -0.9473
vn 0.2075 -0.0923 -0.9739
vn 0.3882 -0.1121 -0.9147
vn 0.4509 -0.0597 -0.8906
vn 0.4162 0.0711 -0.9065
vn 0.3897 0.0339 -0.9203
vn 0.6510 -0.2168 -0.7275
vn 0.4182 -0.1630 -0.8936
vn 0.3156 -0.0722 -0.9461
vn 0.3631 -0.1300 -0.9226
vn 0.4303 -0.0937 -0.8978
vn 0.5706 -0.1029 -0.8148
vn 0.8806 -0.1788 0.4389
vn 0.3398 -0.0942 -0.9358
vn 0.3102 -0.1461 -0.9394
vn 0.8270 -0.1572 0.5397
vn 0.8344 -0.1873 0.5184
vn 0.9298 -0.0388 0.3660
vn 0.9256 -0.0087 0.3783
vn 0.9136 -0.0168 0.4062
vn 0.3658 -0.1100 -0.9242
vn 0.7449 -0.1379 0.6528
vn 0.9511 0.0065 0.3090
vn 0.4095 -0.0426 -0.9113
vn 0.8708 -0.0207 0.4913
vn 0.7809 -0.0404 0.6233
vn 0.8356 0.0451 0.5475
vn 0.8355 0.0026 0.5495
vn 0.5457 -0.0489 -0.8366
vn 0.9322 0.1295 0.3379
vn 0.8968 -0.0241 0.4419
vn 0.8935 -0.0370 0.4476
vn 0.8515 -0.0381 0.5230
vn 0.8450 -0.0458 0.5328
vn 0.8811 -0.0530 0.4700
vn 0.8714 -0.1138 0.4773
vn 0.8994 -0.0891 0.4279
vn 0.8993 -0.1378 0.4151
vn 0.9283 -0.1421 0.3437
vn 0.9169 -0.0661 0.3937
vn 0.8514 0.0587 -0.5212
vn 0.8806 0.0378 -0.4724
vn 0.7752 0.0011 -0.6318
vn 0.8346 -0.0454 -0.5490
vn 0.7740 -0.0398 -0.6319
vn 0.9898 0.0116 -0.1423
vn 0.9398 -0.0637 -0.3357
vn 0.9783 -0.0328 -0.2044
vn 0.4429 -0.0631 -0.8943
vn 0.6461 -0.0316 -0.7626
vn 0.4335 0.0356 -0.9004
vn 0.7484 0.0085 -0.6632
vn 0.9192 0.0518 -0.3905
vn 0.8614 0.0003 -0.5080
vn 0.9066 -0.0490 -0.4190
vn 0.9595 -0.0011 -0.2818
vn 0.9397 0.0168 -0.3417
vn 0.8679 -0.0354 -0.4954
vn 0.6393 -0.0184 -0.7687
vn 0.6407 -0.0345 -0.7670
vn 0.7719 -0.0145 -0.6356
vn 0.8621 0.0314 -0.5058
vn 0.9879 0.0021 -0.1549
vn 0.9767 0.0452 -0.2098
vn 0.8441 -0.0372 -0.5349
vn 0.7183 -0.0337 -0.6949
vn 0.9029 -0.0402 -0.4280
vn 0.7902 -0.0332 -0.6120
vn 0.7507 -0.0347 -0.6597
vn 0.9220 0.0072 -0.3871
vn 0.9991 -0.0013 -0.0416
vn 0.6101 -0.0398 -0.7913
vn 0.9536 -0.0148 -0.3008
vn 0.9826 0.0496 0.1792
vn 0.9971 -0.0085 0.0754
vn 0.9714 -0.0474 0.2327
vn 0.9918 -0.0945 0.0856
vn 0.9524 -0.0868 0.2922
vn 0.9788 -0.1845 0.0891
vn 0.9712 -0.1757 0.1609
vn 0.9822 -0.1336 0.1324
vn 0.9434 -0.1088 0.3132
vn 0.9632 -0.1452 0.2262
vn 0.9758 -0.1059 0.1911
vn 0.9790 -0.1975 0.0495
vn 0.9806 -0.1947 -0.0227
vn 0.9520 -0.1635 0.2589
vn 0.9774 -0.1103 0.1805
vn 0.9909 -0.1063 0.0824
vn 0.9935 -0.1094 -0.0322
vn 0.9969 -0.0667 -0.0409
vn 0.9922 -0.1167 0.0439
vn 0.9794 -0.1495 0.1357
vn 0.9626 -0.1219 0.2419
vn 0.8865 -0.0022 -0.4628
vn 0.9926 -0.1145 0.0405
vn 0.9403 -0.0655 -0.3340
vn 0.8355 -0.0630 -0.5458
vn 0.8517 -0.0210 -0.5237
vn 0.9935 -0.0305 -0.1101
vn 0.9627 -0.0775 -0.2594
vn 0.9770 0.0060 -0.2133
vn 0.9366 0.0051 -0.3502
vn 0.9746 0.0438 -0.2197
vn 0.9413 -0.0007 -0.3376
vn 0.9397 0.0043 -0.3418
vn 0.9619 0.0123 -0.2731
vn 0.9599 -0.0145 -0.2801
vn 0.9191 -0.0416 -0.3918
vn 0.9287 -0.0843 -0.3610
vn 0.9867 -0.0349 -0.1586
vn 0.9844 -0.0496 -0.1691
vn 0.9851 -0.0983 -0.1408
vn 0.9947 -0.0901 -0.0501
vn 0.9788 -0.1005 -0.1786
vn 0.9673 -0.0858 -0.2388
vn 0.9824 -0.1138 -0.1481
vn 0.9836 -0.1769 -0.0357
vn 0.9777 -0.1778 -0.1121
vn 0.9946 -0.0907 -0.0507
vn 0.9351 -0.0850 -0.3440
vn 0.8898 -0.0615 -0.4522
vn 0.8920 -0.0030 -0.4520
vn 0.7812 -0.0305 -0.6235
vn 0.8652 -0.0702 -0.4965
vn 0.9672 -0.2241 -0.1193
vn 0.9608 -0.1652 -0.2225
vn 0.9261 -0.2229 -0.3044
vn 0.9235 -0.1418 -0.3565
vn 0.8753 -0.1125 -0.4703
vn 0.9699 -0.1640 -0.1802
vn 0.8130 -0.0300 -0.5815
vn 0.9771 0.1303 0.1684
vn 0.9813 0.1260 0.1457
vn 0.9971 0.0452 0.0613
vn 0.9838 0.1214 0.1316
vn 0.9918 0.1043 0.0745
vn 0.9636 0.1558 0.2172
vn 0.9643 0.1297 0.2310
vn 0.9791 0.0060 0.2033
vn 0.9983 0.0578 -0.0112
vn 0.9945 0.0826 -0.0640
vn 0.9897 0.0530 -0.1331
vn 0.9885 0.0971 0.1163
vn 0.9607 0.1049 0.2571
vn 0.9919 -0.0435 0.1194
vn 0.9999 -0.0146 0.0030
vn 0.9979 -0.0082 -0.0648
vn 0.9986 -0.0433 -0.0307
vn 0.9978 -0.0437 0.0489
vn 0.9920 -0.0716 0.1041
vn 0.9916 -0.1149 0.0595
vn 0.9154 -0.0621 -0.3976
vn 0.9616 -0.0090 -0.2743
vn 0.9859 -0.0744 0.1497
vn 0.9798 0.0337 -0.1971
vn 0.9797 -0.0146 -0.2002
vn 0.9650 -0.1376 -0.2233
vn 0.9909 -0.0231 -0.1328
vn -0.6847 0.0318 -0.7282
vn -0.6791 -0.0251 -0.7337
vn -0.5802 0.0581 -0.8124
vn -0.7009 -0.0552 -0.7112
vn -0.5975 -0.0324 -0.8012
vn -0.7586 -0.0214 -0.6512
vn -0.5732 -0.0563 -0.8175
vn -0.4855 -0.0345 -0.8735
vn -0.4955 -0.0680 -0.8659
vn -0.7373 0.0807 -0.6707
vn -0.5461 -0.0185 -0.8375
vn -0.4875 0.0346 -0.8725
vn -0.4142 -0.0186 -0.9100
vn 0.7738 -0.1139 -0.6231
vn 0.8320 -0.2225 -0.5082
vn 0.7003 -0.0367 -0.7129
vn 0.8664 -0.2416 -0.4371
vn 0.7865 -0.1198 -0.6059
vn 0.7896 -0.2712 -0.5505
vn 0.8069 0.0007 -0.5907
vn 0.7050 -0.0284 -0.7086
vn 0.6531 -0.0216 -0.7569
vn 0.7124 -0.2678 -0.6487
vn 0.8820 -0.1113 -0.4579
vn 0.7636 -0.2144 -0.6091
vn 0.7540 -0.0566 -0.6544
vn 0.8343 -0.0451 -0.5494
vn -0.1865 -0.0676 -0.9801
vn -0.0424 -0.0328 -0.9986
vn -0.1561 -0.0394 -0.9870
vn -0.3905 -0.0569 -0.9188
vn -0.3041 -0.0554 -0.9510
vn -0.2333 -0.0260 -0.9720
vn -0.2839 0.0388 -0.9581
vn -0.1493 0.0644 -0.9867
vn 0.0041 -0.0267 -0.9996
vn 0.0232 0.0485 -0.9986
vn -0.0677 0.0413 -0.9968
vn -0.0459 0.0463 -0.9979
vn -0.3633 0.0148 -0.9316
vn 0.0683 -0.0039 -0.9977
vn -0.3618 -0.0187 -0.9321
vn -0.0935 -0.0221 -0.9954
vn -0.1155 -0.0058 -0.9933
vn -0.2943 -0.0127 -0.9556
vn -0.2264 0.0343 -0.9734
vn -0.3426 0.0011 -0.9395
vn -0.0590 -0.0280 -0.9979
vn -0.1585 0.0024 -0.9874
vn 0.1448 -0.0302 -0.9890
vn 0.1573 -0.0574 -0.9859
vn 0.3784 -0.0660 -0.9233
vn 0.2960 -0.0747 -0.9523
vn 0.3627 -0.0973 -0.9268
vn 0.1339 0.0528 -0.9896
vn 0.3005 0.0365 -0.9531
vn 0.2636 0.0200 -0.9644
vn -0.0325 0.0194 -0.9993
vn 0.5047 -0.0610 -0.8611
vn 0.4423 0.0010 -0.8969
vn 0.5380 -0.0058 -0.8429
vn 0.7524 -0.0564 -0.6563
vn 0.3749 -0.1037 -0.9213
vn 0.2601 -0.0832 -0.9620
vn 0.6879 -0.0315 -0.7251
vn 0.6303 -0.0360 -0.7755
vn 0.5695 -0.0213 -0.8217
vn 0.4708 -0.0129 -0.8821
vn 0.5564 -0.0316 -0.8303
vn 0.4525 -0.0601 -0.8898
vn -0.0566 0.0293 -0.9980
vn -0.0016 -0.0077 -1.0000
vn 0.0559 -0.0314 -0.9979
vn 0.0406 0.1191 -0.9921
vn 0.2221 0.0923 -0.9706
vn 0.4057 -0.0095 -0.9139
vn 0.4910 -0.0265 -0.8707
vn 0.1063 -0.0087 -0.9943
vn 0.1355 0.0712 -0.9882
vn 0.0941 0.0318 -0.9951
vn 0.4690 0.0398 -0.8823
vn 0.3646 -0.0109 -0.9311
vn 0.4247 -0.0216 -0.9051
vn 0.2681 -0.1318 -0.9543
vn 0.3485 0.0762 -0.9342
vn 0.3950 -0.0777 -0.9154
vn 0.0360 0.0525 -0.9980
vn 0.3622 0.1058 -0.9261
vn 0.3216 -0.0078 -0.9468
vn 0.3766 -0.1010 -0.9209
vn 0.2193 -0.0445 -0.9746
vn 0.3201 0.0470 -0.9462
vn 0.4388 -0.0168 -0.8984
vn 0.2229 -0.0819 -0.9714
vn 0.2534 0.0818 -0.9639
vn 0.2274 -0.0456 -0.9727
vn 0.3424 -0.0294 -0.9391
vn 0.0294 -0.0213 -0.9993
vn 0.3883 0.0536 -0.9200
vn 0.4051 0.1267 -0.9054
vn 0.3419 -0.2113 -0.9157
vn 0.9572 -0.0639 -0.2824
vn 0.9158 -0.0498 -0.3986
vn 0.9940 -0.0904 -0.0617
vn 0.9359 -0.0659 -0.3459
vn 0.9329 -0.1740 -0.3152
vn 0.9885 -0.0567 -0.1402
vn 0.9633 -0.0619 -0.2612
vn 0.1878 -0.1123 -0.9758
vn 0.1210 0.0408 -0.9918
vn 0.3405 -0.1981 -0.9191
vn 0.1751 -0.0207 -0.9843
vn 0.4713 -0.0504 -0.8805
vn 0.3164 0.1272 -0.9401
vn 0.2624 0.0496 -0.9637
vn 0.4908 -0.0098 -0.8712
vn 0.0860 -0.0619 -0.9944
vn 0.2902 -0.1597 -0.9435
vn 0.9512 -0.0285 0.3073
vn 0.9182 -0.2020 0.3406
vn 0.9288 -0.1497 0.3390
vn 0.9294 -0.0986 0.3556
vn 0.9615 -0.1790 0.2087
vn 0.9672 -0.1203 0.2236
vn 0.9512 -0.1095 0.2885
vn 0.9734 -0.0913 0.2100
vn 0.9600 -0.0870 0.2660
vn -0.4104 -0.9004 0.1445
vn -0.1693 -0.9845 0.0455
vn -0.5677 -0.7912 0.2275
vn -0.5900 -0.7850 0.1890
vn -0.6216 -0.7801 0.0716
vn -0.3242 -0.9421 0.0855
vn -0.6412 -0.7674 -0.0050
vn -0.1782 -0.9829 -0.0459
vn -0.1771 -0.9765 -0.1230
vn -0.1565 -0.9814 -0.1108
vn 0.2194 -0.9748 0.0397
vn -0.0106 -0.9999 0.0077
vn 0.2318 -0.9684 -0.0918
vn -0.1365 -0.9901 0.0327
vn 0.0699 -0.9838 0.1649
vn -0.0408 -0.9823 0.1831
vn -0.1209 -0.9922 -0.0312
vn -0.3124 -0.9173 -0.2470
vn 0.0988 -0.9935 0.0567
vn -0.2623 -0.9449 0.1961
vn -0.1712 -0.9796 0.1049
vn -0.0909 -0.9934 0.0694
vn -0.0863 -0.9681 -0.2351
vn 0.0068 -0.9994 -0.0352
vn 0.2066 -0.9672 -0.1477
vn 0.1866 -0.9813 -0.0461
vn 0.1040 -0.9905 -0.0902
vn 0.1087 -0.9667 -0.2319
vn 0.1247 -0.9921 0.0103
vn 0.2249 -0.9735 -0.0411
vn -0.9069 -0.4005 0.1313
vn -0.9314 -0.3340 0.1447
vn -0.9526 -0.2918 0.0859
vn -0.9980 -0.0614 -0.0171
vn -0.9438 -0.3172 -0.0926
vn -0.9989 -0.0465 0.0062
vn -0.9970 -0.0009 -0.0777
vn -0.9766 -0.1094 0.1850
vn -0.9673 0.0997 -0.2331
vn -0.9871 0.0552 -0.1500
vn -0.7250 0.0278 0.6882
vn -0.8245 -0.0067 0.5659
vn -0.8046 -0.0654 0.5902
vn -0.9210 -0.1833 0.3438
vn -0.9408 -0.0471 0.3356
vn -0.8739 -0.0893 0.4778
vn 0.6050 -0.1043 -0.7894
vn 0.7364 -0.0896 -0.6706
vn 0.7723 -0.1109 -0.6255
vn 0.7841 -0.0116 -0.6205
vn 0.7261 0.0284 -0.6870
vn 0.7202 -0.0396 -0.6926
vn 0.7146 -0.0770 -0.6953
vn 0.8020 -0.0089 -0.5972
vn 0.8175 -0.0345 -0.5749
vn 0.6927 0.0547 -0.7192
vn 0.7490 0.0838 -0.6572
vn 0.8055 0.0171 -0.5923
vn 0.8348 -0.0894 -0.5432
vn 0.8075 -0.0302 -0.5891
vn 0.6713 -0.0061 -0.7411
vn 0.7151 -0.0147 -0.6989
vn -0.7146 0.3202 -0.6219
vn -0.8347 0.1912 -0.5165
vn -0.8019 0.2294 -0.5516
vn -0.6193 0.1580 -0.7691
vn -0.5660 0.1327 -0.8137
vn -0.6587 0.2247 -0.7180
vn -0.4546 0.2871 -0.8432
vn -0.4846 0.3242 -0.8124
vn -0.4751 0.3451 -0.8094
vn -0.5114 0.3540 -0.7831
vn -0.5208 0.2498 -0.8163
vn -0.8819 0.1208 -0.4558
vn -0.8276 0.1731 -0.5339
vn -0.8798 0.1847 -0.4379
vn -0.6708 -0.0133 -0.7415
vn -0.8256 0.2753 -0.4926
vn -0.5001 0.1636 -0.8504
vn -0.8676 0.1664 -0.4686
vn -0.9587 0.0061 -0.2844
vn -0.5130 -0.2055 -0.8334
vn -0.7695 -0.1539 -0.6198
vn -0.7843 -0.5640 -0.2584
vn -0.9401 0.1602 -0.3008
vn -0.9358 0.1160 -0.3329
vn -0.3460 0.2618 -0.9010
vn -0.2665 0.1383 -0.9539
vn -0.4908 -0.5639 -0.6642
vn -0.5519 -0.6183 -0.5596
vn 0.0629 -0.1018 -0.9928
vn 0.3040 0.0688 -0.9502
vn 0.2721 -0.1491 -0.9506
vn 0.5011 0.2056 -0.8406
vn 0.3624 0.1746 -0.9155
vn 0.4174 0.3312 -0.8462
vn 0.3711 -0.0107 -0.9285
vn -0.3646 0.0280 -0.9307
vn 0.4194 0.3425 -0.8407
vn 0.4816 0.0504 -0.8749
vn 0.5095 -0.0267 -0.8600
vn 0.5857 -0.0675 -0.8077
vn 0.5493 -0.0099 -0.8356
vn 0.5284 -0.1044 -0.8425
vn 0.3517 0.2166 -0.9107
vn 0.5340 0.1362 -0.8344
vn 0.5797 -0.0371 -0.8140
vn 0.6941 -0.0560 -0.7177
vn -0.1214 0.0774 -0.9896
vn -0.2740 0.0269 -0.9614
vn -0.0357 -0.6432 -0.7648
vn -0.0993 -0.4346 -0.8951
vn 0.0110 -0.1666 -0.9860
vn 0.5659 -0.1475 -0.8112
vn 0.7076 -0.0464 -0.7051
vn 0.5069 0.1360 -0.8512
vn 0.1066 -0.1665 -0.9803
vn -0.1144 -0.0039 -0.9934
vn -0.0443 -0.0605 -0.9972
vn -0.3670 0.1073 -0.9240
vn -0.1168 0.0877 -0.9893
vn -0.2063 -0.4749 -0.8555
vn -0.1317 -0.0524 -0.9899
vn 0.0498 -0.0767 -0.9958
vn 0.0753 -0.0877 -0.9933
vn -0.0254 0.0478 -0.9985
vn 0.2830 -0.0336 -0.9585
vn 0.1952 0.1425 -0.9704
vn 0.6766 0.0572 -0.7341
vn -0.1998 0.0339 -0.9792
vn -0.3027 0.0548 -0.9515
vn 0.0604 0.0799 -0.9950
vn 0.2759 0.0738 -0.9584
vn 0.3512 0.1776 -0.9193
vn 0.4955 0.1898 -0.8476
vn 0.4184 0.2382 -0.8765
vn 0.4362 -0.1279 -0.8907
vn 0.5028 0.1039 -0.8581
vn -0.2138 -0.7940 -0.5690
vn -0.2769 -0.8508 -0.4467
vn -0.3221 -0.7056 -0.6311
vn -0.1453 0.0137 -0.9893
vn -0.1288 0.1066 -0.9859
vn -0.2173 0.0865 -0.9723
vn 0.3538 -0.2742 -0.8942
vn 0.2243 -0.2134 -0.9509
vn 0.0841 0.1236 -0.9888
vn 0.1795 -0.3742 -0.9098
vn 0.0914 -0.5509 -0.8295
vn 0.2274 0.3450 -0.9107
vn 0.3007 -0.1565 -0.9408
vn 0.4442 0.0239 -0.8956
vn 0.4981 -0.0686 -0.8644
vn 0.2389 -0.1312 -0.9621
vn 0.1042 0.1478 -0.9835
vn -0.0860 0.0196 -0.9961
vn 0.5141 0.0160 -0.8576
vn 0.6201 -0.0505 -0.7829
vn -0.2418 0.0098 -0.9703
vn -0.1129 -0.0246 -0.9933
vn 0.0956 -0.8575 -0.5055
vn -0.1331 -0.8186 -0.5587
vn 0.4856 -0.8703 -0.0823
vn 0.7468 -0.6650 -0.0053
vn 0.3348 -0.9332 -0.1303
vn 0.1629 -0.9415 -0.2952
vn 0.2044 -0.6977 -0.6866
vn 0.3730 -0.7265 -0.5771
vn 0.3519 -0.4340 -0.8293
vn 0.4290 -0.8981 -0.0969
vn 0.3381 -0.8855 -0.3188
vn 0.4732 -0.7056 -0.5274
vn 0.4713 -0.8761 -0.1013
vn 0.7894 -0.6130 -0.0319
vn 0.4645 -0.8236 -0.3254
vn 0.4255 -0.4904 -0.7606
vn 0.6611 -0.7458 -0.0819
vn 0.9623 -0.2721 0.0032
vn 0.8958 -0.4383 0.0739
vn 0.9355 -0.2784 0.2176
vn 0.5849 -0.7616 -0.2790
vn 0.4948 -0.3060 -0.8133
vn 0.6352 -0.6100 -0.4737
vn 0.7215 -0.6485 -0.2428
vn 0.9782 -0.1873 0.0892
vn 0.9813 0.0191 0.1917
vn 0.8809 -0.4731 -0.0144
vn 0.8708 -0.4545 -0.1875
vn 0.7101 0.3647 -0.6023
vn 0.8250 0.2919 -0.4840
vn 0.7211 0.1501 -0.6763
vn 0.7567 -0.4901 -0.4327
vn 0.8324 -0.4096 -0.3734
vn 0.5235 -0.1624 -0.8364
vn 0.6543 -0.2121 -0.7259
vn 0.5881 -0.4682 -0.6594
vn 0.7434 -0.3271 -0.5834
vn 0.8806 -0.3616 -0.3062
vn 0.6967 0.0041 -0.7173
vn 0.9060 0.1769 -0.3846
vn 0.8708 0.2571 -0.4191
vn 0.8355 0.1403 -0.5312
vn 0.9927 -0.0660 -0.1009
vn 0.8444 -0.3103 -0.4367
vn 0.8457 -0.2109 -0.4902
vn 0.9968 0.0569 -0.0554
vn 0.9895 0.0232 -0.1424
vn 0.7601 0.2827 -0.5850
vn 0.9174 -0.1568 -0.3659
vn 0.9975 0.0541 0.0465
vn 0.6619 -0.0807 -0.7452
vn 0.8033 -0.0678 -0.5916
vn 0.9589 0.1063 -0.2632
vn 0.9066 0.0916 -0.4119
vn 0.9869 0.1595 0.0249
vn 0.6765 0.3010 -0.6721
vn 0.7196 0.1053 -0.6864
vn 0.9175 -0.0121 -0.3976
vn 0.9805 0.1592 -0.1151
vn 0.5619 0.3009 -0.7705
vn 0.9843 0.0854 -0.1542
vn 0.9644 0.0075 -0.2642
vn 0.8163 0.0788 -0.5722
vn 0.9663 0.1783 0.1857
vn 0.8613 0.2810 -0.4233
vn 0.8265 0.2955 -0.4792
vn 0.9638 -0.1331 -0.2309
vn 0.9502 0.1671 -0.2630
vn 0.8996 0.1457 -0.4116
vn 0.8440 0.0831 -0.5299
vn 0.5007 -0.8387 -0.2142
vn 0.9719 0.0789 0.2216
vn 0.9652 0.1586 0.2079
vn 0.9861 0.1234 0.1113
vn 0.9496 0.2280 0.2150
vn 0.9716 0.1945 0.1345
vn 0.9372 0.1653 0.3072
vn 0.9987 -0.0452 0.0225
vn 0.9933 0.0579 0.0996
vn 0.9673 0.2282 0.1107
vn 0.9957 -0.0084 -0.0923
vn 0.9818 0.1852 0.0425
vn 0.9901 -0.0358 0.1355
vn 0.9782 0.2074 -0.0013
vn 0.9849 -0.0555 -0.1643
vn 0.9996 0.0248 0.0116
vn 0.9960 0.0885 -0.0153
vn 0.9486 -0.0676 -0.3091
vn 0.9821 0.1750 -0.0703
vn 0.9105 -0.0110 -0.4133
vn 0.9715 0.0298 -0.2353
vn 0.9890 0.0925 -0.1159
vn 0.9135 0.0497 -0.4037
vn 0.9709 0.1465 -0.1895
vn 0.8716 0.0660 -0.4857
vn 0.9361 0.1370 -0.3241
vn -0.4323 -0.2716 -0.8598
vn -0.4047 0.0925 -0.9097
vn 0.6210 -0.0096 -0.7838
vn -0.0729 0.1064 -0.9917
vn 0.5657 -0.0174 -0.8244
vn 0.6447 -0.0941 0.7586
vn 0.6601 -0.0191 0.7509
vn 0.5704 -0.0394 0.8204
vn 0.9057 -0.0775 0.4168
vn 0.9328 -0.1060 0.3444
vn 0.9002 -0.1294 0.4159
vn -0.1980 -0.9166 -0.3474
vn -0.0012 -0.8849 -0.4657
vn 0.5812 -0.1129 0.8059
vn 0.4962 -0.1258 0.8591
vn 0.5090 -0.0038 0.8607
vn 0.9501 0.0574 0.3068
vn 0.9442 -0.0427 0.3266
vn 0.9201 0.0841 0.3826
vn 0.7229 -0.0731 0.6871
vn 0.7675 -0.0526 0.6388
vn 0.3440 0.0227 0.9387
vn 0.2954 0.0754 0.9524
vn 0.3316 0.1495 0.9315
vn 0.1475 -0.2005 0.9685
vn 0.2953 -0.1239 0.9473
vn 0.3387 -0.2065 0.9180
vn 0.9679 -0.0198 0.2507
vn 0.7859 0.2114 0.5811
vn 0.6799 0.1745 0.7122
vn 0.8137 0.1970 0.5469
vn 0.9419 0.0255 0.3350
vn 0.8957 0.1571 0.4160
vn 0.9370 0.1667 0.3071
vn 0.9241 0.2252 0.3089
vn 0.4609 -0.1428 0.8759
vn 0.5485 -0.1302 0.8259
vn 0.3733 -0.0240 0.9274
vn 0.3183 -0.0508 0.9466
vn 0.2553 0.0869 0.9630
vn 0.2897 0.0186 0.9569
vn 0.9167 0.2330 0.3247
vn 0.8718 0.2333 0.4307
vn 0.8834 0.0300 0.4677
vn 0.6082 0.0141 0.7937
vn 0.4284 0.0532 0.9020
vn 0.3575 0.0676 0.9315
vn 0.4331 0.1188 0.8935
vn 0.5635 0.1035 0.8196
vn 0.6816 0.1036 0.7244
vn 0.6650 -0.0235 0.7465
vn 0.5563 0.1089 0.8238
vn 0.2849 -0.1671 0.9439
vn 0.4028 -0.5718 0.7147
vn 0.8510 -0.0669 0.5210
vn 0.7766 -0.0038 0.6300
vn 0.1026 -0.1324 0.9859
vn 0.4782 -0.0772 0.8749
vn 0.5807 0.0041 0.8141
vn 0.3210 -0.1524 0.9347
vn 0.6341 -0.3730 0.6774
vn 0.8703 0.0370 0.4912
vn 0.8792 0.1859 0.4386
vn 0.8582 -0.1088 0.5017
vn 0.7722 0.0884 0.6293
vn 0.4235 -0.1900 0.8858
vn 0.4677 -0.1666 0.8680
vn 0.2436 -0.1561 0.9572
vn 0.3855 -0.0316 0.9222
vn 0.7948 0.1431 0.5897
vn 0.6927 0.1522 0.7050
vn 0.4325 -0.0487 0.9003
vn 0.9239 -0.0381 0.3807
vn 0.6902 -0.0827 0.7189
vn 0.2079 -0.0394 0.9773
vn 0.2776 -0.0180 0.9605
vn 0.8824 -0.1194 0.4551
vn 0.2698 -0.0666 0.9606
vn -0.2789 -0.9098 -0.3073
vn -0.7995 -0.2859 -0.5283
vn -0.4136 -0.5576 0.7197
vn -0.5650 -0.4103 0.7158
vn -0.4871 -0.6637 0.5676
vn -0.6040 -0.5497 0.5771
vn -0.4877 -0.8101 0.3254
vn -0.4378 -0.7918 0.4259
vn -0.5076 0.0156 0.8614
vn -0.5281 0.0846 0.8449
vn -0.4867 0.0737 0.8705
vn -0.1082 -0.6799 0.7253
vn -0.2319 -0.5047 0.8315
vn -0.2218 -0.7778 0.5881
vn -0.4510 -0.2845 0.8460
vn -0.6187 0.0295 0.7851
vn -0.7083 -0.0608 0.7032
vn -0.6232 -0.1316 0.7709
vn -0.7461 -0.4680 0.4736
vn -0.7344 -0.2825 0.6171
vn -0.8357 -0.1911 0.5148
vn -0.6692 -0.3024 0.6788
vn -0.7587 -0.6144 0.2166
vn -0.8418 -0.3787 0.3846
vn -0.9006 -0.4005 0.1690
vn -0.5046 -0.1635 0.8477
vn -0.2903 -0.2000 0.9358
vn -0.3410 -0.8310 0.4396
vn -0.3470 -0.8589 0.3767
vn -0.5396 -0.0316 0.8413
vn -0.6070 -0.2251 0.7622
vn -0.7227 -0.1914 0.6641
vn 0.0294 0.0114 0.9995
vn -0.1915 0.0706 0.9789
vn -0.2368 0.0799 0.9683
vn -0.2217 -0.9488 0.2248
vn -0.3926 0.1006 0.9142
vn -0.4945 0.0860 0.8649
vn -0.3734 0.0523 0.9262
vn -0.2331 -0.3157 0.9198
vn 0.0979 -0.9405 0.3255
vn 0.2695 -0.6946 0.6670
vn 0.0849 -0.7393 0.6680
vn -0.5995 -0.7588 0.2545
vn -0.0393 -0.2075 0.9774
vn -0.2579 -0.0179 0.9660
vn -0.1349 -0.0892 0.9868
vn 0.1822 -0.0725 0.9806
vn 0.0589 -0.1514 0.9867
vn 0.1485 0.0069 0.9889
vn -0.0648 -0.3003 0.9516
vn -0.5770 0.0738 0.8134
vn -0.4122 -0.0451 0.9100
vn 0.0250 -0.1440 0.9893
vn 0.0040 -0.0832 0.9965
vn -0.0557 -0.3192 0.9460
vn 0.2754 -0.8739 0.4006
vn -0.0606 -0.9388 0.3392
vn -0.4261 -0.0177 0.9045
vn -0.4285 0.0164 0.9034
vn -0.0817 -0.2836 0.9554
vn -0.5909 0.0671 0.8039
vn -0.1262 -0.7822 0.6101
vn 0.1470 -0.1013 0.9839
vn 0.1278 -0.2353 0.9635
vn 0.1452 0.0746 0.9866
vn -0.0034 -0.0001 1.0000
vn -0.6705 0.0522 0.7401
vn -0.0678 -0.1058 0.9921
vn -0.2412 -0.0452 0.9694
vn -0.0395 -0.1267 0.9912
vn -0.0354 -0.0658 0.9972
vn 0.8001 -0.1296 0.5857
vn 0.7243 -0.3059 0.6178
vn 0.4460 -0.8260 0.3446
vn 0.5573 -0.6012 0.5727
vn 0.3222 -0.8305 0.4544
vn 0.8010 -0.3070 0.5139
vn 0.6845 -0.6170 0.3883
vn 0.8833 -0.2514 0.3958
vn 0.1832 -0.9376 0.2956
vn 0.6920 -0.4684 0.5493
vn 0.5533 -0.8150 0.1718
vn 0.8524 -0.4514 0.2639
vn -0.7575 0.0959 0.6457
vn -0.6817 0.1611 0.7137
vn -0.8037 0.1510 0.5756
vn -0.8524 0.0805 0.5167
vn -0.8588 0.0975 0.5029
vn -0.9093 0.0257 0.4154
vn -0.9985 -0.0528 0.0115
vn -0.9873 0.0760 0.1398
vn -0.9904 0.0170 0.1371
vn -0.8737 0.0604 0.4826
vn -0.8958 0.0358 0.4430
vn -0.9212 0.0244 0.3883
vn -0.7508 0.3171 0.5795
vn -0.8363 0.3415 0.4289
vn -0.8657 0.1940 0.4614
vn -0.6926 0.0845 0.7163
vn -0.7158 0.1930 0.6711
vn -0.6685 0.2879 0.6857
vn -0.9822 0.0081 0.1879
vn -0.9697 0.0435 0.2406
vn -0.6509 0.3743 0.6605
vn -0.6989 0.3463 0.6258
vn -0.6588 0.3877 0.6447
vn -0.9543 0.0489 0.2947
vn -0.9463 0.1699 0.2751
vn -0.9578 0.2114 0.1949
vn -0.9680 0.0383 0.2481
vn -0.9297 0.0230 0.3676
vn -0.9229 0.2205 0.3158
vn -0.9524 0.2386 0.1895
vn -0.9463 0.2073 0.2480
vn -0.9679 -0.1863 0.1689
vn -0.7712 0.3831 0.5083
vn -0.9652 0.1712 0.1977
vn -0.9929 -0.1005 0.0630
vn -0.9786 -0.0707 0.1931
vn -0.7040 0.2620 0.6601
vn -0.7715 0.0905 0.6298
vn -0.6842 0.0568 0.7270
vn -0.6675 0.1282 0.7335
vn -0.9129 0.0662 0.4028
vn -0.9467 0.1942 0.2571
vn -0.9193 0.1524 0.3628
vn -0.9176 0.2979 0.2632
vn -0.9103 0.0094 0.4139
vn -0.9038 0.0305 0.4269
vn -0.8456 0.0105 0.5337
vn -0.8154 0.1329 0.5635
vn -0.9668 -0.0701 0.2456
vn -0.9166 0.3249 0.2331
vn -0.9311 0.3375 0.1381
vn -0.9459 0.2650 0.1871
vn -0.9599 0.0171 0.2798
vn -0.9453 0.0161 0.3257
vn -0.9355 0.0245 0.3523
vn -0.9077 0.0491 0.4167
vn -0.6394 -0.0149 0.7687
vn -0.7974 0.0205 0.6031
vn -0.6869 -0.0015 0.7267
vn -0.9182 0.1389 0.3708
vn -0.8988 0.2197 0.3794
vn -0.8812 0.1166 0.4582
vn -0.8529 0.0365 0.5208
vn -0.7830 0.1985 0.5895
vn -0.9239 0.0446 0.3801
vn -0.9833 -0.1560 -0.0934
vn -0.8800 0.3621 0.3072
vn -0.8786 0.3385 0.3369
vn -0.9063 0.2938 0.3037
vn -0.8686 0.2717 0.4144
vn -0.7436 -0.0509 0.6667
vn -0.6476 0.0428 0.7608
vn -0.6024 0.0095 0.7982
vn -0.7935 0.0785 0.6034
vn -0.7429 0.0342 0.6685
vn -0.9338 0.1630 0.3186
vn -0.8867 0.1651 0.4318
vn -0.9094 0.0547 0.4124
vn -0.9126 0.0991 0.3968
vn -0.6525 0.0977 0.7515
vn -0.7370 -0.0438 0.6745
vn -0.6304 -0.0872 0.7713
vn -0.7426 0.0429 0.6684
vn -0.9707 0.1672 0.1726
vn -0.9503 0.2192 0.2211
vn -0.9214 0.3164 0.2256
vn -0.8478 0.1156 0.5175
vn -0.7506 0.1127 0.6510
vn -0.7961 0.1113 0.5948
vn -0.9325 0.3114 0.1831
vn -0.7846 -0.0517 0.6179
vn -0.9958 0.0912 -0.0081
vn -0.8564 0.3743 0.3558
vn -0.0427 0.5317 -0.8458
vn -0.1158 0.4779 -0.8707
vn -0.0279 0.4694 -0.8825
vn -0.8587 0.0711 0.5075
vn -0.7730 -0.0361 0.6334
vn -0.9130 -0.0103 0.4077
vn -0.6548 0.0285 0.7553
vn -0.9587 0.0479 0.2805
vn -0.9107 0.0881 0.4035
vn -0.9755 0.0405 0.2162
vn -0.9550 -0.0517 0.2919
vn -0.9494 0.0774 0.3045
vn -0.8566 0.0005 0.5161
vn -0.9072 0.0342 0.4193
vn -0.9293 -0.1582 0.3338
vn -0.9290 -0.0544 0.3660
vn -0.0629 0.0059 -0.9980
vn -0.2119 0.0750 -0.9744
vn -0.1120 0.2027 -0.9728
vn -0.2907 0.1212 -0.9491
vn -0.3664 0.1115 -0.9238
vn -0.3484 0.0418 -0.9364
vn -0.0695 0.1311 -0.9889
vn -0.0116 0.0295 -0.9995
vn -0.0465 0.0694 -0.9965
vn -0.1439 0.1855 -0.9721
vn -0.2804 0.2017 -0.9385
vn -0.0640 -0.0137 -0.9979
vn -0.0923 -0.1444 -0.9852
vn -0.1406 -0.1455 -0.9793
vn -0.0562 -0.0676 -0.9961
vn -0.2786 -0.0541 -0.9589
vn -0.2385 -0.1260 -0.9629
vn -0.3672 -0.1366 -0.9200
vn -0.1889 -0.0768 -0.9790
vn -0.1678 0.3098 -0.9359
vn -0.1719 0.6600 -0.7313
vn -0.1978 0.6142 -0.7640
vn -0.1237 0.6448 -0.7543
vn -0.0566 0.2098 -0.9761
vn -0.0599 -0.2282 -0.9718
vn -0.0450 -0.0340 -0.9984
vn -0.1341 -0.0869 -0.9872
vn -0.0982 -0.2791 -0.9552
vn -0.1297 0.0058 -0.9915
vn -0.2072 -0.1095 -0.9721
vn -0.1533 -0.1856 -0.9706
vn -0.2751 0.0044 -0.9614
vn -0.1718 0.0392 -0.9843
vn -0.1743 0.0358 -0.9840
vn -0.2920 0.1027 -0.9509
vn -0.3757 0.0069 -0.9267
vn -0.2907 0.0796 -0.9535
vn 0.0248 0.2133 -0.9767
vn -0.2593 0.0909 -0.9615
vn -0.1741 -0.1152 -0.9780
vn -0.1531 -0.2006 -0.9676
vn -0.3049 -0.0889 -0.9482
vn 0.0872 -0.0672 -0.9939
vn -0.1864 -0.3212 -0.9285
vn -0.2952 -0.2823 -0.9128
vn -0.4426 0.0101 -0.8967
vn -0.4361 0.0505 -0.8985
vn -0.5473 0.0706 -0.8340
vn -0.5442 0.0491 -0.8375
vn -0.2929 0.1208 -0.9485
vn -0.4256 -0.0839 -0.9010
vn -0.5139 0.0672 -0.8552
vn 0.0333 -0.2947 -0.9550
vn -0.3001 0.0698 -0.9514
vn -0.2952 -0.2262 -0.9283
vn -0.2304 0.2731 -0.9340
vn 0.0662 -0.1099 -0.9917
vn -0.0380 0.1377 -0.9897
vn -0.0660 0.0265 -0.9975
vn -0.1025 0.6415 -0.7602
vn -0.1272 0.4700 -0.8734
vn -0.0142 0.3785 -0.9255
vn -0.2200 0.1201 -0.9681
vn -0.2569 0.0644 -0.9643
vn -0.0604 0.1187 -0.9911
vn -0.0677 -0.2583 -0.9637
vn -0.2136 -0.0423 -0.9760
vn -0.1439 0.0914 -0.9854
vn -0.1103 -0.0379 -0.9932
vn -0.2593 -0.0016 -0.9658
vn -0.0966 0.1286 -0.9870
vn -0.2243 0.0539 -0.9730
vn -0.2876 -0.0456 -0.9567
vn -0.2562 0.0581 -0.9649
vn -0.2736 0.5493 -0.7895
vn -0.2057 0.5418 -0.8150
vn -0.2258 0.4328 -0.8727
vn -0.3934 -0.2444 -0.8863
vn -0.3719 -0.2262 -0.9003
vn -0.4980 -0.0239 -0.8669
vn -0.4473 -0.1556 -0.8807
vn -0.1813 -0.0289 -0.9830
vn -0.0682 0.2887 -0.9550
vn -0.1837 0.2370 -0.9540
vn -0.0077 0.1560 -0.9877
vn 0.0330 0.2918 -0.9559
vn -0.3009 -0.1713 -0.9381
vn -0.2801 0.0821 -0.9565
vn -0.3510 -0.0543 -0.9348
vn -0.5701 0.1044 -0.8149
vn -0.5476 -0.1478 -0.8236
vn -0.6404 0.1210 -0.7585
vn -0.3846 0.0355 -0.9224
vn -0.0186 0.3512 -0.9361
vn -0.2266 0.2222 -0.9483
vn -0.2288 0.4472 -0.8647
vn -0.4794 -0.1528 -0.8642
vn -0.4460 -0.0105 -0.8950
vn -0.5624 -0.0557 -0.8250
vn -0.4813 -0.0291 -0.8761
vn -0.0398 0.6442 -0.7638
vn -0.1433 0.5744 -0.8059
vn -0.2570 0.4288 -0.8661
vn -0.3554 0.3874 -0.8506
vn -0.3619 -0.0544 -0.9306
vn -0.5613 0.1748 -0.8089
vn -0.4583 -0.0001 -0.8888
vn -0.4734 0.2198 -0.8530
vn -0.3699 0.6195 -0.6924
vn -0.3478 0.6601 -0.6658
vn -0.4289 0.6436 -0.6339
vn -0.4377 0.2689 -0.8580
vn -0.0106 0.0674 -0.9977
vn -0.5309 -0.1716 -0.8299
vn -0.4211 -0.1805 -0.8889
vn -0.1158 0.6223 -0.7742
vn -0.1958 0.5957 -0.7790
vn -0.5764 0.2718 -0.7706
vn -0.4672 0.6199 -0.6304
vn -0.6665 0.0759 -0.7416
vn -0.6571 -0.0306 -0.7532
vn -0.4099 0.3867 -0.8261
vn -0.4091 0.4972 -0.7652
vn -0.4661 0.5272 -0.7105
vn -0.3540 0.4397 -0.8254
vn -0.4028 0.6124 -0.6803
vn -0.3470 0.2684 -0.8986
vn 0.0795 0.8282 -0.5548
vn 0.0994 0.8305 -0.5480
vn 0.0730 0.8096 -0.5825
vn 0.0243 0.7337 -0.6790
vn -0.1188 0.9904 0.0700
vn -0.1180 0.9899 0.0790
vn 0.1519 0.9006 0.4072
vn -0.2601 0.6241 -0.7368
vn -0.1376 0.9484 0.2856
vn -0.1273 0.9482 0.2910
vn -0.0373 0.9870 0.1562
vn -0.9325 0.3511 0.0844
vn -0.9860 0.1083 0.1271
vn -0.9439 0.3098 0.1142
vn -0.9137 0.4063 0.0109
vn -0.8961 0.4336 -0.0945
vn -0.9632 0.0371 -0.2662
vn -0.9429 0.3133 -0.1132
vn -0.9907 0.0304 -0.1328
vn -0.9912 0.1288 0.0297
vn -0.9696 0.1640 -0.1813
vn -0.8319 0.4824 -0.2742
vn -0.9360 0.0763 -0.3436
vn -0.9148 0.0978 -0.3920
vn -0.9438 -0.0499 -0.3266
vn -0.5394 0.4988 0.6784
vn -0.3866 0.6602 0.6440
vn -0.4460 0.7477 0.4919
vn -0.7053 0.4300 0.5637
vn -0.6613 0.7027 0.2625
vn -0.5396 0.5585 0.6300
vn -0.2512 0.7823 0.5700
vn -0.4290 0.7880 0.4416
vn -0.8032 0.3418 0.4879
vn -0.5539 0.5242 0.6469
vn -0.9431 0.3012 0.1407
vn -0.8496 0.3685 -0.3773
vn -0.9758 0.2184 0.0004
vn -0.6391 0.4005 0.6566
vn -0.6999 0.5569 0.4473
vn -0.5422 0.7211 0.4313
vn -0.6736 0.6268 0.3915
vn -0.7436 0.5688 0.3516
vn -0.8175 0.5061 0.2748
vn -0.5470 0.8081 0.2187
vn -0.3910 0.8990 0.1973
vn -0.9472 -0.0181 -0.3201
vn -0.9658 0.2079 -0.1551
vn -0.9137 0.1701 -0.3690
vn -0.9485 -0.0699 -0.3089
vn -0.9832 -0.0906 -0.1582
vn -0.5461 0.8267 0.1352
vn -0.8692 0.4755 0.1352
vn -0.2175 0.9570 0.1921
vn -0.3225 0.9300 0.1765
vn -0.9501 0.2853 -0.1262
vn -0.5874 0.8017 0.1110
vn -0.8348 0.5120 0.2025
vn -0.8981 0.4391 -0.0258
vn -0.1240 0.9854 0.1164
vn -0.0036 0.9978 0.0656
vn -0.5483 0.8332 0.0715
vn -0.2750 0.9614 -0.0097
vn -0.2883 0.9459 -0.1490
vn -0.0587 0.7375 -0.6728
vn -0.1501 -0.1083 -0.9827
vn -0.9939 -0.1065 -0.0284
vn -0.9775 0.2030 0.0564
vn -0.7331 0.6650 0.1424
vn -0.6276 0.3291 -0.7055
vn -0.5852 -0.1379 -0.7991
vn -0.9658 -0.1573 -0.2062
vn -0.9687 -0.1628 -0.1876
vn -0.9767 0.0701 -0.2028
vn -0.9555 -0.1663 -0.2436
vn -0.9870 0.1445 -0.0700
vn -0.3246 0.9402 -0.1031
vn -0.9606 0.0583 -0.2717
vn -0.9605 0.2458 -0.1303
vn -0.9359 0.2540 -0.2439
vn -0.9519 0.2401 -0.1901
vn -0.9590 0.1745 -0.2232
vn -0.9811 0.1178 -0.1533
vn -0.1508 0.9747 0.1647
vn -0.1841 0.9828 -0.0112
vn -0.9848 0.0836 0.1523
vn -0.2749 0.7157 -0.6421
vn -0.5606 0.0717 0.8250
vn -0.6071 0.2026 0.7684
vn -0.9593 0.0844 0.2695
vn -0.9548 0.1050 0.2779
vn -0.9710 0.1748 0.1633
vn -0.8297 0.5403 0.1401
vn -0.9862 -0.1540 0.0614
vn -0.9812 0.0448 0.1878
vn -0.9800 -0.1203 0.1586
vn -0.9854 0.1698 -0.0098
vn -0.9952 0.0483 0.0851
vn -0.9997 -0.0229 0.0059
vn -0.9094 0.2273 -0.3482
vn -0.9868 0.0358 0.1580
vn -0.9245 0.0977 0.3683
vn -0.3322 0.6501 -0.6834
vn -0.9841 0.1031 0.1448
vn -0.7596 0.0866 0.6446
vn -0.9649 0.0212 0.2617
vn -0.9665 -0.0368 0.2538
vn -0.8950 -0.0001 0.4460
vn -0.9264 0.2604 0.2720
vn -0.7565 0.6469 0.0961
vn -0.8598 0.1119 0.4982
vn -0.9056 0.0498 0.4212
vn -0.8570 0.0125 0.5152
vn -0.0429 -0.1068 -0.9934
vn 0.0786 -0.1132 -0.9905
vn -0.0061 -0.1236 -0.9923
vn -0.9899 -0.1415 -0.0076
vn -0.9895 0.1362 -0.0489
vn -0.9866 -0.0102 -0.1629
vn -0.9467 0.0634 -0.3159
vn -0.8950 0.0710 -0.4404
vn -0.9879 0.0901 -0.1261
vn -0.7588 0.2861 -0.5851
vn -0.6911 0.2352 -0.6834
vn -0.7800 0.0860 -0.6198
vn -0.5221 0.5991 -0.6070
vn -0.8998 0.0993 -0.4249
vn -0.9699 0.0520 -0.2377
vn -0.8627 0.1087 -0.4938
vn -0.5553 0.6144 -0.5605
vn -0.5806 0.4914 -0.6493
vn -0.6702 0.4785 -0.5674
vn -0.8292 0.2182 -0.5147
vn -0.9282 0.1028 -0.3575
vn -0.9776 0.0429 -0.2059
vn -0.6695 -0.1677 -0.7237
vn -0.7851 0.3070 -0.5379
vn -0.8705 0.0173 -0.4919
vn -0.6780 -0.1155 -0.7259
vn -0.6846 0.0677 -0.7257
vn -0.6931 0.5073 -0.5122
vn -0.9029 0.1063 -0.4164
vn -0.9479 0.1385 -0.2867
vn -0.8584 0.0849 -0.5058
vn -0.7704 0.0032 -0.6376
vn -0.7001 -0.0598 -0.7115
vn -0.7644 -0.1272 -0.6321
vn -0.6190 0.5568 -0.5540
vn -0.8773 -0.1364 -0.4602
vn -0.8949 -0.0430 -0.4442
vn -0.8415 -0.0087 -0.5403
vn -0.7405 0.2287 -0.6320
vn -0.8069 0.4784 -0.3464
vn -0.8723 0.3826 -0.3046
vn -0.8300 0.4915 -0.2638
vn -0.9045 0.3985 -0.1517
vn -0.8370 -0.0389 -0.5457
vn -0.8162 0.1567 -0.5562
vn -0.8829 0.0254 -0.4688
vn -0.7473 0.5731 -0.3362
vn -0.7379 0.5326 -0.4146
vn -0.8309 0.3650 -0.4199
vn -0.8594 0.0882 -0.5037
vn -0.7789 0.5434 -0.3131
vn -0.7952 -0.1262 -0.5931
vn -0.8230 -0.0742 -0.5631
vn -0.6958 0.4964 -0.5191
vn -0.8328 -0.1721 -0.5261
vn -0.9368 0.0553 -0.3454
vn -0.8798 -0.1128 -0.4618
vn -0.9498 -0.0369 -0.3106
vn -0.9427 0.1260 -0.3089
vn -0.8808 0.0085 -0.4735
vn -0.8121 0.3840 -0.4393
vn -0.9549 -0.0390 -0.2942
vn -0.9360 -0.0794 -0.3429
vn -0.9278 -0.0352 -0.3713
vn -0.9236 -0.0959 -0.3713
vn -0.9372 -0.1333 -0.3224
vn -0.9198 0.1520 -0.3617
vn -0.8709 0.3855 -0.3047
vn -0.9388 0.0232 -0.3438
vn -0.2336 0.3919 -0.8899
vn -0.3152 0.4379 -0.8420
vn -0.2900 0.4199 -0.8600
vn -0.0367 -0.1029 -0.9940
vn -0.4965 0.6071 -0.6204
vn -0.5747 0.4420 -0.6887
vn -0.5003 0.4926 -0.7121
vn -0.6996 -0.1189 0.7046
vn 0.0081 0.4649 -0.8854
vn 0.0235 0.3212 -0.9467
vn -0.5272 0.0559 0.8479
vn -0.4956 -0.1221 -0.8599
vn 0.1110 -0.0911 -0.9896
vn -0.1407 -0.1426 -0.9797
vn -0.5034 0.3443 0.7925
vn -0.5642 0.4481 0.6934
vn -0.2266 -0.1619 -0.9604
vn -0.5986 -0.0882 -0.7962
vn -0.1436 0.6825 -0.7166
vn -0.3842 0.4547 -0.8035
vn -0.3089 -0.1444 -0.9401
vn 0.4409 0.8079 0.3911
vn -0.4325 0.7609 -0.4838
vn -0.1821 -0.1189 -0.9761
vn -0.3821 0.3837 -0.8407
vn -0.1544 0.7001 -0.6972
vn -0.3817 0.4912 -0.7830
vn -0.4047 0.0438 0.9134
vn -0.4147 0.0360 0.9092
vn -0.4031 0.0107 0.9151
vn -0.4878 0.1979 -0.8502
vn -0.4709 0.0474 -0.8809
vn 0.3233 0.7277 0.6050
vn -0.6326 -0.1805 -0.7532
vn 0.0607 0.8997 -0.4322
vn -0.9826 -0.0357 0.1821
vn -0.1804 0.7854 -0.5921
vn -0.8976 0.0307 0.4397
vn -0.8684 0.0065 0.4959
vn -0.5586 0.2227 -0.7990
vn -0.6421 -0.0908 -0.7612
vn -0.6346 -0.1448 -0.7592
vn -0.5879 0.3610 -0.7239
vn -0.5883 0.2535 -0.7679
vn -0.5843 0.0993 -0.8054
vn 0.0393 0.8937 -0.4469
vn 0.2094 0.8877 -0.4100
vn -0.5399 0.0482 0.8403
vn -0.6046 0.2457 0.7576
vn -0.5204 0.3925 0.7584
vn -0.6019 0.3764 0.7043
vn -0.4944 0.6519 -0.5750
vn 0.2295 0.8851 0.4050
vn -0.5847 0.7428 -0.3262
vn -0.6765 0.5504 -0.4894
vn 0.2062 0.9578 -0.2005
vn -0.4497 0.6364 -0.6267
vn -0.4550 0.6383 -0.6210
vn -0.5261 0.5213 -0.6719
vn -0.5941 0.5148 -0.6181
vn -0.1743 0.9663 0.1894
vn -0.6321 0.2196 -0.7431
vn -0.4316 0.1212 0.8939
vn -0.2580 0.7044 -0.6613
vn 0.0981 0.8976 -0.4298
vn 0.0541 0.7675 -0.6388
vn -0.4002 0.1120 0.9096
vn -0.3542 0.6001 -0.7172
vn -0.3362 0.6832 -0.6482
vn -0.3829 0.5679 -0.7287
vn -0.3866 0.5839 -0.7138
vn 0.0549 0.9753 -0.2140
vn -0.4568 0.8700 -0.1858
vn -0.1762 0.9545 -0.2408
vn -0.0871 0.9665 -0.2414
vn -0.1815 0.8980 -0.4008
vn -0.6059 0.5081 -0.6121
vn -0.6728 0.3980 -0.6236
vn -0.0345 0.9582 -0.2839
vn -0.6372 -0.0247 0.7703
vn -0.1777 0.8037 -0.5678
vn 0.1322 -0.1022 -0.9859
vn -0.7373 0.2917 -0.6093
vn -0.6572 0.3808 -0.6504
vn -0.6609 0.3295 -0.6742
vn -0.4081 0.6777 -0.6117
vn -0.1784 0.8952 -0.4085
vn -0.2070 0.7607 -0.6153
vn -0.4898 0.4241 -0.7617
vn -0.0213 0.9449 -0.3267
vn -0.4208 0.6374 -0.6455
vn -0.3236 0.7002 -0.6364
vn -0.0086 0.9725 -0.2326
vn -0.0701 0.9594 -0.2732
vn -0.1199 0.7499 -0.6506
vn -0.4935 0.5900 -0.6391
vn -0.6547 0.3715 -0.6583
vn -0.4274 0.5844 -0.6898
vn -0.2818 0.8812 -0.3795
vn -0.2418 0.8029 -0.5449
vn -0.7513 0.3454 -0.5623
vn -0.1084 0.8971 -0.4284
vn -0.4889 0.5948 -0.6381
vn -0.5182 0.4487 -0.7281
vn -0.4274 0.5868 -0.6877
vn -0.2464 0.8374 -0.4879
vn -0.2957 0.7385 -0.6060
vn 0.0230 0.9724 0.2320
vn -0.3170 0.7063 -0.6329
vn -0.2224 0.9341 0.2793
vn -0.7259 0.3367 -0.5998
vn -0.7778 0.2530 -0.5754
vn 0.0480 0.9615 -0.2706
vn 0.0219 0.9240 -0.3817
vn -0.1485 0.9209 -0.3605
vn -0.1877 0.8227 -0.5367
vn -0.9208 0.3420 0.1873
vn -0.1005 0.9632 -0.2493
vn -0.7094 0.3097 -0.6331
vn -0.3565 0.9235 0.1413
vn -0.2900 0.6059 -0.7409
vn -0.9796 -0.1446 -0.1394
vn -0.9867 0.1031 -0.1255
vn 0.0495 0.9288 -0.3673
vn -0.0893 0.9917 -0.0923
vn -0.2227 0.8778 -0.4241
vn -0.1563 0.9680 0.1963
vn -0.3614 0.8667 -0.3439
vn -0.1594 0.9710 0.1783
vn -0.1470 0.7030 -0.6958
vn 0.0280 0.8740 -0.4852
vn -0.1296 0.8413 -0.5248
vn -0.4069 0.6977 -0.5896
vn -0.6902 0.6914 -0.2136
vn -0.0571 0.9329 -0.3556
vn -0.0895 0.9356 -0.3416
vn -0.6462 0.3801 -0.6618
vn 0.0163 0.8798 -0.4751
vn -0.1964 0.8957 -0.3989
vn 0.0546 0.9555 -0.2898
vn -0.2663 0.8032 -0.5328
vn -0.2829 0.8274 -0.4852
vn -0.6437 0.3848 0.6615
vn -0.4865 0.0354 0.8729
vn -0.5469 0.0032 0.8372
vn -0.6178 0.0738 0.7829
vn -0.5864 0.0277 0.8095
vn -0.4698 0.0660 0.8803
vn -0.6081 0.0464 0.7925
vn -0.5531 -0.0134 0.8330
vn -0.3617 -0.0042 0.9323
vn -0.3153 0.0908 0.9446
vn -0.9397 0.3004 0.1637
vn -0.9354 0.3403 0.0956
vn -0.9352 0.3534 -0.0210
vn -0.9077 0.2321 -0.3497
vn -0.8783 0.4100 -0.2459
vn -0.9125 0.3503 -0.2110
vn -0.9894 0.1446 -0.0111
vn -0.9739 0.2254 0.0255
vn -0.9896 0.1296 0.0623
vn -0.6063 0.7921 0.0708
vn -0.4778 0.0692 0.8758
vn -0.9862 0.0598 0.1541
vn -0.9960 0.0030 -0.0897
vn -0.9997 0.0037 0.0252
vn -0.9869 0.1417 0.0773
vn -0.9927 -0.0492 -0.1103
vn -0.9475 -0.0983 -0.3043
vn -0.9880 0.0080 0.1545
vn -0.9522 0.0070 0.3053
vn -0.9623 0.0813 0.2596
vn -0.9375 0.0299 0.3466
vn -0.9586 0.0200 0.2841
vn -0.9033 -0.1034 -0.4164
vn -0.9061 0.0124 -0.4228
vn -0.8565 -0.0939 -0.5075
vn -0.9685 -0.1200 -0.2181
vn -0.9365 -0.1126 -0.3322
vn -0.9808 -0.0980 -0.1683
vn -0.9485 -0.0146 -0.3163
vn -0.9717 -0.0070 0.2359
vn -0.9615 0.0893 0.2600
vn -0.8758 -0.1352 -0.4634
vn -0.8641 -0.0918 -0.4949
vn -0.9975 -0.0400 -0.0580
vn -0.9945 -0.1048 -0.0052
vn -0.9967 -0.0643 -0.0497
vn -0.9955 -0.0453 0.0828
vn -0.9521 0.0382 0.3033
vn -0.9177 -0.0473 -0.3943
vn -0.9779 -0.0124 -0.2087
vn -0.9734 0.1426 -0.1792
vn -0.9879 -0.1267 -0.0890
vn -0.8474 -0.0392 -0.5295
vn -0.8733 0.1442 -0.4653
vn -0.9910 -0.0499 0.1241
vn -0.9992 -0.0215 0.0326
vn -0.9969 0.0606 -0.0500
vn -0.2919 0.6533 -0.6985
vn -0.7706 0.0816 -0.6321
vn -0.8318 0.0362 -0.5539
vn -0.8092 -0.1593 -0.5654
vn -0.7609 -0.1755 -0.6246
vn -0.7980 -0.1405 -0.5860
vn -0.5618 -0.1883 -0.8055
vn -0.6256 -0.1917 -0.7562
vn -0.6212 -0.1915 -0.7599
vn -0.7207 -0.1319 -0.6806
vn -0.6350 -0.0454 -0.7711
vn -0.6353 0.0041 -0.7723
vn -0.6869 -0.0774 -0.7226
vn -0.6285 -0.1054 -0.7706
vn -0.6258 -0.1861 -0.7575
vn -0.6629 -0.1074 -0.7410
vn -0.6646 -0.1845 -0.7241
vn -0.6891 -0.1922 -0.6987
vn -0.7133 -0.1886 -0.6750
vn 0.6388 0.1394 0.7566
vn 0.5198 0.1785 0.8354
vn 0.5315 0.1855 0.8265
vn -0.7880 -0.0745 -0.6111
vn -0.7818 -0.1327 -0.6093
vn 0.4804 0.4132 0.7736
vn 0.5187 0.0490 0.8536
vn 0.3646 0.8522 0.3752
vn 0.7890 0.6135 0.0327
vn 0.8170 0.4269 0.3877
vn 0.6586 0.4902 0.5709
vn 0.4370 0.7315 0.5233
vn 0.8008 0.5983 0.0262
vn 0.5840 0.8045 0.1084
vn 0.2984 0.8156 0.4957
vn 0.8804 0.3104 0.3584
vn 0.7116 0.6878 -0.1432
vn 0.3257 0.8992 -0.2921
vn 0.3406 0.9377 -0.0694
vn -0.5082 0.0634 0.8589
vn -0.6164 0.1248 0.7775
vn -0.6415 0.0890 0.7619
vn -0.4543 0.1010 0.8851
vn -0.3612 0.0616 0.9305
vn -0.3375 0.3104 0.8887
vn -0.4334 0.3934 0.8108
vn -0.4139 0.2634 0.8714
vn 0.2515 0.3114 0.9164
vn 0.3689 0.5219 0.7691
vn 0.1738 0.3255 0.9294
vn 0.0029 0.3146 0.9492
vn 0.0241 0.3770 0.9259
vn 0.0472 0.4507 0.8914
vn 0.3744 0.3711 0.8498
vn 0.5085 0.3020 0.8064
vn 0.5095 0.5068 0.6954
vn -0.2459 0.2415 0.9387
vn -0.1513 0.4390 0.8857
vn -0.1530 0.2814 0.9473
vn 0.5203 0.1904 0.8325
vn 0.5406 0.3768 0.7522
vn 0.4121 0.2581 0.8738
vn -0.0324 0.3482 0.9368
vn -0.0765 0.3954 0.9153
vn 0.0393 0.3376 0.9405
vn 0.0545 0.4348 0.8989
vn -0.1787 0.4315 0.8843
vn 0.6315 0.1319 0.7641
vn 0.3359 0.2229 0.9151
vn 0.2587 0.1686 0.9511
vn 0.4865 0.0293 0.8732
vn 0.4287 0.1359 0.8932
vn 0.2376 0.3547 0.9043
vn 0.0380 0.2775 0.9600
vn -0.1762 0.1486 0.9731
vn 0.1432 0.3502 0.9257
vn 0.1979 0.3211 0.9261
vn 0.1399 0.1115 0.9839
vn 0.3907 0.0395 0.9197
vn 0.3374 0.0430 0.9404
vn 0.4481 0.0280 0.8936
vn -0.2373 0.0893 0.9673
vn -0.1145 0.0490 0.9922
vn -0.1102 -0.0425 0.9930
vn -0.1423 0.3779 0.9149
vn -0.0643 0.4053 0.9119
vn 0.3385 0.0084 0.9409
vn 0.3245 0.0168 0.9457
vn 0.0383 0.0466 0.9982
vn -0.0939 0.1667 0.9815
vn 0.5199 0.6042 0.6039
vn 0.4199 0.7931 0.4412
vn 0.4295 0.7161 0.5502
vn 0.4085 -0.0322 0.9122
vn 0.1164 0.0422 0.9923
vn 0.2358 0.0339 0.9712
vn -0.1635 0.1337 0.9774
vn -0.0862 0.1283 0.9880
vn 0.1509 0.3008 0.9417
vn -0.0171 0.0822 0.9965
vn 0.0409 0.4563 0.8889
vn -0.2239 0.0616 0.9727
vn -0.2958 0.3977 0.8685
vn 0.0265 0.0850 0.9960
vn 0.1565 0.0570 0.9860
vn -0.1295 0.0671 0.9893
vn -0.2234 0.0380 0.9740
vn 0.5381 -0.0554 0.8411
vn -0.1066 0.1177 0.9873
vn 0.2283 0.0688 0.9712
vn 0.3274 0.2402 0.9138
vn 0.3264 -0.0059 0.9452
vn -0.1483 -0.1486 0.9777
vn -0.3005 -0.1794 0.9368
vn 0.4729 0.0215 0.8808
vn 0.0348 0.0620 0.9975
vn -0.1181 0.4621 0.8789
vn 0.3043 0.0583 0.9508
vn 0.2474 -0.0175 0.9688
vn 0.1651 0.0227 0.9860
vn 0.1348 -0.1138 0.9843
vn -0.0253 -0.0285 0.9993
vn 0.5423 -0.0176 0.8400
vn 0.5206 -0.0120 0.8537
vn 0.2728 -0.1331 0.9528
vn 0.3549 -0.1171 0.9276
vn 0.2205 0.1285 0.9669
vn 0.1320 0.1399 0.9813
vn 0.0016 0.4135 0.9105
vn 0.2035 0.3550 0.9125
vn 0.0033 -0.1412 0.9900
vn 0.1119 -0.0210 0.9935
vn 0.5480 -0.1519 0.8226
vn 0.4316 -0.1250 0.8934
vn 0.2966 0.2951 0.9083
vn 0.2788 0.3076 0.9098
vn 0.1461 0.2680 0.9523
vn 0.2321 0.1757 0.9567
vn 0.0037 0.1493 0.9888
vn 0.4534 0.6663 0.5921
vn 0.6004 -0.0919 0.7944
vn -0.3391 0.0904 0.9364
vn -0.6876 0.6731 0.2724
vn -0.5072 0.8598 0.0599
vn -0.5696 0.1399 0.8100
vn -0.5618 0.1100 0.8199
vn -0.8034 0.4170 0.4251
vn -0.7040 0.6441 0.2991
vn 0.0533 0.9516 -0.3027
vn 0.1076 0.9936 0.0333
vn 0.3149 0.9120 0.2630
vn -0.1055 0.9817 -0.1583
vn -0.0519 0.9967 0.0622
vn 0.0311 0.9984 -0.0466
vn 0.0594 0.9981 0.0174
vn -0.0225 0.9602 -0.2784
vn 0.1221 0.9658 0.2286
vn 0.1566 0.9759 0.1518
vn 0.2840 0.8653 0.4131
vn 0.5343 0.8259 -0.1799
vn 0.2824 0.8162 0.5040
vn 0.0206 0.9908 -0.1336
vn -0.0365 0.9505 -0.3086
vn 0.1239 0.9615 -0.2451
vn 0.0155 0.9969 -0.0776
vn -0.0144 0.9997 0.0201
vn 0.0520 0.9868 0.1534
vn -0.1106 0.9618 0.2503
vn -0.1230 0.9852 0.1191
vn -0.0721 0.9298 -0.3609
vn -0.1051 0.8967 -0.4300
vn 0.1830 0.9432 -0.2772
vn 0.3420 0.9185 -0.1983
vn 0.0828 0.9858 -0.1459
vn 0.6813 0.6338 -0.3663
vn 0.6878 0.6599 -0.3025
vn 0.6575 0.6392 -0.3990
vn -0.1674 0.9377 -0.3045
vn -0.0817 0.9629 -0.2573
vn -0.0811 0.9218 -0.3790
vn -0.0373 0.9572 -0.2872
vn 0.6039 0.7970 0.0097
vn 0.0513 0.9916 0.1187
vn -0.1278 0.9902 -0.0557
vn 0.5214 0.7653 -0.3775
vn 0.6482 0.7263 -0.2287
vn -0.3686 0.1125 0.9227
vn -0.3035 0.0430 0.9519
vn -0.3625 0.0019 0.9320
vn -0.4151 0.1949 0.8886
vn -0.3019 0.1528 0.9410
vn 0.0520 0.9219 -0.3840
vn -0.1143 0.9333 -0.3404
vn 0.0971 0.9712 0.2175
vn -0.2590 0.1248 0.9578
vn -0.2536 0.0829 0.9638
vn -0.1361 0.1050 0.9851
vn -0.1470 0.9776 -0.1504
vn -0.0394 0.9477 -0.3167
vn -0.4121 0.1715 0.8948
vn -0.0612 0.9881 -0.1413
vn -0.1188 0.9881 -0.0978
vn 0.2449 0.9152 0.3199
vn -0.2669 0.2942 0.9177
vn 0.5369 0.7898 -0.2964
vn 0.3538 0.8982 -0.2609
vn -0.2313 0.1110 0.9665
vn -0.2508 -0.0275 0.9677
vn -0.1211 0.9697 0.2123
vn 0.0261 0.9780 0.2071
vn -0.0725 0.9939 -0.0836
vn -0.4867 0.1687 0.8572
vn -0.4833 -0.0379 0.8746
vn -0.3389 0.0121 0.9407
vn -0.6890 0.1316 0.7127
vn -0.5077 0.1230 0.8527
vn 0.0019 0.3524 0.9359
vn -0.3647 0.2822 0.8873
vn -0.3854 0.2115 0.8982
vn -0.2571 0.4714 0.8436
vn 0.2758 0.9418 -0.1920
vn -0.1183 0.9877 0.1025
vn -0.1868 0.9824 0.0102
vn 0.1098 0.9901 -0.0878
vn -0.6424 0.6206 0.4497
vn -0.7778 0.6128 0.1395
vn -0.6315 0.7154 0.2990
vn -0.4379 0.8964 0.0682
vn -0.0898 0.9959 -0.0145
vn -0.2730 0.9402 0.2037
vn -0.4727 0.8770 0.0859
vn -0.1351 0.9708 0.1982
vn -0.5335 0.8323 0.1505
vn -0.3668 0.9255 0.0941
vn -0.1380 0.9854 0.1000
vn -0.2466 0.9544 0.1685
vn -0.0921 0.9562 0.2779
vn -0.0781 0.9368 0.3409
vn 0.3430 0.9192 0.1934
vn 0.3696 0.9291 0.0152
vn -0.3330 0.8980 -0.2875
vn -0.1001 0.9021 -0.4198
vn -0.2769 0.9494 -0.1484
vn -0.4770 0.8408 -0.2560
vn -0.3515 0.8607 -0.3684
vn -0.3600 0.8214 -0.4424
vn -0.2131 0.9758 0.0488
vn 0.0191 0.9976 0.0672
vn -0.1637 0.9582 -0.2348
vn -0.5206 0.7976 -0.3046
vn -0.4018 0.8993 -0.1724
vn -0.1865 0.9778 -0.0956
vn -0.5919 0.7567 -0.2776
vn 0.2358 0.9552 -0.1788
vn 0.4438 0.8902 0.1026
vn 0.0324 0.9942 -0.1023
vn -0.4528 0.2455 0.8572
vn -0.2516 0.3425 0.9052
vn -0.4943 0.1873 0.8489
vn -0.2775 -0.0663 0.9584
vn -0.1880 0.1606 0.9690
vn -0.2523 0.0763 0.9646
vn -0.2997 0.1477 0.9425
vn 0.1691 0.6115 0.7729
vn -0.5130 0.1064 0.8518
vn -0.6473 0.0865 0.7573
vn -0.0443 0.3825 0.9229
vn -0.1474 0.1499 0.9777
vn -0.2347 0.1853 0.9542
vn -0.2005 0.4180 0.8860
vn -0.4378 0.8889 0.1348
vn -0.2428 0.9686 0.0533
vn 0.3805 0.0180 0.9246
vn 0.4134 0.1936 0.8897
vn 0.3549 0.2479 0.9014
vn 0.6770 -0.2500 0.6922
vn 0.6706 -0.0273 0.7413
vn 0.7750 -0.0513 0.6298
vn 0.4473 -0.0962 0.8892
vn 0.3844 0.0114 0.9231
vn 0.4978 -0.0107 0.8672
vn 0.5540 0.2550 0.7925
vn 0.4072 0.1498 0.9010
vn 0.4389 0.3325 0.8348
vn 0.3548 0.3118 0.8814
vn 0.4339 0.0868 0.8968
vn 0.6305 -0.0972 0.7701
vn 0.6100 -0.1546 0.7772
vn 0.6690 -0.1367 0.7306
vn 0.7535 -0.1151 0.6473
vn 0.6549 0.1133 0.7472
vn 0.6605 0.2707 0.7004
vn 0.5515 -0.0304 0.8336
vn 0.5839 -0.0209 0.8115
vn 0.5705 0.2341 0.7872
vn 0.6580 0.4185 0.6261
vn 0.6168 0.3895 0.6839
vn -0.2029 0.3403 0.9181
vn -0.1588 0.2028 0.9662
vn -0.0216 0.3347 0.9421
vn -0.0513 0.3278 0.9434
vn -0.7199 0.6769 -0.1536
vn -0.5762 0.8037 0.1484
vn -0.6177 0.7603 -0.2008
vn 0.0414 0.9034 0.4268
vn -0.1347 0.9048 0.4039
vn 0.1047 0.9844 0.1416
vn -0.4844 0.7428 0.4622
vn -0.5725 0.7155 0.4004
vn -0.4586 0.8746 -0.1575
vn 0.2501 0.9346 -0.2530
vn -0.3184 0.9443 -0.0828
vn -0.2501 0.9642 -0.0885
vn -0.2541 0.9655 -0.0572
vn -0.1907 0.9740 -0.1219
vn -0.2092 0.8633 0.4593
vn 0.0280 0.9974 0.0663
vn -0.0115 0.9878 -0.1550
vn -0.0961 0.9926 0.0747
vn -0.3947 0.9165 0.0652
vn -0.5976 0.7886 0.1450
vn -0.4965 0.7528 -0.4321
vn 0.2012 0.9592 -0.1989
vn -0.2673 0.9611 -0.0694
vn -0.4353 0.8868 0.1552
vn -0.5363 0.7994 0.2707
vn -0.2162 0.9735 -0.0741
vn 0.0578 0.9841 -0.1677
vn -0.1554 0.9011 -0.4048
vn -0.5612 0.8269 0.0365
vn 0.2070 0.8980 -0.3883
vn -0.6443 0.7585 0.0971
vn -0.7720 0.0058 0.6355
vn -0.8660 0.1372 0.4809
vn -0.8257 0.1740 0.5366
vn -0.8697 0.3963 0.2943
vn -0.9487 0.2779 0.1509
vn -0.8222 0.0226 0.5687
vn -0.7195 0.6677 0.1912
vn -0.7728 0.4895 0.4039
vn -0.8390 0.1293 0.5285
vn -0.5181 0.8402 -0.1603
vn -0.6791 0.7281 -0.0935
vn -0.9412 0.3288 -0.0784
vn -0.8064 0.5743 -0.1411
vn -0.8829 0.4604 0.0927
vn -0.6076 0.6999 -0.3754
vn -0.6332 0.7673 -0.1016
vn -0.3677 0.9283 -0.0555
vn -0.3879 0.9102 -0.1455
vn -0.6405 0.7674 -0.0310
vn -0.7154 0.6847 -0.1390
vn -0.7031 0.7090 -0.0540
vn -0.8222 0.5644 0.0730
vn -0.7781 0.1944 0.5973
vn -0.5902 0.8056 -0.0524
vn -0.7417 0.6294 0.2318
vn -0.7646 0.6102 -0.2076
vn -0.5468 0.8373 -0.0007
vn -0.1615 0.9833 0.0838
vn -0.6839 0.7181 0.1288
vn -0.3510 0.9357 0.0360
vn -0.5050 0.8409 -0.1947
vn 0.0867 0.9322 0.3513
vn -0.6761 0.7362 0.0294
vn -0.1410 0.9604 0.2403
vn -0.3777 -0.1462 0.9143
vn -0.2937 -0.0780 0.9527
vn -0.3471 0.2738 0.8970
vn -0.3161 -0.0911 0.9443
vn -0.3814 0.2062 0.9011
vn -0.7937 0.5603 0.2369
vn 0.3288 0.6093 0.7216
vn 0.0883 0.9203 0.3811
vn 0.3466 0.4207 0.8384
vn 0.0355 0.9834 0.1778
vn -0.0637 0.9953 0.0725
vn -0.1047 0.9919 0.0724
vn 0.2330 0.6369 0.7349
vn 0.3840 0.4965 0.7784
vn 0.1352 0.6976 0.7036
vn 0.0119 0.8412 0.5407
vn -0.0442 0.8477 0.5287
vn 0.0636 0.8764 0.4773
vn -0.2352 0.9610 0.1456
vn 0.2398 0.7609 0.6030
vn -0.5048 0.8625 -0.0363
vn 0.3145 0.7703 0.5547
vn 0.1299 0.9682 0.2140
vn -0.2108 0.9775 0.0003
vn -0.1733 0.9845 -0.0253
vn 0.0337 0.9486 0.3147
vn -0.0789 0.9682 0.2373
vn -0.0616 0.9944 0.0855
vn -0.0332 0.9964 -0.0786
vn 0.1982 0.9798 -0.0263
vn 0.1901 0.9548 0.2287
vn -0.0417 0.9901 0.1340
vn 0.0643 0.9940 0.0879
vn -0.0666 0.9012 0.4283
vn -0.1890 0.9049 0.3812
vn -0.2628 0.4837 0.8348
vn -0.1545 0.4434 0.8829
vn 0.0541 0.9907 0.1250
vn -0.4918 0.2080 0.8455
vn -0.4251 0.2286 0.8758
vn -0.2359 0.1025 0.9664
vn 0.0632 0.9980 0.0074
vn 0.0339 0.9193 0.3921
vn 0.0274 0.9989 0.0393
vn -0.0701 0.3677 0.9273
vn 0.0156 0.9982 0.0571
vn -0.0750 0.6655 0.7426
vn -0.7027 0.7115 0.0025
vn 0.2205 0.8864 0.4070
vn -0.2700 0.9211 -0.2804
vn -0.2470 0.6535 0.7155
vn 0.0428 0.8996 0.4347
vn 0.2502 0.4142 0.8751
vn 0.1653 0.4806 0.8612
vn 0.2054 0.8930 0.4004
vn 0.2437 0.8743 0.4198
vn 0.0231 0.8876 0.4601
vn 0.2067 0.7812 0.5890
vn 0.0624 0.9571 0.2830
vn 0.0704 0.8813 0.4673
vn 0.0912 0.7182 -0.6899
vn 0.0353 0.8977 -0.4392
vn 0.0285 0.9664 -0.2553
vn -0.1247 0.8838 -0.4509
vn 0.0287 0.4681 -0.8832
vn 0.1962 0.3154 -0.9285
vn -0.2164 0.6198 -0.7543
vn 0.1050 0.3952 -0.9126
vn -0.0619 0.5230 -0.8501
vn 0.1759 0.4711 -0.8644
vn 0.2463 0.7941 -0.5557
vn 0.1292 0.9797 0.1533
vn 0.2727 0.3454 -0.8979
vn 0.8411 0.3454 0.4162
vn 0.8328 0.3529 0.4264
vn 0.8671 0.0008 0.4982
vn 0.8330 0.0706 0.5488
vn 0.8238 -0.0269 0.5662
vn 0.8826 0.0042 0.4702
vn 0.8970 -0.0275 0.4412
vn 0.9272 0.3226 0.1904
vn 0.4937 0.8230 -0.2809
vn 0.7879 0.5884 -0.1819
vn 0.1984 0.5670 0.7995
vn 0.1605 0.3470 0.9240
vn 0.1110 0.1800 0.9774
vn 0.0336 0.1630 0.9861
vn -0.0165 0.1170 0.9930
vn -0.1117 0.5398 0.8343
vn 0.1694 0.4809 -0.8603
vn 0.3922 0.6288 -0.6714
vn -0.0794 0.9615 -0.2630
vn 0.0856 0.9200 0.3824
vn -0.3517 0.3827 0.8543
vn -0.1203 0.1661 0.9787
vn 0.2106 0.4888 0.8466
vn 0.1992 0.8735 0.4442
vn -0.1683 0.9644 0.2038
vn 0.1855 0.9717 -0.1464
vn 0.0899 0.9425 -0.3218
vn 0.2771 0.9303 -0.2404
vn -0.4297 0.7889 -0.4393
vn -0.3350 0.6520 -0.6802
vn 0.4516 0.5981 -0.6620
vn 0.2444 0.9565 -0.1594
vn 0.6006 0.7386 -0.3062
vn 0.5172 0.7047 0.4858
vn 0.0286 0.8965 -0.4421
vn 0.0816 0.9913 -0.1037
vn 0.1379 0.9507 0.2777
vn -0.0349 0.9391 -0.3418
vn -0.1982 0.8851 -0.4211
vn -0.0513 0.9949 -0.0865
vn 0.0149 0.9625 -0.2709
vn -0.0266 0.9199 -0.3913
vn -0.1426 0.9368 -0.3194
vn 0.0875 0.9494 0.3015
vn -0.0447 0.9980 0.0445
vn -0.3080 0.9480 0.0804
vn -0.4315 0.8991 0.0736
vn -0.1935 0.9811 0.0004
vn -0.4820 0.7468 -0.4583
vn 0.2093 0.8984 -0.3861
vn 0.0370 0.8799 -0.4737
vn -0.1178 0.9575 0.2632
vn 0.4978 0.6644 -0.5574
vn 0.7275 0.6329 -0.2649
vn 0.6128 0.7360 -0.2877
vn 0.3263 0.8670 0.3766
vn 0.3773 0.4197 0.8255
vn 0.5649 0.0114 0.8251
vn 0.6555 0.2544 0.7110
vn 0.4982 0.8669 0.0168
vn 0.0751 0.9414 -0.3289
vn 0.2878 0.9546 -0.0765
vn 0.1479 0.9869 -0.0639
vn -0.0708 0.9472 -0.3126
vn -0.3296 0.9262 -0.1831
vn 0.1648 0.9781 -0.1274
vn 0.5639 0.7892 0.2433
vn 0.0333 0.9794 -0.1990
vn 0.8099 0.5771 0.1045
vn -0.2925 0.9478 -0.1270
vn -0.0712 0.9914 -0.1103
vn 0.0244 0.9869 0.1597
vn -0.0662 0.7106 -0.7004
vn 0.1767 0.9823 0.0622
vn 0.0909 0.9483 -0.3041
vn 0.1644 0.8533 -0.4949
vn -0.1149 0.9843 0.1338
vn -0.4691 0.8796 -0.0787
vn 0.3502 0.0732 0.9338
vn 0.3513 0.8825 -0.3127
vn 0.6916 0.2830 0.6645
vn 0.7096 0.3455 0.6141
vn 0.5145 0.8553 0.0611
vn 0.5842 0.6651 -0.4651
vn 0.6001 -0.0521 0.7982
vn 0.5643 -0.1027 0.8192
vn 0.6239 0.4477 0.6406
vn 0.4469 -0.0486 0.8932
vn 0.5289 -0.1553 0.8343
vn 0.3976 -0.1085 0.9111
vn 0.7277 -0.0390 0.6848
vn 0.5478 0.0165 0.8364
vn 0.3072 -0.0650 0.9494
vn 0.4873 0.4053 0.7735
vn 0.3208 0.1389 0.9369
vn 0.3416 -0.0895 0.9356
vn 0.6831 0.2162 0.6976
vn -0.2193 0.5297 0.8194
vn -0.1956 0.6766 0.7099
vn -0.1367 0.7352 0.6639
vn -0.0675 0.6872 0.7233
vn -0.0037 0.9457 0.3249
vn 0.1224 0.9630 0.2401
vn -0.6607 -0.0143 0.7505
vn -0.1192 0.8800 0.4598
vn -0.5980 0.0560 0.7995
vn -0.4408 0.1289 0.8883
vn -0.3285 0.3540 0.8756
vn -0.5370 0.0820 0.8396
vn -0.7367 0.0395 0.6751
vn -0.5169 0.1983 0.8328
vn 0.4156 0.8868 0.2023
vn 0.3146 0.9212 0.2289
vn 0.4216 0.8446 0.3301
vn -0.4174 0.1882 0.8890
vn 0.2618 0.0074 0.9651
vn 0.3237 0.7944 0.5139
vn 0.2172 0.9003 0.3773
vn 0.3990 0.8583 0.3227
vn 0.0603 -0.0487 0.9970
vn 0.0231 0.1139 0.9932
vn 0.1824 0.0987 0.9783
vn 0.2920 0.7428 0.6024
vn 0.2714 0.8920 0.3615
vn -0.0744 0.8010 0.5940
vn -0.2365 -0.0023 0.9716
vn 0.3266 0.1015 0.9397
vn 0.2399 -0.1149 0.9640
vn 0.1895 -0.1297 0.9733
vn 0.1217 0.7764 0.6184
vn 0.0407 -0.0690 0.9968
vn 0.1793 0.0153 0.9837
vn -0.1162 -0.0554 0.9917
vn -0.1199 0.0656 0.9906
vn 0.0793 0.9597 0.2696
vn 0.2274 0.1356 0.9643
vn -0.4238 0.0912 0.9011
vn -0.3943 0.2864 0.8732
vn -0.1229 -0.0583 0.9907
vn -0.0934 0.9506 0.2960
vn -0.0410 0.9732 0.2263
vn 0.3423 0.1150 0.9325
vn 0.0583 0.9575 0.2826
vn 0.0536 0.1175 0.9916
vn -0.1365 0.1335 0.9816
vn -0.5064 0.6290 0.5899
vn 0.8228 0.4736 0.3142
vn 0.6284 0.7351 0.2545
vn 0.6627 0.5697 0.4860
vn 0.6787 0.4813 0.5547
vn 0.5715 0.6579 0.4905
vn 0.6110 0.5732 0.5460
vn 0.6253 0.0016 0.7804
vn 0.8400 0.0493 0.5404
vn 0.7649 0.0587 0.6414
vn 0.8213 0.0034 0.5705
vn 0.3973 0.7491 0.5302
vn 0.3819 0.8154 0.4350
vn 0.5017 0.7202 0.4791
vn 0.8386 -0.0308 0.5439
vn 0.7410 -0.0273 0.6710
vn 0.7770 -0.0649 0.6261
vn 0.4717 0.7325 0.4908
vn 0.8993 0.2766 0.3387
vn 0.8461 0.3469 0.4047
vn 0.8576 0.1988 0.4744
vn 0.7635 0.6376 0.1027
vn 0.7617 0.6270 0.1631
vn 0.8846 -0.0324 0.4653
vn 0.9074 0.0290 0.4193
vn 0.7213 0.0202 0.6924
vn 0.7879 0.2613 0.5576
vn 0.7886 0.3892 0.4760
vn 0.6527 -0.0341 0.7569
vn 0.5762 -0.0285 0.8168
vn 0.5726 -0.0283 0.8193
vn 0.7426 0.2563 0.6188
vn 0.5063 0.8621 -0.0203
vn 0.0679 0.9918 0.1080
vn 0.5186 0.6377 0.5696
vn 0.1496 0.7962 0.5862
vn 0.8649 -0.0211 0.5015
vn 0.7867 -0.0473 0.6155
vn 0.3900 0.7606 0.5191
vn -0.2674 0.2324 0.9351
vn 0.6950 -0.0845 0.7140
vn 0.3640 0.8153 0.4503
vn 0.3520 0.8376 0.4178
vn 0.4304 0.8343 0.3446
vn 0.8775 0.4150 0.2404
vn 0.1295 0.9821 0.1370
vn 0.4564 0.8895 0.0218
vn -0.1346 0.8513 -0.5072
vn -0.3444 0.9388 -0.0101
vn 0.5209 0.5717 0.6339
vn -0.0110 0.9706 -0.2404
vn -0.1280 0.9573 0.2592
vn -0.0832 0.3871 0.9183
vn 0.7715 0.3737 0.5149
vn 0.6471 0.7406 0.1809
vn -0.1668 0.9190 -0.3572
vn 0.1629 0.8007 -0.5765
vn 0.6080 0.7923 -0.0503
vn 0.7816 0.6212 -0.0566
vn 0.5237 0.8511 -0.0367
vn 0.7158 0.6685 0.2020
vn 0.4460 0.8945 -0.0304
vn 0.0687 0.3053 0.9498
vn 0.5242 0.5206 -0.6739
vn -0.2452 0.1723 0.9540
vn 0.7478 -0.0151 0.6638
vn 0.2271 0.8921 0.3907
vn -0.0223 0.9553 0.2947
vn 0.4097 0.8478 0.3368
vn -0.2346 0.6559 0.7175
vn -0.0042 0.9624 0.2716
vn -0.2027 0.7945 0.5724
vn 0.0036 0.3766 0.9264
vn 0.6045 0.3316 0.7244
vn 0.2746 0.6599 0.6994
vn 0.1215 0.1528 0.9808
vn 0.4549 -0.0028 0.8906
vn 0.3078 0.1725 0.9357
vn 0.5780 0.3038 0.7574
vn 0.6771 -0.0060 0.7358
vn 0.6681 0.5076 0.5440
vn 0.6669 0.3260 0.6701
vn 0.3603 0.7985 0.4823
vn -0.1849 0.5851 0.7896
vn 0.4425 0.8115 0.3817
vn -0.0047 0.5769 0.8168
vn 0.2786 0.6920 0.6660
vn 0.4645 0.6074 0.6444
vn -0.3515 0.1912 0.9165
vn 0.2252 0.4062 0.8856
vn 0.2919 0.7901 0.5390
vn 0.5745 0.5397 0.6153
vn 0.4241 0.7608 0.4912
vn 0.1663 0.0415 0.9852
vn 0.4794 0.8443 0.2395
vn 0.3100 0.9478 0.0743
vn 0.3485 0.9361 -0.0481
vn 0.3468 0.5978 0.7227
vn 0.1466 0.7119 0.6868
vn 0.1442 0.3675 0.9188
vn 0.3294 0.4811 0.8124
vn 0.3679 0.8854 0.2842
vn 0.3431 0.8150 0.4670
vn 0.4739 0.6682 0.5736
vn -0.3636 0.0893 0.9273
vn -0.1940 0.0727 0.9783
vn -0.2754 0.1259 0.9530
vn -0.4633 0.0606 0.8841
vn -0.3985 0.0463 0.9160
vn -0.3829 0.0661 0.9214
vn -0.3956 0.0953 0.9135
vn -0.3672 0.0342 0.9295
vn -0.5313 0.0306 0.8466
vn -0.4200 -0.0383 0.9067
vn -0.9796 0.0969 0.1760
vn -0.9595 0.0568 0.2757
vn -0.9743 0.0460 0.2207
vn -0.9667 -0.0057 -0.2560
vn -0.9420 -0.0356 -0.3337
vn -0.9989 0.0084 0.0462
vn -0.9607 0.0720 0.2681
vn -0.9658 -0.0316 0.2575
vn -0.9999 -0.0089 0.0115
vn -0.9922 0.0037 0.1244
vn -0.9930 0.0065 -0.1176
vn -0.9354 -0.0279 -0.3526
vn -0.9128 0.0230 -0.4076
vn -0.8861 -0.0187 -0.4631
vn -0.8595 0.0962 -0.5020
vn -0.9000 0.0768 -0.4290
vn -0.8430 0.0691 -0.5335
vn -0.9813 0.1046 0.1617
vn -0.9910 0.0638 0.1180
vn -0.9919 0.0678 -0.1075
vn -0.9189 -0.0248 -0.3938
vn -0.9551 -0.0312 -0.2945
vn -0.9050 0.0581 -0.4214
vn -0.9588 0.0349 -0.2820
vn -0.9628 0.0520 -0.2651
vn -0.9568 0.1439 0.2526
vn -0.9621 0.0852 0.2590
vn -0.8368 -0.0173 -0.5472
vn -0.8392 0.0311 -0.5430
vn -0.8029 -0.0199 -0.5958
vn -0.8805 -0.0228 -0.4735
vn -0.9953 0.0597 -0.0767
vn -0.9880 -0.0377 -0.1497
vn -0.9733 0.0239 -0.2283
vn -0.9673 0.0368 -0.2511
vn -0.9968 0.0661 -0.0438
vn -0.9889 0.0454 -0.1413
vn -0.9758 0.0352 0.2160
vn -0.9526 0.0190 0.3035
vn -0.9939 0.0546 0.0955
vn -0.8836 0.0139 -0.4680
vn -0.8105 0.0338 -0.5847
vn -0.9887 -0.0068 -0.1495
vn -0.8430 0.0873 -0.5307
vn -0.9267 -0.0365 -0.3741
vn -0.9073 -0.0424 0.4183
vn -0.9686 -0.0477 -0.2442
vn -0.9941 0.0076 0.1084
vn -0.8202 0.0991 -0.5634
vn -0.9818 0.0716 -0.1760
vn -0.9214 0.0918 -0.3776
vn -0.9873 0.0792 0.1380
vn -0.9766 0.0069 -0.2149
vn -0.9923 0.0637 0.1062
vn -0.9387 0.0391 -0.3425
vn -0.9904 -0.0177 -0.1369
vn -0.9764 -0.0287 -0.2141
vn -0.9338 -0.0409 -0.3553
vn -0.9326 0.0397 -0.3588
vn -0.9653 0.0404 -0.2581
vn -0.9451 0.0387 0.3244
vn -0.8918 0.0778 0.4457
vn -0.9817 0.0379 -0.1866
vn -0.9931 -0.0999 0.0606
vn -0.9774 -0.1288 -0.1679
vn -0.9967 -0.0312 -0.0749
vn -0.9953 0.0073 0.0960
vn -0.9939 -0.0116 0.1094
vn -0.8659 0.0597 -0.4966
vn -0.9629 0.1252 -0.2391
vn -0.9713 0.0292 0.2360
vn -0.9735 0.0630 0.2199
vn -0.9666 0.1587 0.2014
vn 0.7787 0.0389 0.6262
vn 0.7741 0.0708 0.6291
vn 0.7147 0.0559 0.6972
vn 0.4955 -0.0164 0.8685
vn 0.5996 -0.0605 0.7980
vn 0.5789 0.0689 0.8125
vn 0.6141 0.0873 0.7844
vn 0.6878 0.0928 0.7199
vn 0.4354 0.1068 0.8939
vn 0.2490 0.1255 0.9603
vn 0.4860 0.1062 0.8675
vn 0.7084 0.0671 0.7026
vn 0.7756 0.0214 0.6309
vn 0.7013 0.0236 0.7125
vn 0.5898 0.0130 0.8074
vn 0.7100 -0.0496 0.7024
vn -0.9338 0.0618 0.3525
vn -0.9311 0.0686 0.3583
vn -0.9545 0.0699 0.2900
vn -0.8645 -0.0316 -0.5016
vn 0.6912 0.0786 0.7184
vn 0.7447 0.0925 0.6609
vn 0.4168 0.0155 0.9089
vn 0.5107 -0.0362 0.8590
vn 0.6135 0.0199 0.7895
vn 0.6325 -0.0451 0.7733
vn -0.9121 -0.0640 -0.4050
vn 0.8090 -0.0337 0.5868
vn 0.6608 0.0581 0.7483
vn -0.3152 0.0316 0.9485
vn -0.3573 0.0298 0.9335
vn -0.4396 0.0199 0.8980
vn 0.4869 0.0261 0.8731
vn -0.2234 0.0127 0.9746
vn -0.1906 0.0053 0.9817
vn 0.7126 0.0288 0.7010
vn -0.6736 0.0261 0.7386
vn -0.7053 0.0237 0.7085
vn -0.5918 -0.0135 0.8060
vn -0.3871 0.0301 0.9215
vn -0.3017 0.0451 0.9523
vn -0.4261 0.0350 0.9040
vn 0.3664 0.0108 0.9304
vn 0.0939 0.0320 0.9951
vn 0.3471 -0.0685 0.9353
vn 0.1654 -0.0783 0.9831
vn -0.2803 0.0391 0.9591
vn -0.1450 0.0104 0.9894
vn -0.2857 0.0060 0.9583
vn 0.5782 0.0663 0.8132
vn 0.4667 0.0672 0.8818
vn 0.7185 -0.0761 0.6913
vn -0.2579 0.0501 0.9649
vn -0.3203 0.0718 0.9446
vn -0.2938 -0.0234 0.9556
vn -0.1585 0.1979 0.9673
vn -0.0379 0.2017 0.9787
vn -0.0348 0.0611 0.9975
vn 0.0479 0.0783 0.9958
vn 0.0901 -0.0475 0.9948
vn 0.1702 0.0793 0.9822
vn 0.1632 0.1650 0.9727
vn -0.1827 0.0451 0.9821
vn -0.0555 0.0266 0.9981
vn -0.1396 0.0068 0.9902
vn -0.0585 0.0011 0.9983
vn 0.2531 -0.0522 0.9660
vn 0.2352 0.0805 0.9686
vn 0.2692 0.0055 0.9631
vn 0.0896 -0.0522 0.9946
vn -0.5420 0.0024 0.8404
vn -0.5619 0.0076 0.8272
vn -0.5560 0.0129 0.8311
vn -0.5221 0.0209 0.8526
vn -0.6090 0.0038 0.7932
vn -0.6795 -0.0075 0.7337
vn -0.6468 0.0297 0.7621
vn -0.5490 0.0462 0.8346
vn -0.5616 -0.0065 0.8274
vn -0.6294 0.0258 0.7767
vn -0.5775 0.0547 0.8146
vn 0.0621 0.0424 0.9972
vn 0.2194 -0.0007 0.9756
vn 0.0570 -0.0225 0.9981
vn -0.0791 0.0179 0.9967
vn 0.0862 0.0011 0.9963
vn 0.3583 0.0224 0.9333
vn 0.3228 0.0368 0.9458
vn 0.3748 -0.0742 0.9241
vn 0.2891 0.0754 0.9543
vn 0.0476 0.0611 0.9970
vn 0.2003 -0.0428 0.9788
vn 0.2568 -0.0492 0.9652
vn 0.1110 0.0489 0.9926
vn -0.5320 0.0285 0.8463
vn -0.3884 0.0388 0.9207
vn -0.5282 -0.0708 0.8462
vn 0.0113 0.0516 0.9986
vn -0.0765 0.0447 0.9961
vn 0.0454 0.0140 0.9989
vn -0.1232 0.0594 0.9906
vn -0.0307 0.0099 0.9995
vn -0.1941 0.0511 0.9796
vn -0.4482 0.0294 0.8935
vn -0.3328 0.1266 0.9344
vn -0.2164 -0.0214 0.9761
vn -0.1746 0.0608 0.9828
vn -0.1602 -0.0068 0.9871
vn -0.2171 0.0284 0.9757
vn -0.9820 0.0637 -0.1780
vn -0.1982 0.0594 0.9784
vn -0.2154 0.0243 0.9762
vn -0.3202 0.0310 0.9469
vn -0.2097 0.0181 0.9776
vn -0.1838 0.0128 0.9829
vn 0.0547 0.0306 0.9980
vn -0.0609 0.0772 0.9952
vn 0.2596 0.0555 0.9641
vn -0.3344 0.0351 0.9418
vn -0.4391 -0.0132 0.8983
vn -0.2783 -0.0349 0.9599
vn -0.2033 -0.0357 0.9785
vn -0.2350 0.0850 0.9683
vn -0.0875 -0.0469 0.9951
vn -0.1679 -0.0565 0.9842
vn -0.0373 -0.0174 0.9992
vn 0.0613 -0.0340 0.9975
vn 0.4135 0.0828 0.9068
vn 0.4673 -0.0893 0.8796
vn 0.5678 0.0177 0.8230
vn 0.4015 0.0329 0.9153
vn 0.5553 -0.0074 0.8316
vn -0.5527 -0.0095 0.8333
vn -0.5424 -0.0235 0.8398
vn -0.0780 -0.0085 0.9969
vn -0.0552 0.0360 0.9978
vn -0.1714 0.0593 0.9834
vn 0.2713 -0.1071 0.9565
vn 0.3288 -0.1727 0.9285
vn 0.4191 -0.1913 0.8876
vn -0.5731 0.0533 0.8177
vn -0.3998 -0.0059 0.9166
vn -0.3744 0.0789 0.9239
vn -0.3010 0.0619 0.9516
vn 0.5079 -0.0685 0.8587
vn 0.3495 0.0224 0.9367
vn 0.3733 -0.0732 0.9248
vn -0.3297 0.0527 0.9426
vn 0.7566 -0.0457 0.6523
vn 0.7965 -0.0431 0.6031
vn 0.7243 -0.0428 0.6882
vn 0.0969 0.0580 0.9936
vn -0.1781 0.0636 0.9819
vn -0.0424 0.0961 0.9945
vn -0.0721 -0.0010 0.9974
vn -0.3505 0.0275 0.9362
vn -0.3454 0.0910 0.9340
vn -0.3941 0.0497 0.9177
vn -0.4763 0.0226 0.8790
vn -0.4064 -0.0479 0.9124
vn -0.3319 0.1013 0.9379
vn 0.8133 -0.0563 0.5792
vn -0.2350 -0.0303 0.9715
vn -0.3443 -0.0696 0.9363
vn -0.3120 0.0332 0.9495
vn 0.6428 -0.1289 0.7552
vn 0.6063 -0.1453 0.7819
vn 0.7168 -0.1611 0.6784
vn -0.3197 0.0340 0.9469
vn -0.1858 -0.0250 0.9823
vn -0.5577 -0.0284 0.8295
vn -0.4269 -0.0029 0.9043
vn -0.5493 -0.0075 0.8356
vn -0.2715 0.0730 0.9597
vn -0.4220 0.0317 0.9060
vn -0.4744 0.0748 0.8771
vn -0.3223 -0.0532 0.9451
vn -0.1470 0.0512 0.9878
vn 0.5402 -0.1968 0.8182
vn -0.4019 0.0987 0.9103
vn 0.3582 0.0021 0.9337
vn 0.2220 0.0167 0.9749
vn 0.4055 0.0058 0.9141
vn 0.7844 -0.1553 0.6005
vn 0.5595 0.0159 0.8287
vn -0.2535 -0.0151 0.9672
vn 0.1023 -0.0746 0.9920
vn 0.3047 -0.0722 0.9497
vn 0.5214 -0.0221 0.8530
vn 0.7861 -0.0219 0.6178
vn -0.6135 0.0642 0.7871
vn -0.5360 0.0456 0.8430
vn -0.6310 0.0108 0.7757
vn 0.2375 -0.0132 0.9713
vn 0.4501 -0.0330 0.8924
vn -0.5611 0.0101 0.8277
vn -0.5629 0.0179 0.8264
vn -0.6364 0.0532 0.7695
vn -0.6478 -0.0430 0.7606
vn -0.6573 0.0176 0.7535
vn -0.5982 -0.0139 0.8012
vn 0.6797 -0.0825 0.7289
vn -0.4994 0.0436 0.8653
vn -0.6076 0.0279 0.7938
vn -0.5798 0.0351 0.8140
vn -0.6483 0.0603 0.7590
vn 0.6910 -0.0452 0.7214
vn 0.6477 -0.0194 0.7616
vn 0.7144 -0.0266 0.6993
vn -0.6970 0.0413 0.7158
vn -0.6345 0.0662 0.7701
vn -0.6779 0.0468 0.7336
vn -0.7350 0.0368 0.6770
vn -0.7917 0.0207 0.6105
vn 0.7069 -0.0119 0.7072
vn -0.8461 -0.0004 0.5330
vn -0.7895 0.0235 0.6133
vn -0.5217 0.1015 0.8471
vn -0.5724 0.1054 0.8132
vn -0.6715 0.0518 0.7392
vn -0.7389 0.0747 0.6697
vn -0.8813 0.0687 0.4675
vn -0.8925 -0.0064 0.4509
vn -0.9289 0.0569 0.3659
vn -0.6456 0.0415 0.7626
vn 0.5564 -0.0562 0.8290
vn -0.8274 0.0888 0.5546
vn -0.8040 0.0410 0.5932
vn 0.8195 -0.1528 0.5524
vn -0.7603 0.1022 0.6415
vn 0.6268 -0.0465 0.7778
vn -0.8763 0.0002 0.4818
vn -0.9048 0.0401 0.4239
vn -0.5907 -0.0009 0.8069
vn -0.6346 0.0076 0.7728
vn -0.7226 0.0071 0.6913
vn 0.5842 -0.0340 0.8109
vn -0.8153 0.0160 0.5789
vn -0.6541 -0.0106 0.7563
vn -0.6420 -0.0052 0.7667
vn 0.2003 0.0106 0.9797
vn 0.0763 0.0255 0.9968
vn 0.6670 -0.0864 0.7400
vn 0.0468 0.0168 0.9988
vn 0.1023 -0.0567 0.9931
vn -0.0267 -0.0296 0.9992
vn -0.7554 0.0109 0.6552
vn -0.7077 0.0100 0.7065
vn -0.6552 0.0569 0.7534
vn -0.7379 0.0490 0.6731
vn -0.8645 0.1114 0.4901
vn -0.8992 0.0279 0.4367
vn -0.8288 0.1030 0.5500
vn -0.7841 0.0896 0.6142
vn -0.5813 0.0352 0.8129
vn -0.5967 0.0313 0.8019
vn -0.6205 0.0122 0.7841
vn -0.8453 0.0117 0.5341
vn -0.5950 0.0712 0.8006
vn -0.6960 0.0793 0.7136
vn -0.0071 -0.0369 0.9993
vn 0.4804 -0.0715 0.8741
vn -0.7853 -0.0307 0.6183
vn -0.8139 0.0219 0.5806
vn -0.5019 0.0571 0.8631
vn 0.6621 -0.1037 0.7422
vn -0.6970 0.0140 0.7169
vn -0.6893 0.0639 0.7217
vn -0.6202 0.0545 0.7826
vn -0.5275 0.0304 0.8490
vn -0.4877 0.0093 0.8730
vn -0.4695 0.0290 0.8825
vn -0.8675 0.0256 0.4968
vn -0.6476 0.0520 0.7602
vn -0.7099 -0.0111 0.7042
vn -0.6223 -0.0113 0.7827
vn -0.4915 0.0873 0.8665
vn -0.5795 0.0470 0.8136
vn -0.4855 0.0186 0.8740
vn 0.4964 0.0766 0.8647
vn -0.5996 0.0595 0.7981
vn -0.5430 0.0863 0.8353
vn -0.5399 0.0620 0.8394
vn -0.5377 0.0246 0.8428
vn -0.5092 0.0233 0.8604
vn -0.7625 0.0064 0.6469
vn -0.7695 0.0986 0.6310
vn -0.6954 0.0619 0.7160
vn -0.7919 0.0761 0.6059
vn -0.7211 0.0339 0.6920
vn -0.6882 0.0524 0.7236
vn -0.5581 -0.0082 0.8297
vn -0.6155 0.0052 0.7881
vn -0.6138 0.0187 0.7893
vn -0.5414 0.0494 0.8393
vn -0.4834 0.0461 0.8742
vn -0.6131 0.0163 0.7898
vn -0.6847 0.0757 0.7249
vn -0.7358 0.0086 0.6772
vn -0.6602 0.0485 0.7495
vn -0.7462 0.0705 0.6620
vn -0.8383 0.0570 0.5423
vn -0.8187 0.0083 0.5741
vn -0.7416 0.0361 0.6699
vn -0.6244 0.0375 0.7802
vn -0.6794 0.0276 0.7332
vn -0.5891 0.0484 0.8066
vn -0.7481 0.0299 0.6629
vn -0.4657 0.0555 0.8832
vn -0.5661 -0.0074 0.8243
vn -0.3094 0.0051 0.9509
vn -0.1924 0.0168 0.9812
vn -0.2472 0.0953 0.9643
vn -0.4460 0.0607 0.8930
vn -0.5495 0.0314 0.8349
vn -0.8126 0.0161 0.5826
vn -0.7245 0.0121 0.6892
vn -0.6942 0.0436 0.7185
vn -0.2523 0.0321 0.9671
vn -0.7982 0.0424 0.6009
vn -0.4121 0.0114 0.9111
vn -0.4014 0.0357 0.9152
vn -0.4905 0.0474 0.8702
vn -0.5832 0.0906 0.8073
vn -0.5208 0.0565 0.8518
vn -0.4519 0.0471 0.8908
vn -0.5191 0.0296 0.8542
vn -0.3252 0.0193 0.9455
vn -0.5842 0.0330 0.8110
vn -0.5095 0.0200 0.8602
vn -0.3913 0.0393 0.9194
vn -0.5456 0.0029 0.8380
vn -0.8311 0.1079 0.5456
vn -0.0826 -0.0214 0.9964
vn -0.1057 0.0476 0.9933
vn -0.2925 0.1904 0.9371
vn -0.0389 -0.0674 0.9970
vn 0.0147 -0.0501 0.9986
vn -0.0712 0.0282 0.9971
vn -0.1968 -0.0479 0.9793
vn -0.4484 -0.0340 0.8932
vn -0.3997 -0.0171 0.9165
vn -0.2844 -0.0957 0.9539
vn -0.5078 0.0133 0.8614
vn -0.1548 -0.0096 0.9879
vn -0.3225 0.0436 0.9456
vn -0.2604 0.0183 0.9653
vn -0.2740 0.2277 0.9344
vn -0.4041 0.0344 0.9141
vn -0.3021 0.2630 0.9163
vn -0.2932 0.2041 0.9340
vn -0.1696 0.0106 0.9855
vn -0.4392 0.0625 0.8962
vn -0.5453 0.0500 0.8368
vn -0.3824 0.0868 0.9199
vn -0.4096 0.0635 0.9101
vn -0.3526 0.0324 0.9352
vn -0.3866 0.0636 0.9201
vn -0.5260 0.0481 0.8491
vn -0.3437 0.2035 0.9168
vn -0.2222 0.1425 0.9645
vn -0.3454 0.1285 0.9296
vn -0.7819 0.1023 -0.6149
vn -0.8016 0.0902 -0.5910
vn -0.2659 -0.0131 0.9639
vn -0.0434 -0.0942 0.9946
vn -0.6082 0.0635 0.7912
vn -0.6605 0.0656 0.7479
vn -0.9581 0.0781 0.2756
vn -0.9593 0.1630 0.2308
vn -0.9777 0.0084 0.2100
vn -0.8611 0.0590 0.5051
vn -0.8682 -0.0138 0.4961
vn -0.9421 0.0224 0.3345
vn -0.9756 -0.1825 0.1218
vn -0.9847 -0.0143 0.1739
vn -0.9531 -0.1098 0.2821
vn -0.9369 0.0718 0.3420
vn -0.9680 0.0705 0.2410
vn -0.9629 0.0674 0.2613
vn -0.9699 0.0161 0.2428
vn -0.9771 0.0820 0.1966
vn -0.9677 -0.0975 -0.2324
vn -0.9316 -0.0364 -0.3617
vn -0.9846 0.0379 -0.1707
vn -0.9339 -0.0818 0.3479
vn -0.9816 -0.0380 0.1870
vn -0.9153 -0.0203 0.4022
vn -0.9875 0.0376 -0.1528
vn -0.9702 0.1018 -0.2199
vn -0.9888 0.1488 0.0151
vn -0.9693 0.0648 0.2372
vn -0.9870 0.0858 0.1356
vn -0.9572 0.1769 0.2291
vn -0.9536 0.0245 0.3001
vn -0.9427 0.0958 0.3197
vn -0.9033 0.0184 0.4286
vn -0.9974 0.0219 0.0687
vn -0.9071 0.0594 0.4168
vn -0.9238 0.0360 0.3811
vn -0.8820 0.0107 0.4711
vn -0.8876 0.0565 0.4571
vn -0.9053 0.1505 0.3972
vn -0.8117 0.0289 0.5834
vn -0.9084 0.0702 0.4122
vn -0.9362 0.0408 -0.3491
vn -0.9100 -0.0212 -0.4140
vn -0.9418 -0.0379 -0.3340
vn -0.9060 -0.0328 0.4220
vn -0.9480 -0.0636 0.3119
vn -0.9599 0.0498 0.2758
vn -0.9500 0.1480 0.2749
vn -0.9403 0.0373 0.3384
vn -0.9821 0.0855 0.1680
vn -0.9307 0.0224 0.3651
vn -0.9976 0.0221 -0.0657
vn -0.9843 -0.1153 -0.1336
vn -0.9958 -0.0876 -0.0281
vn -0.9964 -0.0821 -0.0232
vn -0.9410 0.0176 0.3380
vn -0.7106 0.0788 0.6992
vn -0.7834 0.0184 0.6212
vn -0.6813 0.0151 0.7319
vn -0.9165 0.0365 0.3984
vn -0.6591 0.0413 0.7509
vn -0.9979 0.0648 0.0023
vn -0.9881 -0.0157 -0.1527
vn -0.9855 0.1169 0.1231
vn -0.9335 -0.1224 0.3372
vn -0.9606 0.0080 0.2778
vn -0.9153 -0.0881 0.3931
vn -0.9840 0.0295 0.1756
vn -0.9954 0.0115 0.0947
vn -0.9997 -0.0092 0.0228
vn -0.9745 -0.0091 0.2241
vn -0.9695 0.1508 0.1930
vn -0.9082 0.0964 0.4073
vn -0.9834 0.0840 0.1611
vn -0.9291 -0.0269 0.3687
vn -0.9742 -0.1058 0.1993
vn -0.9686 0.0789 0.2358
vn -0.9974 -0.0535 0.0480
vn -0.9491 0.2454 0.1977
vn -0.9897 0.1207 0.0772
vn -0.9977 -0.0293 0.0613
vn -0.8264 0.0816 0.5572
vn -0.8932 0.0236 0.4490
vn -0.8865 -0.0030 0.4627
vn -0.9105 0.0276 0.4126
vn -0.9356 0.1340 -0.3267
vn -0.8759 -0.0161 -0.4822
vn -0.9250 0.0025 -0.3799
vn -0.7859 0.1293 -0.6047
vn -0.6934 0.1471 -0.7053
vn -0.1259 -0.0028 0.9920
vn -0.8299 -0.0479 -0.5559
vn -0.7085 0.0775 0.7015
vn -0.8853 -0.0318 -0.4640
vn -0.9506 -0.0083 -0.3102
vn -0.6706 0.0632 -0.7391
vn -0.1649 0.0022 0.9863
vn -0.1247 0.0953 0.9876
vn -0.8581 0.0516 -0.5109
vn -0.7975 -0.0261 -0.6027
vn -0.8140 -0.0038 -0.5809
vn -0.7802 0.0429 -0.6241
vn -0.9412 0.2206 -0.2560
vn -0.9028 0.1135 -0.4148
vn -0.9221 0.0677 -0.3811
vn -0.8684 0.0043 -0.4958
vn -0.7361 -0.0101 -0.6768
vn -0.6845 -0.0249 -0.7286
vn -0.6736 -0.0138 -0.7390
vn -0.7306 -0.0324 -0.6821
vn -0.9691 0.1271 0.2115
vn -0.9515 0.0011 0.3075
vn -0.9126 0.0731 0.4023
vn -0.7714 -0.0002 -0.6364
vn -0.9850 0.1516 -0.0822
vn -0.9246 0.1584 0.3465
vn -0.8825 0.1192 0.4549
vn -0.8432 0.1978 0.4998
vn -0.9587 0.1014 -0.2657
vn -0.8942 0.0630 0.4433
vn -0.9253 0.0457 0.3765
vn -0.9074 0.0265 0.4195
vn -0.9590 0.0822 0.2711
vn -0.9593 0.0326 0.2805
vn -0.8144 0.0635 0.5768
vn -0.7933 -0.0047 0.6089
vn -0.7338 0.0856 0.6739
vn -0.7935 0.0248 0.6081
vn -0.8798 0.0269 0.4746
vn -0.9353 0.1550 0.3180
vn -0.9618 0.0726 0.2641
vn -0.8061 -0.0001 0.5918
vn -0.7866 0.0703 0.6134
vn -0.8253 0.0640 0.5611
vn -0.7964 0.0288 0.6041
vn -0.8229 0.0184 0.5679
vn -0.8944 0.0392 0.4456
vn -0.8321 0.0904 0.5472
vn -0.9035 -0.1911 0.3836
vn -0.8613 -0.0083 0.5080
vn -0.8790 0.0697 0.4717
vn -0.8965 0.0449 0.4408
vn -0.8923 0.1733 0.4168
vn -0.7352 0.0174 0.6776
vn -0.8074 0.0731 0.5854
vn -0.7826 0.0616 0.6195
vn -0.8595 0.1887 0.4750
vn -0.9016 0.0317 0.4314
vn -0.8593 0.0149 0.5112
vn -0.8823 -0.0178 0.4704
vn -0.8724 0.0804 0.4821
vn -0.8643 0.0817 0.4964
vn -0.7982 0.0640 0.5989
vn -0.7159 -0.0267 0.6977
vn -0.7990 0.0798 0.5960
vn -0.8816 0.1120 0.4586
vn -0.9979 0.0594 0.0243
vn -0.8563 0.0815 0.5100
vn -0.0250 0.0028 0.9997
vn 0.1448 -0.0019 0.9895
vn 0.0428 0.0087 0.9990
vn 0.0799 0.1244 0.9890
vn -0.0792 0.0459 0.9958
vn 0.0045 0.1035 0.9946
vn 0.0199 0.1048 0.9943
vn -0.1452 0.0298 0.9890
vn -0.0797 0.0336 0.9963
vn -0.1148 0.0194 0.9932
vn -0.0920 0.0456 0.9947
vn -0.0872 0.0163 0.9961
vn -0.7175 0.0230 0.6962
vn -0.8462 0.0530 0.5303
vn -0.7837 0.0609 0.6182
vn -0.9559 0.1967 -0.2181
vn -0.9906 0.0164 0.1357
vn -0.9939 0.0688 0.0866
vn -0.9971 0.0469 -0.0596
vn -0.8295 0.0660 0.5545
vn -0.7843 -0.0183 0.6201
vn -0.8537 0.1955 0.4827
vn -0.9812 -0.0828 -0.1746
vn -0.9759 -0.2182 0.0021
vn -0.9048 -0.0581 0.4220
vn -0.9622 -0.1434 0.2316
vn -0.9488 -0.0413 0.3130
vn -0.8000 -0.0504 0.5979
vn -0.7400 -0.0018 0.6726
vn -0.9764 -0.0571 0.2083
vn -0.7357 0.0572 0.6749
vn -0.7306 0.0169 0.6826
vn -0.7961 0.1053 0.5959
vn -0.8631 0.0190 0.5047
vn -0.9189 0.0514 0.3912
vn -0.8586 -0.0130 0.5124
vn -0.9346 0.2764 0.2238
vn -0.8741 0.3759 0.3077
vn -0.9260 0.1787 0.3326
vn -0.9061 0.0582 0.4191
vn -0.9511 0.1537 0.2678
vn -0.9410 0.0923 0.3256
vn -0.8590 0.2823 0.4271
vn -0.9066 0.3639 0.2138
vn -0.9344 0.2021 0.2934
vn -0.7904 0.0744 0.6080
vn -0.8086 0.1106 0.5779
vn -0.9537 0.0653 0.2937
vn -0.8853 0.0912 0.4560
vn -0.9873 0.0263 0.1569
vn -0.9920 -0.0889 0.0901
vn -0.8498 0.0797 0.5210
vn -0.7190 0.0735 0.6911
vn -0.6553 0.0813 0.7510
vn -0.9081 -0.0301 0.4177
vn -0.9708 -0.0613 0.2321
vn -0.9788 0.0151 0.2042
vn -0.9380 0.0873 0.3354
vn -0.7092 -0.0365 0.7040
vn -0.6740 0.0628 0.7361
vn -0.7858 0.0616 0.6154
vn -0.7131 0.0753 0.6970
vn -0.9920 -0.1007 0.0758
vn -0.9956 0.0617 -0.0712
vn -0.7937 0.0434 0.6067
vn -0.8239 0.0104 0.5666
vn -0.8050 0.1335 0.5780
vn -0.8081 0.0614 0.5858
vn -0.8516 0.1116 0.5121
vn -0.8124 0.0899 0.5761
vn -0.8865 0.0090 0.4626
vn -0.9725 0.1120 0.2040
vn -0.8017 -0.0072 0.5977
vn -0.9603 -0.0967 0.2617
vn -0.9220 -0.0142 0.3869
vn -0.8674 0.1936 0.4585
vn -0.7634 -0.0562 0.6435
vn -0.9557 0.2897 -0.0523
vn -0.7955 -0.0098 0.6059
vn -0.8546 -0.0227 0.5188
vn -0.9785 0.0400 0.2022
vn -0.9241 -0.0444 0.3797
vn -0.8665 0.0141 0.4989
vn -0.9743 0.2238 -0.0264
vn -0.9673 0.2390 0.0849
vn -0.9455 0.0942 -0.3117
vn -0.9274 0.0769 0.3660
vn 0.0074 -0.0205 0.9998
vn 0.0968 -0.0269 0.9949
vn -0.0081 0.0256 0.9996
vn -0.9998 0.0215 -0.0015
vn -0.9813 0.1556 0.1130
vn -0.9674 0.2203 0.1249
vn 0.0019 0.0374 0.9993
vn -0.9794 0.1874 0.0757
vn -0.0558 0.0952 0.9939
vn -0.0623 0.1426 0.9878
vn -0.2089 0.0313 0.9774
vn -0.2925 0.0547 0.9547
vn 0.4640 -0.5270 -0.7121
vn 0.3601 -0.6837 -0.6347
vn 0.5606 -0.6262 -0.5418
vn 0.2793 0.2262 -0.9332
vn 0.4229 -0.2137 -0.8806
vn 0.0755 -0.7103 -0.6998
vn 0.4978 -0.7229 -0.4791
vn 0.2178 -0.6978 -0.6824
vn 0.7833 0.3872 -0.4863
vn 0.8101 -0.4847 -0.3299
vn -0.4519 0.0198 -0.8918
vn -0.3457 0.3349 -0.8766
vn 0.5614 0.1207 -0.8187
vn 0.6776 0.1076 -0.7275
vn 0.6185 0.0165 -0.7856
vn -0.2384 0.4162 -0.8775
vn 0.4326 -0.0882 -0.8973
vn 0.3962 -0.1595 -0.9042
vn 0.4338 -0.1214 -0.8928
vn 0.3829 0.0540 -0.9222
vn 0.5220 -0.0265 -0.8525
vn 0.6672 0.1892 -0.7205
vn 0.6964 0.2641 -0.6672
vn 0.7153 0.2412 -0.6559
vn 0.9188 -0.1271 -0.3736
vn 0.8072 0.0033 -0.5903
vn 0.8274 -0.2063 -0.5223
vn 0.3772 0.8025 -0.4623
vn 0.7000 0.5498 -0.4558
vn 0.4867 0.7021 -0.5199
vn -0.4267 -0.0406 -0.9035
vn 0.4668 -0.4656 -0.7518
vn 0.5140 -0.3302 -0.7917
vn 0.4339 -0.5341 -0.7256
vn -0.2031 -0.6678 -0.7161
vn -0.3703 -0.5824 -0.7237
vn -0.3232 -0.2009 -0.9248
vn -0.1143 0.5340 -0.8377
vn 0.0573 0.6918 -0.7198
vn 0.7592 0.2655 -0.5942
vn 0.6753 0.3714 -0.6372
vn 0.5713 -0.0484 -0.8193
vn 0.0729 0.3777 -0.9231
vn -0.0677 -0.1048 -0.9922
vn 0.0179 0.0053 -0.9998
vn 0.1422 -0.3725 -0.9171
vn 0.5473 0.1945 0.8140
vn 0.7018 0.5586 0.4420
vn 0.9286 0.0395 0.3691
vn 0.4959 0.4392 -0.7491
vn 0.5406 -0.1970 -0.8179
vn 0.4905 0.3244 -0.8088
vn 0.5249 0.4410 -0.7280
vn 0.0568 -0.4900 -0.8699
vn 0.4427 -0.4137 -0.7955
vn -0.0537 -0.2885 -0.9560
vn 0.1486 -0.2498 -0.9568
vn 0.3372 -0.4908 -0.8034
vn -0.2330 -0.6905 -0.6848
vn 0.1704 0.3210 -0.9316
vn 0.0034 -0.4385 -0.8987
vn 0.5306 0.1694 -0.8305
vn 0.5949 0.2378 -0.7678
vn 0.4165 0.2501 -0.8741
vn 0.8654 0.1430 -0.4802
vn 0.3983 0.3012 -0.8664
vn 0.5958 0.3749 -0.7103
vn 0.4875 0.2687 -0.8308
vn 0.8620 -0.2481 -0.4420
vn 0.8361 -0.3841 -0.3918
vn 0.8808 -0.3501 -0.3187
vn 0.0816 0.2084 -0.9746
vn 0.5912 0.3173 -0.7415
vn 0.6279 0.4784 -0.6139
vn 0.7656 0.3519 -0.5385
vn 0.5969 0.5127 -0.6171
vn 0.8650 0.2641 -0.4267
vn 0.5692 0.4001 -0.7183
vn 0.2949 -0.1561 -0.9427
vn -0.0657 0.1540 -0.9859
vn 0.1367 0.3823 -0.9139
vn -0.0781 0.3817 -0.9210
vn 0.6518 0.2261 -0.7239
vn 0.7167 0.1642 -0.6778
vn 0.8046 -0.0448 -0.5922
vn 0.6874 -0.3130 -0.6554
vn 0.8843 -0.3326 -0.3277
vn 0.1776 -0.2495 -0.9519
vn 0.2560 -0.2526 -0.9331
vn 0.4061 -0.3845 -0.8290
vn 0.7354 0.5845 -0.3428
vn 0.6907 0.5180 -0.5045
vn -0.3158 0.1867 -0.9303
vn 0.1622 -0.1152 -0.9800
vn 0.6668 0.5045 -0.5485
vn 0.5184 0.4499 -0.7272
vn 0.2253 -0.0067 -0.9743
vn 0.3805 0.0470 -0.9236
vn 0.2634 0.1382 -0.9547
vn 0.2361 0.2670 -0.9343
vn 0.5951 0.2161 -0.7740
vn 0.7389 0.1847 -0.6479
vn -0.2029 0.8954 -0.3962
vn 0.7359 -0.1494 -0.6604
vn 0.3979 0.3076 -0.8643
vn 0.4335 -0.2728 -0.8589
vn 0.0649 -0.0317 -0.9974
vn 0.8957 -0.2250 -0.3836
vn 0.2034 -0.2967 -0.9331
vn 0.1092 0.0613 -0.9921
vn 0.3176 0.0760 -0.9452
vn 0.9461 -0.2164 -0.2411
vn 0.6593 0.5269 -0.5364
vn 0.2107 0.1273 -0.9692
vn 0.1474 0.0139 -0.9890
vn 0.3842 0.7091 -0.5912
vn 0.2109 0.3245 -0.9221
vn 0.6488 -0.0903 -0.7556
vn 0.1023 -0.7143 -0.6923
vn 0.0501 -0.1060 -0.9931
vn 0.8555 -0.3248 -0.4032
vn 0.7190 0.2029 -0.6647
vn 0.7515 0.3050 -0.5850
vn 0.6479 -0.2361 -0.7242
vn 0.1886 0.3506 -0.9173
vn 0.1165 0.6082 -0.7852
vn 0.5685 0.4476 -0.6903
vn 0.6203 0.4293 -0.6564
vn 0.5848 -0.1526 -0.7967
vn 0.7477 -0.2051 -0.6316
vn 0.8640 -0.2820 -0.4171
vn 0.8563 -0.0571 -0.5133
vn 0.8975 -0.1114 -0.4266
vn 0.4528 -0.3904 -0.8016
vn 0.5036 -0.1922 -0.8423
vn 0.7006 -0.1771 -0.6912
vn 0.8368 0.0015 -0.5475
vn 0.8677 0.0936 -0.4883
vn 0.8369 0.3301 -0.4366
vn 0.6081 0.7253 -0.3227
vn 0.7396 0.4361 -0.5127
vn 0.3735 -0.1251 -0.9191
vn 0.5036 0.1330 -0.8536
vn 0.1370 0.8207 -0.5547
vn 0.1477 0.8419 -0.5190
vn 0.1183 0.7775 -0.6176
vn 0.6068 0.6843 -0.4044
vn 0.2380 -0.0354 -0.9706
vn 0.3171 -0.3516 -0.8808
vn 0.7157 0.3917 -0.5783
vn 0.2877 -0.0735 -0.9549
vn 0.2907 0.1237 -0.9488
vn 0.7102 0.1578 -0.6861
vn 0.1420 0.7610 -0.6330
vn 0.1116 0.6595 -0.7434
vn 0.5050 0.5087 -0.6973
vn 0.3242 0.8315 -0.4511
vn 0.1834 0.7835 -0.5937
vn 0.1641 0.3722 -0.9135
vn 0.2627 0.4595 -0.8484
vn 0.0796 0.7176 -0.6918
vn 0.1072 0.6764 -0.7287
vn 0.1176 0.6918 -0.7125
vn 0.1639 0.6084 -0.7765
vn 0.0928 0.5785 -0.8104
vn 0.1946 0.2978 -0.9346
vn 0.3339 -0.3992 -0.8539
vn 0.4590 0.2061 -0.8642
vn 0.5495 -0.4803 -0.6836
vn 0.1120 -0.2158 -0.9700
vn 0.2545 0.2340 -0.9383
vn 0.2839 0.3024 -0.9099
vn 0.3010 0.4283 -0.8520
vn 0.8656 -0.2295 -0.4451
vn 0.8377 -0.4491 -0.3107
vn 0.1253 -0.0935 -0.9877
vn 0.7479 -0.1543 -0.6456
vn 0.4836 -0.2956 -0.8239
vn 0.7497 -0.1205 -0.6507
vn 0.7322 -0.0785 -0.6765
vn 0.6396 -0.3733 -0.6720
vn 0.8214 -0.0118 -0.5703
vn 0.7375 0.2444 -0.6295
vn 0.7810 -0.5626 -0.2711
vn 0.3321 0.1607 -0.9295
vn 0.3684 -0.0538 -0.9281
vn 0.3775 0.2905 -0.8793
vn 0.2956 0.4694 -0.8320
vn 0.3772 0.1398 -0.9155
vn 0.3964 0.6274 -0.6703
vn 0.5570 0.7190 -0.4157
vn 0.3609 0.8548 -0.3729
vn 0.2825 0.8110 -0.5124
vn 0.4243 0.8617 -0.2782
vn 0.2771 0.9001 -0.3360
vn 0.4429 0.0384 -0.8957
vn 0.3092 0.6121 -0.7278
vn 0.2711 0.2376 -0.9328
vn 0.3045 0.8102 -0.5009
vn 0.2213 0.8898 -0.3991
vn 0.2320 0.8972 -0.3759
vn 0.1960 0.8897 -0.4122
vn 0.2523 0.8474 -0.4672
vn 0.2586 0.8966 -0.3595
vn -0.3621 0.9282 0.0861
vn 0.5151 0.7674 -0.3819
vn -0.6324 0.7538 0.1787
vn -0.1763 0.9716 0.1578
vn -0.6080 0.6711 0.4242
vn -0.1900 0.9814 0.0262
vn -0.5544 0.7820 0.2849
vn -0.6965 0.5696 0.4363
vn -0.4680 0.8254 -0.3159
vn -0.4422 0.8242 0.3536
vn 0.2370 0.7114 -0.6617
vn 0.9037 -0.2029 0.3771
vn 0.7706 -0.1661 0.6153
vn 0.0160 0.5252 -0.8508
vn -0.3721 0.5949 -0.7124
vn -0.4445 0.2388 -0.8634
vn 0.1900 0.2449 -0.9508
vn -0.3668 0.4274 -0.8263
vn -0.4114 0.0752 -0.9083
vn -0.3790 0.3098 -0.8720
vn -0.2354 0.1325 -0.9628
vn -0.1711 -0.0813 -0.9819
vn -0.0615 0.4791 -0.8756
vn -0.2910 0.5187 -0.8039
vn -0.1741 0.0833 -0.9812
vn 0.0351 0.2095 -0.9772
vn -0.2125 0.3354 -0.9178
vn -0.1908 0.3884 -0.9015
vn -0.2673 0.0910 -0.9593
vn -0.2648 0.2304 -0.9364
vn -0.2475 0.2466 -0.9370
vn 0.0683 0.2917 -0.9541
vn 0.6622 0.1561 -0.7329
vn 0.2792 0.4450 -0.8509
vn 0.0586 0.1343 -0.9892
vn 0.3789 0.6055 -0.6999
vn 0.3486 -0.2608 -0.9003
vn -0.0460 0.1573 -0.9865
vn 0.1664 0.7456 0.6453
vn -0.0382 0.5354 0.8437
vn 0.4466 0.5817 0.6798
vn 0.1551 0.7089 0.6880
vn 0.5060 0.7618 0.4044
vn 0.6596 0.7434 0.1109
vn 0.8456 0.0458 -0.5318
vn 0.9489 -0.1874 -0.2540
vn 0.8258 -0.3085 -0.4722
vn 0.7188 -0.4550 -0.5256
vn 0.9831 0.1504 -0.1043
vn 0.9384 0.0419 -0.3429
vn 0.9376 -0.0628 -0.3419
vn 0.8944 -0.0541 -0.4440
vn 0.8572 -0.1194 -0.5010
vn 0.8480 -0.0726 -0.5250
vn 0.9109 -0.2459 -0.3313
vn 0.8468 0.1346 -0.5145
vn 0.8831 -0.0279 -0.4683
vn 0.9547 -0.1504 -0.2568
vn 0.8211 0.1894 -0.5384
vn 0.9424 0.1342 -0.3063
vn 0.9530 0.2396 -0.1857
vn 0.8020 0.2228 -0.5543
vn 0.8525 0.0407 -0.5211
vn 0.7983 0.1140 -0.5913
vn 0.9887 0.1473 -0.0265
vn 0.9946 0.0434 -0.0947
vn 0.9339 0.3287 -0.1405
vn 0.3922 -0.1265 -0.9111
vn 0.4823 0.1442 -0.8641
vn 0.1946 0.1206 -0.9734
vn 0.6230 -0.0036 -0.7822
vn 0.4167 -0.2609 -0.8708
vn 0.6406 -0.3946 -0.6588
vn 0.3311 -0.4611 -0.8233
vn 0.3734 -0.0886 -0.9234
vn 0.7542 -0.3078 -0.5800
vn 0.2548 -0.2710 -0.9282
vn 0.4634 -0.3859 -0.7977
vn 0.4681 -0.1583 -0.8694
vn -0.2438 0.4010 -0.8830
vn 0.2120 0.6432 -0.7358
vn 0.6269 0.2677 -0.7317
vn 0.8637 0.1736 -0.4732
vn 0.2759 0.1729 -0.9455
vn 0.4721 0.4462 -0.7603
vn 0.6438 0.4954 -0.5832
vn 0.6432 0.2610 -0.7199
vn 0.7210 0.3737 -0.5835
vn -0.1085 0.0663 -0.9919
vn 0.0226 0.1626 -0.9864
vn 0.4293 0.5130 -0.7434
vn 0.4585 0.5594 -0.6906
vn 0.6491 -0.4424 -0.6189
vn 0.5059 -0.6176 -0.6022
vn 0.3812 0.4486 -0.8083
vn 0.4372 0.4649 -0.7699
vn 0.5570 -0.2108 -0.8033
vn 0.5132 0.0479 -0.8569
vn 0.6001 0.7455 0.2900
vn 0.1226 0.3307 0.9358
vn 0.4743 0.4779 0.7394
vn 0.5043 0.7101 0.4914
vn 0.3703 0.5002 0.7827
vn 0.2079 0.2486 0.9460
vn 0.5395 0.7021 0.4648
vn 0.7902 0.2844 0.5429
vn 0.4654 0.2592 0.8463
vn 0.8371 0.2070 0.5063
vn -0.1182 0.9627 -0.2434
vn 0.5623 0.7707 0.2999
vn -0.4537 0.8866 -0.0902
vn -0.3768 0.8008 -0.4655
vn 0.7543 -0.1622 -0.6362
vn -0.3355 0.0531 -0.9406
vn 0.9565 0.0817 0.2800
vn 0.9125 -0.0703 0.4029
vn 0.7388 -0.0541 -0.6717
vn 0.7435 0.6657 0.0631
vn 0.7958 -0.5974 -0.0992
vn 0.3937 0.5796 -0.7135
vn 0.4726 0.3374 -0.8142
vn -0.0255 -0.1997 -0.9795
vn -0.0112 0.1342 -0.9909
vn 0.2908 0.1550 -0.9442
vn 0.2725 -0.1867 -0.9439
vn 0.2556 -0.3679 -0.8940
vn -0.2814 0.0071 -0.9596
vn 0.7832 0.1527 -0.6028
vn 0.8186 0.2143 -0.5329
vn 0.5500 -0.2482 -0.7974
vn 0.5535 -0.1905 -0.8108
vn 0.1984 -0.0683 -0.9777
vn 0.2593 -0.2316 -0.9376
vn 0.7697 -0.3516 -0.5328
vn 0.6933 -0.3227 -0.6444
vn 0.1361 0.8684 -0.4768
vn 0.3047 0.9519 -0.0336
vn 0.0624 0.2607 -0.9634
vn 0.8540 0.0385 -0.5188
vn 0.5486 0.2580 -0.7953
vn -0.0549 -0.1491 -0.9873
vn 0.5742 -0.0535 -0.8170
vn 0.7559 -0.1098 -0.6454
vn 0.6753 -0.4461 -0.5873
vn 0.2914 -0.1342 -0.9471
vn 0.7562 0.0644 -0.6512
vn 0.3504 0.7586 -0.5493
vn 0.4091 0.8080 -0.4240
vn 0.4197 0.8648 -0.2756
vn 0.8768 0.1029 -0.4698
vn 0.4790 0.8200 -0.3133
vn 0.3553 0.7417 -0.5689
vn 0.9157 -0.3099 -0.2557
vn 0.8402 -0.0554 -0.5394
vn 0.6498 0.0165 -0.7600
vn 0.4677 0.6994 -0.5404
vn 0.3262 0.4926 -0.8068
vn 0.7162 0.3872 -0.5806
vn 0.3502 0.8689 -0.3497
vn 0.8771 0.3330 -0.3462
vn 0.9194 -0.1797 0.3500
vn 0.9663 -0.0353 0.2549
vn 0.7067 0.6443 0.2922
vn 0.7948 0.5577 0.2394
vn 0.9181 0.2655 0.2944
vn 0.8697 0.1527 0.4693
vn 0.8157 -0.4698 -0.3374
vn 0.8536 0.5142 0.0838
vn 0.9772 0.2063 -0.0512
vn 0.3395 0.4599 -0.8205
vn 0.8150 0.5792 0.0167
vn 0.9562 0.2925 -0.0104
vn 0.9652 -0.2206 -0.1405
vn 0.2935 0.2342 -0.9268
vn 0.6879 0.7163 0.1169
vn 0.9794 0.0198 0.2009
vn 0.9847 -0.0134 0.1738
vn 0.8300 -0.1676 0.5320
vn 0.9809 0.1570 -0.1145
vn 0.9398 0.3187 -0.1230
vn 0.8807 0.2521 -0.4011
vn 0.5970 0.8005 0.0526
vn 0.8901 -0.4556 -0.0110
vn 0.9554 0.2313 -0.1837
vn 0.8489 -0.2568 0.4619
vn 0.9616 -0.0302 0.2726
vn 0.8888 -0.3512 0.2943
vn 0.4934 0.8305 0.2587
vn 0.7806 0.4699 0.4121
vn 0.5783 0.7819 0.2330
vn 0.4250 0.8834 0.1976
vn 0.8824 -0.4618 0.0898
vn 0.8730 -0.0901 0.4794
vn 0.8474 0.5050 -0.1638
vn 0.8419 -0.3120 0.4403
vn 0.9761 -0.0548 0.2101
vn 0.7781 0.5872 0.2231
vn 0.7495 0.6069 0.2645
vn 0.7618 0.5251 0.3793
vn 0.8210 0.3779 0.4280
vn 0.9910 -0.1008 -0.0882
vn 0.9010 0.3351 0.2755
vn 0.9603 -0.1914 0.2029
vn 0.9685 -0.1263 -0.2146
vn 0.8424 -0.2789 0.4611
vn 0.9528 0.0092 0.3035
vn 0.7249 -0.1755 0.6662
vn 0.6392 -0.1608 0.7521
vn 0.7166 -0.1274 0.6857
vn 0.7602 -0.2433 0.6023
vn 0.7837 0.4157 -0.4615
vn 0.9237 0.2608 -0.2808
vn 0.9279 -0.1719 0.3309
vn 0.8110 -0.1041 0.5758
vn 0.7676 -0.1078 0.6317
vn 0.8777 0.0905 0.4707
vn 0.9037 0.0792 0.4208
vn 0.8606 0.3392 0.3799
vn 0.7527 -0.1723 0.6355
vn 0.9188 -0.1168 0.3771
vn 0.4527 -0.0791 -0.8881
vn 0.0876 -0.2988 -0.9503
vn 0.7898 -0.1873 -0.5840
vn 0.2441 0.2222 -0.9439
vn 0.4574 -0.1598 -0.8748
vn 0.4004 -0.5698 -0.7176
vn -0.0492 -0.5254 -0.8495
vn 0.2495 -0.6737 -0.6956
vn 0.1592 -0.4386 -0.8845
vn 0.3561 -0.5189 -0.7772
vn 0.4516 -0.6524 -0.6087
vn 0.2665 -0.6566 -0.7056
vn 0.6069 -0.5841 -0.5389
vn 0.7146 -0.0450 -0.6980
vn 0.8303 -0.0011 -0.5573
vn 0.8342 0.0445 -0.5497
vn 0.7677 -0.2121 -0.6047
vn 0.9808 -0.0495 -0.1889
vn 0.9198 0.1298 -0.3704
vn 0.9493 -0.1730 -0.2623
vn 0.8721 -0.0397 -0.4877
vn 0.8310 0.1373 -0.5391
vn 0.8662 0.0805 -0.4932
vn 0.7236 -0.4356 -0.5354
vn 0.8282 -0.3944 -0.3981
vn 0.8320 -0.2625 -0.4888
vn 0.8054 0.0297 -0.5920
vn 0.9021 -0.1625 -0.3997
vn 0.9267 0.0126 -0.3755
vn 0.8557 -0.1174 -0.5039
vn 0.8545 -0.1197 -0.5054
vn 0.8883 -0.3287 -0.3207
vn 0.8960 -0.4255 -0.1268
vn 0.9918 -0.0961 -0.0840
vn 0.9945 -0.0976 -0.0369
vn 0.8727 -0.2687 -0.4077
vn 0.9855 -0.1439 -0.0902
vn 0.7080 0.4209 -0.5670
vn 0.8114 0.2583 -0.5243
vn 0.8527 0.3284 -0.4062
vn 0.9521 -0.0396 -0.3034
vn 0.8983 -0.1851 -0.3986
vn 0.9947 -0.0507 -0.0899
vn 0.9793 0.0719 -0.1893
vn 0.7138 0.0463 -0.6988
vn 0.6410 -0.0876 0.7625
vn 0.9462 -0.3025 -0.1151
vn 0.9609 -0.2513 -0.1162
vn 0.6203 0.4559 -0.6383
vn 0.7494 0.0912 -0.6558
vn 0.7582 -0.0064 -0.6520
vn 0.9916 -0.0814 -0.1003
vn 0.9851 -0.1624 -0.0564
vn 0.7399 -0.2247 -0.6340
vn 0.9701 -0.2404 0.0337
vn 0.9932 -0.1063 -0.0482
vn 0.7313 -0.0292 0.6815
vn 0.8000 -0.1255 0.5868
vn 0.8200 0.0527 0.5699
vn 0.8308 -0.5193 -0.2000
vn 0.4437 -0.4105 -0.7967
vn 0.4130 -0.4318 -0.8019
vn 0.5974 -0.3080 -0.7405
vn 0.3338 0.0990 -0.9374
vn 0.6236 0.5770 -0.5275
vn 0.3681 0.1352 -0.9199
vn 0.2741 0.1903 -0.9427
vn 0.4505 0.2894 -0.8446
vn 0.4413 -0.0951 -0.8923
vn 0.7260 -0.1261 0.6761
vn 0.7921 -0.0452 -0.6087
vn 0.8480 -0.2014 -0.4903
vn 0.6456 -0.1705 0.7444
vn 0.2836 0.1455 -0.9479
vn 0.3351 0.1335 -0.9327
vn 0.7704 -0.5494 -0.3234
vn 0.7511 0.2585 0.6075
vn 0.7978 0.2353 0.5551
vn 0.7655 0.0960 -0.6363
vn 0.5118 0.3224 -0.7963
vn 0.2093 -0.6782 -0.7045
vn 0.7480 0.1690 0.6418
vn 0.7949 0.2185 0.5660
vn 0.7934 0.5734 0.2044
vn 0.9011 0.3319 0.2791
vn -0.0379 -0.0723 -0.9967
vn 0.8392 -0.4264 -0.3376
vn 0.3191 0.2644 -0.9101
vn 0.3387 0.3203 -0.8847
vn 0.4530 -0.3647 -0.8135
vn 0.7447 -0.0244 -0.6670
vn 0.5786 -0.2650 -0.7713
vn 0.8918 -0.3812 -0.2437
vn 0.8774 -0.3885 -0.2814
vn 0.8857 -0.2902 -0.3623
vn 0.9043 -0.2331 -0.3577
vn 0.9126 -0.1346 -0.3860
vn 0.9282 -0.1913 -0.3192
vn 0.8223 0.3320 -0.4621
vn 0.1272 0.3229 -0.9378
vn 0.4906 -0.6052 -0.6269
vn 0.7390 -0.4441 -0.5066
vn 0.5880 -0.1292 -0.7985
vn 0.8403 -0.2141 -0.4981
vn 0.3689 -0.2692 -0.8896
vn 0.5572 0.3768 -0.7400
vn 0.0535 -0.2268 -0.9725
vn -0.0631 -0.1258 -0.9900
vn 0.5946 0.0214 -0.8038
vn 0.1652 -0.0170 -0.9861
vn -0.0286 -0.1959 -0.9802
vn 0.2667 0.0417 -0.9629
vn 0.2644 -0.1541 -0.9520
vn -0.0634 0.2293 -0.9713
vn 0.2332 0.1636 -0.9586
vn 0.7254 -0.4018 -0.5589
vn 0.6424 -0.5671 -0.5155
vn 0.2477 -0.2347 -0.9400
vn 0.5744 0.4335 -0.6944
vn 0.9572 -0.0054 -0.2895
vn 0.7878 0.4171 -0.4532
vn 0.8208 0.2415 -0.5177
vn -0.1122 0.0151 -0.9936
vn 0.8906 -0.0874 -0.4462
vn 0.3974 0.8981 0.1883
vn 0.0989 0.9818 -0.1622
vn 0.4856 0.8598 -0.1582
vn 0.8669 -0.3587 -0.3462
vn 0.6057 0.7710 -0.1969
vn 0.5390 0.8000 -0.2637
vn 0.4925 0.8569 -0.1524
vn 0.4852 0.8626 -0.1429
vn 0.1799 0.9832 -0.0312
vn 0.1313 0.9727 -0.1914
vn 0.0190 0.7968 -0.6039
vn 0.2938 0.9365 -0.1915
vn 0.6428 0.7454 -0.1765
vn 0.9543 -0.0279 -0.2975
vn 0.9890 0.0353 0.1437
vn 0.9567 0.1867 -0.2235
vn 0.7773 0.5455 0.3134
vn 0.9209 0.1739 0.3489
vn -0.4377 0.8956 -0.0789
vn 0.2971 0.9385 -0.1759
vn 0.0061 0.9766 0.2148
vn -0.1574 0.9712 -0.1790
vn -0.3456 0.9340 0.0903
vn -0.5537 0.8291 0.0777
vn 0.0575 0.9940 0.0935
vn 0.4628 0.8837 -0.0691
vn 0.1984 -0.2078 -0.9578
vn -0.5550 0.8319 0.0044
vn -0.1859 0.9689 0.1636
vn -0.0374 0.9744 -0.2218
vn -0.5221 0.8175 -0.2429
vn 0.4647 0.8851 -0.0273
vn 0.2761 0.9520 0.1324
vn 0.5244 0.8451 -0.1036
vn 0.2704 -0.4121 -0.8701
vn 0.0466 0.7772 -0.6275
vn 0.4320 0.7742 -0.4626
vn 0.1728 -0.1464 -0.9740
vn 0.1616 0.9867 0.0188
vn 0.9796 0.1083 0.1692
vn 0.5974 0.1450 0.7888
vn 0.6959 0.0079 -0.7181
vn 0.6313 0.7462 0.2114
vn 0.4958 -0.0979 -0.8629
vn 0.4413 0.0219 -0.8971
vn 0.7529 0.1760 -0.6342
vn 0.0357 0.4817 -0.8756
vn -0.3124 0.2496 -0.9166
vn -0.1902 0.6153 -0.7650
vn -0.1229 0.4973 -0.8588
vn 0.4303 0.5956 -0.6783
vn 0.2655 0.9600 0.0888
vn -0.0070 0.9689 0.2472
vn -0.1696 0.9144 0.3677
vn -0.1943 0.8962 -0.3988
vn 0.5093 0.3567 -0.7832
vn 0.3160 -0.0882 -0.9447
vn 0.5211 0.7221 -0.4550
vn 0.1095 0.0075 -0.9940
vn 0.0140 -0.0056 -0.9999
vn 0.1379 -0.1621 -0.9771
vn 0.1209 0.9479 0.2947
vn -0.1093 0.9043 0.4126
vn 0.4402 0.2233 -0.8697
vn -0.2793 0.9563 -0.0867
vn -0.5009 0.8650 -0.0303
vn 0.4385 -0.1566 -0.8850
vn 0.5313 0.1842 -0.8269
vn 0.4885 0.7572 -0.4336
vn -0.1329 0.9272 0.3503
vn 0.1307 0.9479 0.2905
vn 0.2082 -0.0716 -0.9755
vn 0.5014 0.8574 0.1162
vn 0.4662 0.8826 0.0600
vn 0.6524 0.7513 -0.0994
vn -0.0556 0.9627 0.2647
vn 0.0029 0.9695 0.2451
vn 0.2023 0.9793 -0.0027
vn 0.5128 0.3616 -0.7787
vn 0.3134 0.0290 -0.9492
vn 0.3662 0.8441 -0.3918
vn 0.1671 0.9848 -0.0467
vn -0.0914 0.9957 0.0146
vn -0.2051 0.9730 0.1063
vn -0.2491 0.9329 -0.2601
vn -0.1833 0.9704 0.1574
vn 0.1217 0.8348 0.5369
vn -0.3895 0.8756 0.2858
vn 0.1966 0.1595 -0.9674
vn 0.5054 0.5273 -0.6830
vn 0.2041 -0.0663 -0.9767
vn 0.1612 -0.0459 -0.9859
vn 0.5523 0.8326 -0.0409
vn -0.4621 0.8859 0.0410
vn -0.3421 0.8910 0.2983
vn 0.0083 0.8370 0.5472
vn 0.3269 0.8524 -0.4082
vn 0.2840 0.9509 0.1231
vn 0.2273 0.9731 -0.0383
vn 0.1224 0.4487 -0.8853
vn 0.9708 -0.0242 0.2385
vn -0.2660 0.9609 0.0769
vn -0.3787 0.9203 0.0978
vn 0.9383 -0.2702 0.2159
vn 0.6610 0.7492 -0.0418
vn 0.9115 0.4074 0.0569
vn 0.9522 0.2981 -0.0668
vn -0.4373 0.8798 0.1864
vn 0.9402 0.1089 0.3228
vn -0.1714 0.9326 0.3177
vn 0.2731 0.7864 -0.5540
vn 0.0553 -0.2430 -0.9685
vn 0.9431 -0.1439 0.2999
vn 0.9087 -0.0316 0.4162
vn 0.7251 -0.0678 0.6853
vn 0.1749 -0.2308 -0.9571
vn 0.0476 0.9654 0.2563
vn 0.1741 0.9847 0.0110
vn 0.9618 -0.1975 0.1897
vn 0.9437 -0.3232 -0.0699
vn 0.0783 0.9896 0.1207
vn 0.2229 -0.2963 -0.9287
vn -0.2001 0.9758 -0.0884
vn 0.9323 -0.2793 0.2299
vn 0.8784 -0.0762 0.4718
vn 0.9610 0.0525 0.2715
vn 0.9483 -0.0110 0.3171
vn 0.8935 -0.0140 0.4488
vn 0.8335 -0.1021 0.5430
vn 0.6933 0.7155 -0.0859
vn 0.9898 -0.1258 0.0663
vn 0.3954 0.9178 -0.0361
vn 0.8541 0.1097 0.5084
vn 0.9211 -0.0634 0.3841
vn 0.8895 -0.0296 0.4561
vn 0.8590 -0.0115 0.5119
vn 0.9942 -0.1073 -0.0012
vn 0.9984 0.0027 -0.0559
vn 0.9671 0.0514 0.2490
vn 0.9285 0.0424 0.3689
vn 0.9526 -0.0706 0.2959
vn 0.9574 -0.0248 0.2876
vn 0.6295 0.7738 0.0703
vn 0.7123 0.6823 0.1644
vn 0.5417 0.8339 0.1057
vn 0.9971 0.0601 0.0465
vn 0.8453 -0.1748 0.5049
vn 0.7671 0.2122 0.6054
vn 0.8030 -0.1455 0.5780
vn 0.8929 -0.1989 0.4038
vn 0.8568 -0.1558 0.4916
vn 0.9389 0.2967 0.1742
vn 0.9594 0.2814 0.0175
vn 0.8144 0.1778 0.5524
vn 0.7739 0.2595 0.5777
vn 0.7964 0.0698 0.6007
vn 0.9899 0.1418 -0.0023
vn 0.9738 0.0759 -0.2142
vn 0.9775 0.1978 0.0730
vn 0.9298 -0.1693 0.3268
vn 0.8909 -0.0856 0.4460
vn -0.3839 0.0598 -0.9214
vn -0.0761 0.2286 -0.9705
vn 0.3668 0.0924 -0.9257
vn 0.9832 -0.0802 -0.1639
vn 0.7633 0.1326 -0.6323
vn 0.9018 0.1521 -0.4044
vn 0.3536 0.1035 -0.9297
vn 0.9138 -0.3462 0.2124
vn 0.9360 -0.1875 0.2979
vn 0.9574 -0.2747 0.0894
vn 0.9810 -0.1871 0.0514
vn 0.8362 0.3966 0.3787
vn 0.8749 -0.2320 0.4251
vn 0.7828 0.1177 0.6111
vn 0.5076 0.6601 0.5537
vn 0.9325 -0.2092 0.2945
vn 0.8982 -0.1639 0.4079
vn 0.6309 0.5988 0.4934
vn 0.8212 -0.1377 0.5538
vn 0.9176 0.2203 0.3307
vn 0.8269 -0.1953 0.5273
vn 0.6919 -0.2485 0.6779
vn 0.3724 0.0256 -0.9277
vn 0.8805 0.0897 0.4654
vn 0.7847 0.3267 0.5267
vn 0.8158 0.1699 0.5529
vn 0.8407 -0.2899 0.4574
vn 0.8437 -0.0782 0.5311
vn 0.5906 0.4799 0.6488
vn 0.8660 0.0797 -0.4936
vn 0.9631 -0.2644 0.0506
vn 0.7910 -0.2694 0.5493
vn 0.7918 0.1998 0.5772
vn 0.9605 -0.1849 0.2080
vn 0.9491 -0.2588 0.1796
vn 0.9560 -0.2234 0.1902
vn -0.3352 0.7451 0.5766
vn 0.1155 0.5636 0.8180
vn 0.9600 -0.2343 0.1534
vn 0.3502 0.4921 0.7970
vn 0.3367 0.3818 0.8607
vn 0.2727 0.4475 0.8517
vn 0.9413 -0.2278 0.2493
vn 0.3538 0.5921 0.7240
vn 0.3177 0.7951 0.5167
vn -0.0410 0.7163 0.6966
vn 0.9510 -0.2577 -0.1708
vn 0.2932 -0.0859 -0.9522
vn 0.5794 0.2489 0.7761
vn 0.3729 0.5528 0.7452
vn 0.3977 0.4661 0.7903
vn 0.4403 0.6828 0.5830
vn 0.9280 -0.2146 0.3047
vn 0.5615 -0.1725 0.8093
vn 0.0656 0.1525 0.9861
vn 0.8955 0.0104 0.4449
vn -0.1875 0.2796 0.9416
vn -0.2392 0.3588 0.9023
vn 0.8872 0.1803 0.4248
vn -0.4486 0.2089 0.8690
vn 0.6141 0.6892 0.3846
vn -0.0001 0.1416 0.9899
vn 0.9864 -0.0678 -0.1495
vn 0.5824 0.4579 0.6716
vn -0.0177 0.1908 0.9815
vn -0.4553 0.0531 0.8887
vn 0.8675 0.4770 0.1412
vn -0.2509 0.7952 0.5520
vn -0.2129 0.9766 -0.0295
vn -0.0442 0.9374 0.3456
vn 0.1359 0.3860 0.9124
vn -0.6527 0.2076 0.7286
vn -0.1554 0.7900 0.5931
vn -0.5303 0.8114 0.2459
vn -0.4768 0.8783 0.0362
vn -0.6006 0.7486 0.2807
vn -0.4726 0.8803 0.0418
vn -0.2304 0.9712 -0.0610
vn -0.5999 0.7911 0.1194
vn 0.3372 0.9226 0.1871
vn -0.7589 0.6210 0.1959
vn -0.7816 0.5668 0.2606
vn -0.6036 0.7539 0.2594
vn -0.3518 0.9172 0.1870
vn -0.2797 0.9527 0.1188
vn -0.3505 0.8903 0.2907
vn 0.3120 -0.0682 -0.9476
vn 0.2892 -0.0385 -0.9565
vn 0.2875 0.3150 -0.9045
vn 0.6066 -0.4658 -0.6443
vn 0.5258 0.1070 -0.8439
vn 0.6949 0.0867 -0.7139
vn 0.3643 -0.1316 -0.9219
vn 0.3489 -0.1901 -0.9177
vn 0.2813 -0.1116 -0.9531
vn 0.7985 -0.5772 -0.1707
vn 0.7384 -0.5601 -0.3756
vn 0.6665 -0.6747 -0.3171
vn 0.5302 -0.7000 -0.4784
vt 0.504048 0.617225
vt 0.514541 0.608329
vt 0.516577 0.615198
vt 0.507645 0.606252
vt 0.516715 0.599730
vt 0.511279 0.592035
vt 0.521052 0.589268
vt 0.493986 0.612757
vt 0.496870 0.602132
vt 0.506979 0.599052
vt 0.483909 0.609908
vt 0.494507 0.581538
vt 0.528571 0.923091
vt 0.520095 0.918904
vt 0.522075 0.909636
vt 0.513984 0.921082
vt 0.516257 0.913832
vt 0.529994 0.904365
vt 0.537168 0.912803
vt 0.536444 0.935549
vt 0.539212 0.924301
vt 0.507589 0.913253
vt 0.511874 0.906710
vt 0.521670 0.935752
vt 0.520361 0.926592
vt 0.501910 0.905548
vt 0.546951 0.932391
vt 0.542952 0.946243
vt 0.554171 0.956810
vt 0.507283 0.899841
vt 0.498040 0.909928
vt 0.505190 0.923485
vt 0.492229 0.901261
vt 0.499972 0.897872
vt 0.528799 0.938745
vt 0.533951 0.947999
vt 0.540088 0.898652
vt 0.524115 0.947906
vt 0.487687 0.914654
vt 0.515813 0.930166
vt 0.528925 0.955908
vt 0.518732 0.955364
vt 0.380943 0.944878
vt 0.407261 0.951064
vt 0.373497 0.979804
vt 0.402674 0.909826
vt 0.420622 0.927663
vt 0.404155 0.863726
vt 0.420854 0.888151
vt 0.408847 0.766509
vt 0.409985 0.741854
vt 0.424239 0.756272
vt 0.389828 0.876843
vt 0.391407 0.842649
vt 0.420433 0.843929
vt 0.376368 0.809478
vt 0.356177 0.871837
vt 0.405239 0.830304
vt 0.397927 0.808977
vt 0.414069 0.797967
vt 0.397773 0.782875
vt 0.381409 0.768453
vt 0.393060 0.732960
vt 0.398160 0.756560
vt 0.375994 0.917252
vt 0.420628 0.728154
vt 0.433520 0.722735
vt 0.360701 0.745839
vt 0.406803 0.992674
vt 0.441971 0.938307
vt 0.432282 0.906750
vt 0.431740 0.814727
vt 0.441703 0.841744
vt 0.432346 0.840425
vt 0.486342 0.891925
vt 0.477590 0.889935
vt 0.519212 0.929305
vt 0.440228 0.793729
vt 0.449776 0.810005
vt 0.434085 0.872219
vt 0.452298 0.869793
vt 0.446979 0.904777
vt 0.449997 0.784377
vt 0.500441 0.958301
vt 0.487350 0.967072
vt 0.489187 0.941303
vt 0.464219 0.786563
vt 0.458406 0.756844
vt 0.466894 0.902144
vt 0.468874 0.866098
vt 0.469645 0.839438
vt 0.481865 0.851417
vt 0.458654 0.928600
vt 0.475974 0.935358
vt 0.500372 0.937591
vt 0.477826 0.826804
vt 0.490236 0.836706
vt 0.511409 0.938705
vt 0.508598 0.950505
vt 0.469182 0.975070
vt 0.441708 0.772180
vt 0.430409 0.784345
vt 0.517830 0.943750
vt 0.515295 0.947647
vt 0.518355 0.949189
vt 0.457049 0.840852
vt 0.425578 0.961771
vt 0.482966 0.875662
vt 0.489118 0.811491
vt 0.477164 0.799032
vt 0.447872 0.999810
vt 0.667134 0.734501
vt 0.654250 0.715847
vt 0.682178 0.717175
vt 0.464718 0.815418
vt 0.735649 0.665753
vt 0.728569 0.691581
vt 0.697877 0.672285
vt 0.699869 0.624421
vt 0.719029 0.622523
vt 0.703896 0.646797
vt 0.494890 0.884273
vt 0.700510 0.733723
vt 0.683401 0.739950
vt 0.477903 0.776278
vt 0.492008 0.783275
vt 0.686950 0.632673
vt 0.679292 0.655764
vt 0.692248 0.694780
vt 0.674481 0.676725
vt 0.517495 0.873968
vt 0.525993 0.875747
vt 0.519199 0.880909
vt 0.526709 0.836700
vt 0.519136 0.828023
vt 0.526764 0.821728
vt 0.505738 0.870711
vt 0.510560 0.886790
vt 0.520010 0.864066
vt 0.523347 0.869328
vt 0.512502 0.856636
vt 0.511395 0.849285
vt 0.514990 0.842277
vt 0.523414 0.852111
vt 0.535653 0.829916
vt 0.539963 0.847736
vt 0.531982 0.847062
vt 0.498440 0.853598
vt 0.492711 0.866989
vt 0.517347 0.810164
vt 0.530186 0.862191
vt 0.507498 0.847828
vt 0.499301 0.842025
vt 0.543943 0.885303
vt 0.531177 0.887834
vt 0.521105 0.885917
vt 0.508866 0.827128
vt 0.519029 0.897081
vt 0.538862 0.870056
vt 0.691107 0.607005
vt 0.498568 0.828387
vt 0.502528 0.812816
vt 0.707232 0.607504
vt 0.702278 0.584042
vt 0.661205 0.771353
vt 0.660937 0.748215
vt 0.668416 0.752808
vt 0.513918 0.866466
vt 0.736262 0.596626
vt 0.653269 0.745394
vt 0.505445 0.838940
vt 0.696204 0.755817
vt 0.738211 0.641192
vt 0.726371 0.717490
vt 0.735140 0.746364
vt 0.532832 0.801668
vt 0.667405 0.695599
vt 0.681787 0.754418
vt 0.682116 0.775123
vt 0.727272 0.781019
vt 0.712806 0.828236
vt 0.693410 0.806163
vt 0.694890 0.877460
vt 0.678942 0.848270
vt 0.682710 0.891865
vt 0.666629 0.891825
vt 0.669240 0.807209
vt 0.561510 0.597134
vt 0.567047 0.610142
vt 0.556426 0.609154
vt 0.562863 0.620145
vt 0.555328 0.627871
vt 0.591040 0.689515
vt 0.577914 0.680981
vt 0.585832 0.670870
vt 0.534974 0.631539
vt 0.544616 0.640417
vt 0.530164 0.653238
vt 0.551241 0.593897
vt 0.573193 0.595645
vt 0.560312 0.577723
vt 0.570034 0.625091
vt 0.578744 0.618680
vt 0.576860 0.640781
vt 0.565579 0.635971
vt 0.542803 0.665850
vt 0.544333 0.614541
vt 0.556220 0.652900
vt 0.568623 0.652719
vt 0.593221 0.636345
vt 0.586005 0.655489
vt 0.565612 0.674151
vt 0.552856 0.677008
vt 0.571959 0.697026
vt 0.558394 0.703659
vt 0.550005 0.577172
vt 0.577003 0.662309
vt 0.596500 0.665028
vt 0.539474 0.695633
vt 0.580529 0.694834
vt 0.637212 0.736551
vt 0.624014 0.753094
vt 0.643067 0.772017
vt 0.628011 0.786826
vt 0.651724 0.803902
vt 0.618916 0.900140
vt 0.636040 0.896848
vt 0.633650 0.941151
vt 0.657110 0.847004
vt 0.642571 0.863378
vt 0.641204 0.832034
vt 0.610569 0.877258
vt 0.599133 0.903083
vt 0.650277 0.884622
vt 0.638194 0.802650
vt 0.624896 0.821459
vt 0.617149 0.799048
vt 0.607386 0.818824
vt 0.613806 0.944325
vt 0.627531 0.861670
vt 0.657815 0.943140
vt 0.570728 0.721360
vt 0.611369 0.849535
vt 0.574510 0.839523
vt 0.560008 0.839891
vt 0.562420 0.819857
vt 0.607571 0.751076
vt 0.593158 0.757587
vt 0.596118 0.736881
vt 0.570411 0.815644
vt 0.592028 0.717111
vt 0.583780 0.735676
vt 0.580005 0.711204
vt 0.585427 0.702545
vt 0.580604 0.803906
vt 0.572439 0.786674
vt 0.579606 0.773153
vt 0.590959 0.828871
vt 0.596404 0.806013
vt 0.606089 0.792469
vt 0.615325 0.775244
vt 0.603636 0.771192
vt 0.593171 0.784166
vt 0.587420 0.853232
vt 0.596395 0.868923
vt 0.585799 0.869725
vt 0.599298 0.844534
vt 0.582368 0.754653
vt 0.573673 0.749099
vt 0.565366 0.796427
vt 0.552233 0.777364
vt 0.565072 0.768208
vt 0.584182 0.886306
vt 0.577479 0.868336
vt 0.568565 0.887168
vt 0.570024 0.865564
vt 0.560991 0.864829
vt 0.579507 0.915421
vt 0.561901 0.738359
vt 0.643724 0.695565
vt 0.636867 0.716494
vt 0.613258 0.683407
vt 0.630205 0.696533
vt 0.623136 0.721654
vt 0.654651 0.693448
vt 0.650167 0.684651
vt 0.639124 0.670453
vt 0.613162 0.734031
vt 0.604778 0.712804
vt 0.603571 0.730009
vt 0.630844 0.724191
vt 0.657464 0.679440
vt 0.623962 0.655179
vt 0.610105 0.645380
vt 0.608979 0.614891
vt 0.624824 0.579429
vt 0.626270 0.626874
vt 0.641973 0.607450
vt 0.643429 0.562622
vt 0.573198 0.567872
vt 0.583690 0.583795
vt 0.638886 0.639073
vt 0.591559 0.602841
vt 0.593071 0.584052
vt 0.589899 0.557333
vt 0.605828 0.577868
vt 0.393512 0.698286
vt 0.401468 0.670688
vt 0.409658 0.707905
vt 0.392163 0.619170
vt 0.408288 0.641837
vt 0.376571 0.666607
vt 0.413423 0.618696
vt 0.424064 0.645627
vt 0.422707 0.620402
vt 0.376713 0.708194
vt 0.418135 0.676096
vt 0.426133 0.703248
vt 0.432474 0.677434
vt 0.550062 0.871128
vt 0.553647 0.885731
vt 0.548228 0.823862
vt 0.556576 0.900347
vt 0.544487 0.909829
vt 0.551159 0.894721
vt 0.554955 0.801452
vt 0.546111 0.796360
vt 0.540567 0.778289
vt 0.547678 0.894425
vt 0.552973 0.915896
vt 0.548584 0.902531
vt 0.550489 0.853675
vt 0.544414 0.918630
vt 0.450168 0.584930
vt 0.467580 0.592329
vt 0.456538 0.613778
vt 0.432177 0.627048
vt 0.436407 0.595629
vt 0.448812 0.642088
vt 0.444619 0.744415
vt 0.463559 0.722381
vt 0.473779 0.757392
vt 0.485162 0.718659
vt 0.473859 0.733693
vt 0.478379 0.712341
vt 0.438871 0.698717
vt 0.486942 0.736583
vt 0.436506 0.653723
vt 0.475933 0.695127
vt 0.466998 0.639915
vt 0.446875 0.675076
vt 0.453049 0.702489
vt 0.434703 0.764139
vt 0.473326 0.619538
vt 0.467213 0.669221
vt 0.495355 0.699121
vt 0.487465 0.759295
vt 0.515489 0.762418
vt 0.500868 0.762168
vt 0.508821 0.745895
vt 0.493680 0.719177
vt 0.502504 0.712973
vt 0.502241 0.729841
vt 0.482170 0.674862
vt 0.524357 0.745519
vt 0.515757 0.731481
vt 0.524239 0.730458
vt 0.553556 0.752346
vt 0.511305 0.684596
vt 0.502997 0.679417
vt 0.548845 0.726985
vt 0.540284 0.754065
vt 0.533179 0.724831
vt 0.521227 0.671244
vt 0.532153 0.674613
vt 0.523781 0.688501
vt 0.476955 0.652243
vt 0.481448 0.637139
vt 0.491760 0.680377
vt 0.490773 0.667608
vt 0.502317 0.665889
vt 0.511288 0.671539
vt 0.527768 0.771441
vt 0.487104 0.651476
vt 0.495913 0.655981
vt 0.488180 0.659819
vt 0.522578 0.722292
vt 0.517855 0.774644
vt 0.517204 0.789190
vt 0.520811 0.634013
vt 0.519217 0.645444
vt 0.512308 0.636085
vt 0.481446 0.663783
vt 0.507015 0.650561
vt 0.507376 0.777413
vt 0.507065 0.798705
vt 0.499012 0.796378
vt 0.505512 0.788893
vt 0.523875 0.707844
vt 0.496551 0.746587
vt 0.499883 0.785549
vt 0.497911 0.636809
vt 0.511505 0.700957
vt 0.489203 0.622262
vt 0.512303 0.717417
vt 0.516552 0.659814
vt 0.509884 0.625902
vt 0.565973 0.950591
vt 0.559120 0.935339
vt 0.595854 0.949262
vt 0.560524 0.921111
vt 0.564782 0.911598
vt 0.579910 0.956094
vt 0.568397 0.930396
vt 0.509622 0.579839
vt 0.484715 0.599904
vt 0.519824 0.624442
vt 0.525956 0.637969
vt 0.529588 0.612462
vt 0.520862 0.606659
vt 0.524684 0.599719
vt 0.534382 0.584132
vt 0.478664 0.589288
vt 0.528358 0.627574
vt 0.661317 0.661823
vt 0.684030 0.577430
vt 0.674642 0.610339
vt 0.669505 0.638940
vt 0.666272 0.571480
vt 0.657605 0.601734
vt 0.661295 0.622994
vt 0.650215 0.623275
vt 0.653323 0.643022
vt 0.457767 0.030574
vt 0.465235 0.044249
vt 0.451033 0.031139
vt 0.444126 0.034587
vt 0.436557 0.041840
vt 0.438209 0.058964
vt 0.462374 0.026531
vt 0.469237 0.026846
vt 0.495946 0.036697
vt 0.486360 0.026609
vt 0.484538 0.145003
vt 0.476220 0.102037
vt 0.500410 0.141816
vt 0.444986 0.075827
vt 0.457563 0.137387
vt 0.439320 0.127897
vt 0.499428 0.057528
vt 0.479276 0.019624
vt 0.472522 0.138986
vt 0.424520 0.076345
vt 0.431613 0.095094
vt 0.436011 0.109496
vt 0.521790 0.056893
vt 0.510966 0.074340
vt 0.533742 0.097295
vt 0.524381 0.105509
vt 0.522724 0.086062
vt 0.528410 0.066176
vt 0.510997 0.106159
vt 0.516417 0.122055
vt 0.450523 0.022431
vt 0.443593 0.025744
vt 0.426762 0.026310
vt 0.444859 0.018835
vt 0.455251 0.021605
vt 0.413406 0.018208
vt 0.422139 0.001788
vt 0.404528 0.025615
vt 0.448526 0.000346
vt 0.447674 0.013631
vt 0.368339 0.095315
vt 0.367123 0.066075
vt 0.376699 0.073483
vt 0.404259 0.038806
vt 0.383501 0.029279
vt 0.375702 0.048509
vt 0.650988 0.136821
vt 0.650810 0.145314
vt 0.646662 0.150976
vt 0.626977 0.154520
vt 0.633365 0.136289
vt 0.635298 0.146055
vt 0.660791 0.130016
vt 0.656494 0.138370
vt 0.642868 0.143203
vt 0.649678 0.153928
vt 0.647631 0.161525
vt 0.652429 0.159996
vt 0.653754 0.147726
vt 0.630791 0.127716
vt 0.624862 0.145372
vt 0.636183 0.159214
vt 0.642338 0.162474
vt 0.630523 0.159105
vt 0.635890 0.124319
vt 0.641463 0.127323
vt 0.657976 0.177374
vt 0.517792 0.007611
vt 0.505851 0.010622
vt 0.502227 0.000241
vt 0.573426 0.000170
vt 0.565543 0.007364
vt 0.540161 0.000170
vt 0.541221 0.027241
vt 0.531353 0.021169
vt 0.543699 0.018330
vt 0.531226 0.012352
vt 0.546903 0.010837
vt 0.474318 0.000170
vt 0.489185 0.004263
vt 0.474942 0.007835
vt 0.517578 0.016116
vt 0.496732 0.006696
vt 0.616956 0.002517
vt 0.570604 0.016277
vt 0.491838 0.010908
vt 0.466435 0.015451
vt 0.526139 0.024139
vt 0.500010 0.016335
vt 0.470922 0.019135
vt 0.458483 0.008399
vt 0.461447 0.000279
vt 0.560879 0.027245
vt 0.546431 0.033455
vt 0.511518 0.022722
vt 0.494467 0.021405
vt 0.597918 0.075182
vt 0.613511 0.085589
vt 0.593725 0.086661
vt 0.620181 0.097534
vt 0.618164 0.107022
vt 0.614495 0.104156
vt 0.610472 0.090271
vt 0.662084 0.000170
vt 0.633684 0.031752
vt 0.613962 0.094961
vt 0.605680 0.098609
vt 0.662084 0.122208
vt 0.655545 0.122719
vt 0.631607 0.115201
vt 0.625019 0.106502
vt 0.631178 0.103625
vt 0.616225 0.113488
vt 0.608319 0.115044
vt 0.596989 0.109129
vt 0.639521 0.117379
vt 0.650198 0.079272
vt 0.646970 0.056448
vt 0.662084 0.070320
vt 0.544189 0.053638
vt 0.545672 0.044914
vt 0.563725 0.054053
vt 0.638114 0.109667
vt 0.643078 0.114784
vt 0.622337 0.117718
vt 0.577921 0.070225
vt 0.599290 0.063805
vt 0.581285 0.059669
vt 0.593526 0.026937
vt 0.559546 0.040156
vt 0.538314 0.038086
vt 0.638319 0.069102
vt 0.644442 0.088640
vt 0.633263 0.080114
vt 0.620649 0.071441
vt 0.629153 0.089374
vt 0.622137 0.081925
vt 0.648067 0.115602
vt 0.603131 0.051101
vt 0.612838 0.038867
vt 0.613583 0.076608
vt 0.649372 0.099593
vt 0.654913 0.103922
vt 0.650811 0.107255
vt 0.618470 0.081951
vt 0.591695 0.098193
vt 0.654512 0.113221
vt 0.662084 0.109444
vt 0.529745 0.041978
vt 0.504894 0.028057
vt 0.524234 0.029870
vt 0.583128 0.049246
vt 0.572595 0.042645
vt 0.578845 0.036955
vt 0.574149 0.088809
vt 0.576663 0.079485
vt 0.656355 0.092935
vt 0.662084 0.088865
vt 0.561524 0.067953
vt 0.552180 0.060962
vt 0.616289 0.082220
vt 0.638407 0.096941
vt 0.623696 0.092579
vt 0.645377 0.105559
vt 0.645386 0.097014
vt 0.651085 0.092871
vt 0.571118 0.047233
vt 0.626332 0.098537
vt 0.623939 0.099388
vt 0.626750 0.051607
vt 0.626275 0.064644
vt 0.541207 0.068260
vt 0.532760 0.052822
vt 0.515485 0.145025
vt 0.507659 0.156532
vt 0.532879 0.111279
vt 0.540102 0.085314
vt 0.550643 0.073120
vt 0.551511 0.085796
vt 0.559585 0.079620
vt 0.523038 0.136351
vt 0.542915 0.095961
vt 0.551613 0.098050
vt 0.530104 0.128839
vt 0.519937 0.155340
vt 0.544184 0.106448
vt 0.560678 0.091548
vt 0.528833 0.144316
vt 0.528439 0.160611
vt 0.516013 0.164868
vt 0.509716 0.173046
vt 0.541683 0.119666
vt 0.570283 0.099944
vt 0.551955 0.111629
vt 0.542233 0.132313
vt 0.520507 0.170076
vt 0.520584 0.179278
vt 0.533235 0.151157
vt 0.540390 0.144479
vt 0.621230 0.132964
vt 0.615943 0.139801
vt 0.610140 0.129061
vt 0.554397 0.123803
vt 0.552608 0.133177
vt 0.582644 0.103668
vt 0.574953 0.110547
vt 0.560968 0.104586
vt 0.565912 0.117231
vt 0.547829 0.140335
vt 0.598577 0.121930
vt 0.597007 0.155291
vt 0.604800 0.147944
vt 0.611961 0.154031
vt 0.539875 0.154831
vt 0.558071 0.129660
vt 0.566115 0.128434
vt 0.548481 0.169185
vt 0.550997 0.157449
vt 0.621411 0.141435
vt 0.559396 0.138233
vt 0.532181 0.174281
vt 0.587859 0.114862
vt 0.583151 0.126539
vt 0.578723 0.156772
vt 0.592867 0.143280
vt 0.547801 0.187336
vt 0.625055 0.129623
vt 0.626376 0.135170
vt 0.574807 0.140438
vt 0.570449 0.177752
vt 0.616903 0.122322
vt 0.562257 0.162296
vt 0.561560 0.150099
vt 0.600706 0.134310
vt 0.527747 0.192219
vt 0.606711 0.141891
vt 0.613589 0.147273
vt 0.548992 0.148637
vt 0.591529 0.167654
vt 0.602900 0.162654
vt 0.614901 0.161871
vt 0.501876 0.153314
vt 0.572598 0.242200
vt 0.556020 0.230912
vt 0.572269 0.224621
vt 0.539092 0.220384
vt 0.555821 0.218735
vt 0.541204 0.241552
vt 0.662084 0.229152
vt 0.655827 0.256638
vt 0.634974 0.234899
vt 0.589525 0.231483
vt 0.548754 0.205057
vt 0.625160 0.213339
vt 0.568845 0.209371
vt 0.651550 0.205614
vt 0.615418 0.247260
vt 0.562183 0.195008
vt 0.653606 0.189975
vt 0.637844 0.196880
vt 0.610262 0.227429
vt 0.591841 0.214075
vt 0.640426 0.185562
vt 0.582379 0.195911
vt 0.635086 0.172795
vt 0.621811 0.191071
vt 0.604154 0.198993
vt 0.619651 0.171910
vt 0.598463 0.182945
vt 0.631283 0.164377
vt 0.604408 0.170361
vt 0.534389 0.030633
vt 0.613097 0.026251
vt 0.649368 0.126027
vt 0.662084 0.037502
vt 0.657113 0.083126
vt 0.653362 0.126795
vt 0.462854 0.278472
vt 0.475804 0.296769
vt 0.447406 0.295824
vt 0.539120 0.281730
vt 0.565945 0.276779
vt 0.566910 0.286825
vt 0.515025 0.044100
vt 0.533732 0.059066
vt 0.462562 0.258005
vt 0.450986 0.245174
vt 0.465180 0.240278
vt 0.558677 0.252136
vt 0.562978 0.263818
vt 0.536883 0.257422
vt 0.481410 0.282210
vt 0.507568 0.296769
vt 0.440607 0.194920
vt 0.434262 0.176873
vt 0.446818 0.178076
vt 0.406921 0.235865
vt 0.428408 0.223092
vt 0.416356 0.245099
vt 0.584153 0.255169
vt 0.500271 0.229941
vt 0.488048 0.219655
vt 0.497346 0.215147
vt 0.508282 0.188283
vt 0.503939 0.205420
vt 0.514716 0.197552
vt 0.520608 0.209680
vt 0.606720 0.272771
vt 0.632574 0.296769
vt 0.441074 0.267530
vt 0.452474 0.268504
vt 0.442698 0.215666
vt 0.427994 0.203465
vt 0.428883 0.164429
vt 0.439222 0.164643
vt 0.525189 0.227871
vt 0.510883 0.221360
vt 0.494232 0.195167
vt 0.477781 0.252857
vt 0.459964 0.215454
vt 0.452527 0.195131
vt 0.458917 0.190139
vt 0.479626 0.231016
vt 0.488417 0.246930
vt 0.469648 0.187663
vt 0.474181 0.207824
vt 0.428666 0.152488
vt 0.449253 0.155572
vt 0.516559 0.283743
vt 0.493047 0.269034
vt 0.409674 0.210934
vt 0.452869 0.169691
vt 0.460255 0.178816
vt 0.445703 0.165434
vt 0.461154 0.170753
vt 0.516681 0.266093
vt 0.517522 0.243238
vt 0.555415 0.296769
vt 0.485877 0.202714
vt 0.434851 0.239590
vt 0.433993 0.253083
vt 0.585015 0.296769
vt 0.388954 0.267352
vt 0.434734 0.276303
vt 0.500438 0.247964
vt 0.491610 0.234347
vt 0.447991 0.231497
vt 0.541794 0.269433
vt 0.474088 0.268622
vt 0.411816 0.193128
vt 0.420721 0.178101
vt 0.493245 0.187128
vt 0.422553 0.207329
vt 0.491397 0.023812
vt 0.488051 0.014961
vt 0.406155 0.101185
vt 0.399361 0.091596
vt 0.406510 0.085424
vt 0.402951 0.071329
vt 0.419371 0.066288
vt 0.409434 0.074125
vt 0.366998 0.163931
vt 0.370698 0.143970
vt 0.374637 0.146380
vt 0.417868 0.120611
vt 0.411412 0.114208
vt 0.415775 0.110343
vt 0.392791 0.109301
vt 0.377134 0.113114
vt 0.377328 0.094450
vt 0.384203 0.101798
vt 0.412357 0.058420
vt 0.399045 0.069661
vt 0.393386 0.059388
vt 0.398108 0.080816
vt 0.424795 0.041279
vt 0.414329 0.044575
vt 0.423504 0.036207
vt 0.387370 0.113841
vt 0.388438 0.131281
vt 0.413864 0.100363
vt 0.412574 0.086529
vt 0.382348 0.120687
vt 0.391781 0.096252
vt 0.386373 0.082675
vt 0.398490 0.173843
vt 0.390665 0.177977
vt 0.390712 0.164305
vt 0.421411 0.105782
vt 0.383578 0.163137
vt 0.379036 0.136623
vt 0.386631 0.152276
vt 0.394433 0.119728
vt 0.443886 0.140855
vt 0.440018 0.147475
vt 0.429508 0.139930
vt 0.426370 0.052750
vt 0.394897 0.141828
vt 0.385336 0.189085
vt 0.393831 0.151519
vt 0.414705 0.161071
vt 0.407183 0.147265
vt 0.417764 0.156223
vt 0.397765 0.130230
vt 0.367002 0.131077
vt 0.384153 0.135155
vt 0.415678 0.146442
vt 0.410790 0.143845
vt 0.416739 0.138230
vt 0.451080 0.145969
vt 0.423787 0.114463
vt 0.366998 0.196672
vt 0.374445 0.173226
vt 0.404022 0.133959
vt 0.372225 0.123283
vt 0.424351 0.129465
vt 0.402040 0.166757
vt 0.420704 0.147792
vt 0.419950 0.151316
vt 0.401945 0.185860
vt 0.366998 0.115846
vt 0.397711 0.205494
vt 0.386815 0.209445
vt 0.389831 0.233047
vt 0.401130 0.196079
vt 0.482428 0.189485
vt 0.473348 0.175740
vt 0.474306 0.156176
vt 0.465757 0.163724
vt 0.461813 0.151113
vt 0.486318 0.175443
vt 0.488817 0.163494
vt 0.497405 0.178793
vt 0.466687 0.147311
vt 0.477066 0.168083
vt 0.497321 0.156331
vt 0.501072 0.167659
vt 0.649795 0.289985
vt 0.152828 0.162898
vt 0.160863 0.147921
vt 0.164736 0.165536
vt 0.153614 0.180141
vt 0.165843 0.180790
vt 0.162298 0.196918
vt 0.178310 0.236485
vt 0.165273 0.234353
vt 0.171635 0.230668
vt 0.039611 0.236681
vt 0.060039 0.232521
vt 0.049862 0.243610
vt 0.108630 0.198876
vt 0.116809 0.210560
vt 0.104177 0.214087
vt 0.128659 0.170511
vt 0.128253 0.180075
vt 0.119416 0.174021
vt 0.167327 0.223978
vt 0.156717 0.216710
vt 0.109784 0.178579
vt 0.119659 0.188013
vt 0.109353 0.187733
vt 0.096037 0.251536
vt 0.107258 0.237246
vt 0.116690 0.256961
vt 0.178484 0.212332
vt 0.172415 0.200572
vt 0.180128 0.199624
vt 0.153620 0.233968
vt 0.149516 0.224382
vt 0.175201 0.224515
vt 0.123912 0.200714
vt 0.186656 0.218335
vt 0.184262 0.229116
vt 0.180958 0.222719
vt 0.095221 0.186763
vt 0.072939 0.198907
vt 0.059492 0.192723
vt 0.077752 0.182966
vt 0.060459 0.247607
vt 0.188751 0.203588
vt 0.104387 0.225552
vt 0.118032 0.226079
vt 0.150302 0.201203
vt 0.143907 0.202416
vt 0.142419 0.190463
vt 0.090259 0.206179
vt 0.168300 0.212704
vt 0.142945 0.230187
vt 0.149355 0.243419
vt 0.135189 0.240877
vt 0.148866 0.217378
vt 0.149682 0.210884
vt 0.075283 0.249036
vt 0.088104 0.228009
vt 0.042680 0.196442
vt 0.045928 0.213572
vt 0.031282 0.207349
vt 0.187996 0.185565
vt 0.177418 0.194200
vt 0.173596 0.188230
vt 0.070280 0.215493
vt 0.131740 0.190848
vt 0.144184 0.210272
vt 0.188978 0.237639
vt 0.136002 0.220403
vt 0.140115 0.215107
vt 0.144201 0.219418
vt 0.136681 0.205349
vt 0.136998 0.178117
vt 0.017805 0.206641
vt 0.032178 0.193999
vt 0.027822 0.229163
vt 0.025167 0.218058
vt 0.048420 0.263942
vt 0.038504 0.256310
vt 0.051380 0.254575
vt 0.040336 0.247421
vt 0.145982 0.148557
vt 0.143138 0.166937
vt 0.133446 0.154851
vt 0.011141 0.228407
vt 0.198877 0.213649
vt 0.135618 0.229309
vt 0.129559 0.225570
vt 0.179740 0.169689
vt 0.178140 0.148014
vt 0.187947 0.157105
vt 0.121613 0.243474
vt 0.144527 0.179003
vt 0.173529 0.245048
vt 0.126722 0.214176
vt 0.232370 0.379176
vt 0.236014 0.373060
vt 0.243021 0.383640
vt 0.023548 0.244175
vt 0.005238 0.240406
vt 0.024588 0.259417
vt 0.005238 0.215732
vt 0.041593 0.275072
vt 0.037615 0.264267
vt 0.024264 0.267428
vt 0.026934 0.269870
vt 0.016499 0.277444
vt 0.005238 0.253734
vt 0.018821 0.267464
vt 0.031403 0.267814
vt 0.027929 0.274999
vt 0.269828 0.360981
vt 0.267288 0.355525
vt 0.273224 0.356769
vt 0.264039 0.325168
vt 0.261104 0.318820
vt 0.270688 0.319557
vt 0.281527 0.362757
vt 0.285368 0.376146
vt 0.275504 0.368554
vt 0.281252 0.350116
vt 0.268070 0.348612
vt 0.321473 0.344158
vt 0.312574 0.347653
vt 0.313068 0.337805
vt 0.271989 0.375035
vt 0.195128 0.381752
vt 0.184290 0.402886
vt 0.178467 0.386481
vt 0.305434 0.329390
vt 0.317411 0.328838
vt 0.218132 0.358450
vt 0.222945 0.356502
vt 0.226504 0.365597
vt 0.252178 0.387597
vt 0.256482 0.381340
vt 0.260342 0.391946
vt 0.265386 0.365037
vt 0.259482 0.372336
vt 0.294872 0.343405
vt 0.296043 0.329711
vt 0.304006 0.337395
vt 0.279147 0.327082
vt 0.287171 0.330394
vt 0.280891 0.337414
vt 0.259844 0.340351
vt 0.248472 0.332756
vt 0.259186 0.329110
vt 0.292668 0.369712
vt 0.265637 0.338571
vt 0.256358 0.360914
vt 0.248803 0.361881
vt 0.246368 0.348642
vt 0.276961 0.381905
vt 0.243155 0.363748
vt 0.240892 0.354682
vt 0.251232 0.317588
vt 0.264331 0.306970
vt 0.260041 0.295477
vt 0.249605 0.303659
vt 0.201648 0.366875
vt 0.187769 0.369223
vt 0.191774 0.355277
vt 0.270195 0.386250
vt 0.228364 0.353631
vt 0.235709 0.358387
vt 0.232093 0.362946
vt 0.310336 0.359061
vt 0.297506 0.359842
vt 0.303475 0.351659
vt 0.229149 0.371449
vt 0.222148 0.370980
vt 0.253710 0.399223
vt 0.272874 0.341876
vt 0.269844 0.330987
vt 0.246719 0.378045
vt 0.249628 0.371520
vt 0.201682 0.394829
vt 0.213993 0.391727
vt 0.210635 0.405527
vt 0.259464 0.352103
vt 0.319015 0.337212
vt 0.205838 0.380464
vt 0.285748 0.318924
vt 0.299156 0.319587
vt 0.306229 0.299815
vt 0.313544 0.309194
vt 0.301297 0.309299
vt 0.230793 0.346087
vt 0.236783 0.345961
vt 0.237178 0.324265
vt 0.235514 0.336066
vt 0.240666 0.368465
vt 0.226182 0.387040
vt 0.213588 0.375547
vt 0.323230 0.337823
vt 0.329908 0.344367
vt 0.167953 0.403927
vt 0.292643 0.311852
vt 0.276094 0.310907
vt 0.272283 0.293435
vt 0.225250 0.321371
vt 0.262607 0.284806
vt 0.285826 0.306710
vt 0.327951 0.335258
vt 0.306490 0.324001
vt 0.309792 0.317549
vt 0.223786 0.333635
vt 0.276635 0.303017
vt 0.236593 0.312209
vt 0.243203 0.321390
vt 0.335971 0.330172
vt 0.324259 0.319021
vt 0.211281 0.359928
vt 0.221591 0.346997
vt 0.226015 0.347771
vt 0.212746 0.325146
vt 0.224370 0.342107
vt 0.283591 0.297532
vt 0.209852 0.335545
vt 0.208741 0.345617
vt 0.201951 0.335478
vt 0.217282 0.337387
vt 0.229834 0.409763
vt 0.168604 0.374682
vt 0.158449 0.395395
vt 0.327121 0.308545
vt 0.319108 0.299687
vt 0.280000 0.292533
vt 0.203266 0.327492
vt 0.249350 0.291307
vt 0.240324 0.300025
vt 0.201623 0.352293
vt 0.290352 0.295552
vt 0.286536 0.289205
vt 0.294413 0.301128
vt 0.298294 0.290020
vt 0.292650 0.306956
vt 0.375758 0.297079
vt 0.360495 0.314753
vt 0.350522 0.295349
vt 0.344804 0.319745
vt 0.323194 0.188955
vt 0.317055 0.186959
vt 0.318041 0.181385
vt 0.318868 0.192436
vt 0.328838 0.187008
vt 0.309650 0.179961
vt 0.320034 0.176617
vt 0.156100 0.243168
vt 0.158815 0.239854
vt 0.149345 0.250202
vt 0.157534 0.250146
vt 0.157876 0.261124
vt 0.172339 0.260330
vt 0.165251 0.256110
vt 0.172546 0.254385
vt 0.164084 0.246339
vt 0.178891 0.252257
vt 0.170451 0.268238
vt 0.179760 0.259097
vt 0.177824 0.266967
vt 0.175027 0.260023
vt 0.278056 0.192105
vt 0.285684 0.185900
vt 0.284379 0.193001
vt 0.278316 0.197505
vt 0.281250 0.199386
vt 0.278016 0.182778
vt 0.290927 0.182351
vt 0.291744 0.177324
vt 0.271575 0.198447
vt 0.273867 0.192086
vt 0.276764 0.203459
vt 0.279136 0.209901
vt 0.269976 0.208393
vt 0.269681 0.192291
vt 0.264421 0.195995
vt 0.266348 0.185316
vt 0.271596 0.173615
vt 0.282543 0.173083
vt 0.281226 0.166236
vt 0.291164 0.167705
vt 0.261056 0.192403
vt 0.254836 0.224059
vt 0.254815 0.215315
vt 0.262885 0.222389
vt 0.249899 0.228298
vt 0.247929 0.220137
vt 0.258391 0.199466
vt 0.261933 0.205385
vt 0.258135 0.185647
vt 0.260402 0.175185
vt 0.264082 0.213864
vt 0.265398 0.166565
vt 0.273591 0.163336
vt 0.253465 0.204802
vt 0.253555 0.184389
vt 0.254747 0.180182
vt 0.254349 0.193619
vt 0.249494 0.177463
vt 0.255492 0.165965
vt 0.332630 0.298612
vt 0.197255 0.410565
vt 0.245731 0.209781
vt 0.247213 0.198933
vt 0.248708 0.188659
vt 0.190839 0.338739
vt 0.177830 0.356795
vt 0.190574 0.245352
vt 0.193739 0.240225
vt 0.200087 0.242610
vt 0.196010 0.253161
vt 0.196943 0.234868
vt 0.247755 0.166222
vt 0.187518 0.255556
vt 0.205281 0.231716
vt 0.209904 0.246151
vt 0.209836 0.238117
vt 0.216865 0.239696
vt 0.217489 0.228498
vt 0.291139 0.187084
vt 0.289738 0.197354
vt 0.241332 0.191412
vt 0.217208 0.350136
vt 0.067194 0.176306
vt 0.087484 0.166682
vt 0.202676 0.194983
vt 0.214792 0.183342
vt 0.218529 0.196306
vt 0.243433 0.182461
vt 0.239497 0.200519
vt 0.234695 0.180835
vt 0.234455 0.192101
vt 0.223740 0.211293
vt 0.230822 0.198749
vt 0.236671 0.208662
vt 0.270808 0.216580
vt 0.226703 0.187614
vt 0.204386 0.178532
vt 0.214821 0.342825
vt 0.210577 0.205920
vt 0.214088 0.147464
vt 0.228783 0.173744
vt 0.223411 0.176623
vt 0.228362 0.159516
vt 0.233277 0.170676
vt 0.241287 0.174269
vt 0.200824 0.162884
vt 0.214698 0.170813
vt 0.215552 0.161500
vt 0.159469 0.453564
vt 0.148514 0.471413
vt 0.125565 0.470420
vt 0.172084 0.470300
vt 0.186900 0.448096
vt 0.241190 0.215346
vt 0.235059 0.217050
vt 0.240664 0.225258
vt 0.247051 0.237609
vt 0.257722 0.235320
vt 0.228556 0.225986
vt 0.263456 0.265572
vt 0.265954 0.275153
vt 0.251138 0.276741
vt 0.196476 0.330289
vt 0.252821 0.244615
vt 0.234989 0.237112
vt 0.249170 0.263884
vt 0.196825 0.320908
vt 0.202989 0.317603
vt 0.190502 0.324366
vt 0.260369 0.251447
vt 0.242861 0.250361
vt 0.224734 0.236632
vt 0.215014 0.315591
vt 0.176021 0.319865
vt 0.241784 0.271250
vt 0.221626 0.309122
vt 0.208777 0.314100
vt 0.186592 0.312019
vt 0.231426 0.265561
vt 0.223561 0.249516
vt 0.234817 0.277572
vt 0.234884 0.289794
vt 0.229248 0.301370
vt 0.211065 0.306324
vt 0.196274 0.312272
vt 0.211085 0.281778
vt 0.216946 0.276699
vt 0.223385 0.282853
vt 0.202067 0.307483
vt 0.172113 0.288016
vt 0.159954 0.285822
vt 0.165994 0.277243
vt 0.151448 0.273548
vt 0.201181 0.290676
vt 0.197198 0.296725
vt 0.194357 0.286125
vt 0.172566 0.283522
vt 0.181439 0.297066
vt 0.169578 0.301235
vt 0.224361 0.275151
vt 0.177399 0.282530
vt 0.218513 0.295138
vt 0.205871 0.297288
vt 0.192129 0.303519
vt 0.207443 0.289622
vt 0.215566 0.262515
vt 0.202478 0.283274
vt 0.204008 0.252924
vt 0.210815 0.254801
vt 0.219628 0.271022
vt 0.188087 0.291385
vt 0.195786 0.265336
vt 0.203176 0.273140
vt 0.195203 0.275667
vt 0.211474 0.270935
vt 0.204822 0.262041
vt 0.185608 0.278571
vt 0.177500 0.274067
vt 0.186483 0.266812
vt 0.322680 0.196609
vt 0.324335 0.193525
vt 0.328626 0.199513
vt 0.206856 0.425795
vt 0.278591 0.265326
vt 0.278237 0.256535
vt 0.286090 0.262982
vt 0.133363 0.167035
vt 0.238521 0.388602
vt 0.240466 0.399981
vt 0.026776 0.182417
vt 0.091323 0.441510
vt 0.092508 0.427002
vt 0.120645 0.410831
vt 0.239656 0.435803
vt 0.177515 0.428232
vt 0.094800 0.147464
vt 0.101130 0.159053
vt 0.164528 0.419581
vt 0.366265 0.243645
vt 0.371859 0.238879
vt 0.374752 0.249556
vt 0.144829 0.420180
vt 0.372502 0.228104
vt 0.366003 0.227411
vt 0.151465 0.438320
vt 0.127403 0.447905
vt 0.116747 0.440031
vt 0.372663 0.271911
vt 0.367883 0.279021
vt 0.367914 0.268804
vt 0.030234 0.167063
vt 0.037723 0.168486
vt 0.028092 0.171385
vt 0.365077 0.254960
vt 0.373118 0.260944
vt 0.365187 0.216887
vt 0.365471 0.233714
vt 0.362008 0.280743
vt 0.020877 0.289181
vt 0.358018 0.256270
vt 0.009606 0.272674
vt 0.012830 0.263327
vt 0.360195 0.245409
vt 0.358884 0.223925
vt 0.361997 0.231328
vt 0.276217 0.280378
vt 0.279485 0.287870
vt 0.356211 0.231740
vt 0.360192 0.270330
vt 0.353868 0.278850
vt 0.120591 0.148283
vt 0.118398 0.162219
vt 0.108153 0.149480
vt 0.109139 0.165516
vt 0.281908 0.270551
vt 0.354526 0.207691
vt 0.359718 0.217219
vt 0.351211 0.210285
vt 0.351903 0.263098
vt 0.288666 0.276279
vt 0.279884 0.274634
vt 0.282049 0.283706
vt 0.274518 0.270177
vt 0.349906 0.200643
vt 0.346691 0.216840
vt 0.022785 0.170785
vt 0.321558 0.286687
vt 0.346750 0.268881
vt 0.344133 0.277633
vt 0.015380 0.171260
vt 0.310321 0.290636
vt 0.352517 0.242460
vt 0.347253 0.230245
vt 0.298250 0.260954
vt 0.347637 0.250256
vt 0.341852 0.199140
vt 0.322832 0.217594
vt 0.332368 0.225967
vt 0.321160 0.234811
vt 0.272388 0.262265
vt 0.269677 0.253865
vt 0.341727 0.257128
vt 0.126867 0.160840
vt 0.337764 0.266956
vt 0.213459 0.451252
vt 0.267516 0.240327
vt 0.273647 0.236328
vt 0.275537 0.244311
vt 0.293043 0.234121
vt 0.306301 0.230653
vt 0.307612 0.239539
vt 0.287611 0.249419
vt 0.344176 0.239727
vt 0.308788 0.276410
vt 0.321670 0.273328
vt 0.337852 0.244895
vt 0.331225 0.235102
vt 0.333816 0.281134
vt 0.287001 0.226770
vt 0.280684 0.230509
vt 0.285794 0.220354
vt 0.337591 0.220431
vt 0.331782 0.210690
vt 0.267310 0.259413
vt 0.340950 0.228843
vt 0.342828 0.221839
vt 0.339423 0.214448
vt 0.336835 0.201381
vt 0.330191 0.251947
vt 0.328245 0.265807
vt 0.312835 0.173807
vt 0.314548 0.255189
vt 0.304875 0.167984
vt 0.279137 0.219317
vt 0.270656 0.227924
vt 0.337856 0.235091
vt 0.329462 0.193922
vt 0.331213 0.241883
vt 0.321894 0.205435
vt 0.130602 0.254144
vt 0.311055 0.222099
vt 0.267774 0.248015
vt 0.301945 0.185181
vt 0.300918 0.247470
vt 0.185248 0.241422
vt 0.182924 0.245749
vt 0.300810 0.202578
vt 0.298091 0.193992
vt 0.306992 0.197879
vt 0.295134 0.184677
vt 0.311408 0.188193
vt 0.292799 0.184274
vt 0.314686 0.199980
vt 0.295943 0.209315
vt 0.293003 0.216658
vt 0.286559 0.212605
vt 0.283039 0.203846
vt 0.301443 0.216770
vt 0.313588 0.211152
vt 0.284273 0.239918
vt 0.306113 0.206155
vt 0.300432 0.226207
vt 0.294925 0.202205
vt 0.292039 0.223325
vt 0.288058 0.206184
vt 0.100565 0.171414
vt 0.049084 0.174436
vt 0.051850 0.186798
vt 0.009741 0.205446
vt 0.007533 0.196320
vt 0.073746 0.147464
vt 0.036717 0.185757
vt 0.041950 0.187686
vt 0.045702 0.147464
vt 0.019711 0.162486
vt 0.132154 0.261848
vt 0.142742 0.260011
vt 0.138130 0.272324
vt 0.148277 0.292486
vt 0.151460 0.282445
vt 0.145010 0.280037
vt 0.209342 0.218729
vt 0.200343 0.224414
vt 0.192030 0.226710
vt 0.239867 0.165847
vt 0.005238 0.178502
vt 0.100562 0.271475
vt 0.109886 0.285951
vt 0.094348 0.284694
vt 0.122279 0.271753
vt 0.087029 0.294069
vt 0.095788 0.305667
vt 0.077292 0.283580
vt 0.080972 0.266990
vt 0.057954 0.281184
vt 0.068437 0.275472
vt 0.069799 0.264687
vt 0.119434 0.309132
vt 0.136468 0.304191
vt 0.135422 0.318915
vt 0.070554 0.306587
vt 0.062623 0.322867
vt 0.048318 0.313863
vt 0.125172 0.295172
vt 0.056646 0.262619
vt 0.058140 0.270968
vt 0.099245 0.323166
vt 0.061589 0.346130
vt 0.025018 0.313829
vt 0.041171 0.300995
vt 0.069457 0.296005
vt 0.057100 0.292290
vt 0.062070 0.258081
vt 0.019514 0.350835
vt 0.009517 0.333309
vt 0.131901 0.283108
vt 0.056125 0.302319
vt 0.005238 0.386276
vt 0.155985 0.309897
vt 0.043194 0.287660
vt 0.012719 0.303537
vt 0.007197 0.316562
vt 0.214753 0.353663
vt 0.171657 0.331552
vt 0.158806 0.321810
vt 0.120492 0.332361
vt 0.121371 0.346237
vt 0.092208 0.346253
vt 0.148523 0.385747
vt 0.132890 0.383924
vt 0.154433 0.366267
vt 0.096626 0.366906
vt 0.080606 0.407933
vt 0.086401 0.419216
vt 0.047346 0.432376
vt 0.184784 0.347961
vt 0.170381 0.343506
vt 0.066145 0.396183
vt 0.103312 0.393896
vt 0.163350 0.354004
vt 0.097815 0.380933
vt 0.121273 0.371006
vt 0.144831 0.352988
vt 0.120774 0.357486
vt 0.360830 0.209474
vt 0.370005 0.219781
vt 0.370082 0.214552
vt 0.060008 0.370687
vt 0.146484 0.334543
vt 0.376669 0.213179
vt 0.376905 0.217008
vt 0.295064 0.405620
vt 0.292079 0.411310
vt 0.289361 0.407629
vt 0.278087 0.418301
vt 0.284015 0.418940
vt 0.276905 0.430055
vt 0.289397 0.416706
vt 0.286136 0.425014
vt 0.287209 0.405367
vt 0.269995 0.445847
vt 0.271655 0.426298
vt 0.288378 0.411518
vt 0.286096 0.410662
vt 0.292613 0.422038
vt 0.288353 0.437553
vt 0.282546 0.438568
vt 0.475589 0.377822
vt 0.460928 0.368793
vt 0.472188 0.351513
vt 0.491976 0.383557
vt 0.481101 0.399393
vt 0.552796 0.395545
vt 0.540188 0.370150
vt 0.554999 0.368795
vt 0.466478 0.478973
vt 0.453919 0.480798
vt 0.460663 0.468158
vt 0.445756 0.436913
vt 0.454592 0.445813
vt 0.443213 0.450626
vt 0.460963 0.488930
vt 0.464437 0.496997
vt 0.460135 0.495197
vt 0.452207 0.416028
vt 0.457565 0.427269
vt 0.451652 0.428374
vt 0.473205 0.500248
vt 0.462597 0.508622
vt 0.469319 0.489917
vt 0.454940 0.435429
vt 0.465319 0.435833
vt 0.452462 0.458873
vt 0.462716 0.453229
vt 0.464797 0.418594
vt 0.474730 0.517355
vt 0.474937 0.483581
vt 0.478499 0.473099
vt 0.490551 0.499048
vt 0.478427 0.490928
vt 0.469884 0.469737
vt 0.473733 0.447159
vt 0.477249 0.419672
vt 0.470444 0.460891
vt 0.475416 0.465810
vt 0.481707 0.458817
vt 0.514802 0.486490
vt 0.525582 0.480007
vt 0.525133 0.489188
vt 0.496249 0.411022
vt 0.495395 0.429446
vt 0.538240 0.427125
vt 0.541827 0.418527
vt 0.544975 0.430660
vt 0.501811 0.483718
vt 0.486331 0.482613
vt 0.487103 0.444655
vt 0.479024 0.434587
vt 0.456881 0.500304
vt 0.445036 0.499882
vt 0.453005 0.490953
vt 0.506143 0.495007
vt 0.495454 0.453761
vt 0.494913 0.468725
vt 0.510636 0.419447
vt 0.510421 0.433377
vt 0.547277 0.448669
vt 0.540699 0.439293
vt 0.547448 0.440281
vt 0.534936 0.408910
vt 0.544529 0.404835
vt 0.505474 0.444876
vt 0.508003 0.459545
vt 0.522039 0.421804
vt 0.521204 0.411630
vt 0.507318 0.506500
vt 0.518434 0.430415
vt 0.544505 0.462305
vt 0.553456 0.470491
vt 0.544597 0.476917
vt 0.530400 0.420267
vt 0.526342 0.398374
vt 0.516738 0.497577
vt 0.521618 0.443498
vt 0.549028 0.420868
vt 0.513918 0.472267
vt 0.526781 0.467705
vt 0.524663 0.457561
vt 0.532978 0.453340
vt 0.526095 0.433970
vt 0.517514 0.505688
vt 0.525382 0.499445
vt 0.535979 0.474680
vt 0.531307 0.482581
vt 0.519080 0.462032
vt 0.516467 0.452784
vt 0.553216 0.434684
vt 0.554231 0.447038
vt 0.534183 0.437330
vt 0.541242 0.448630
vt 0.532719 0.503002
vt 0.535194 0.487716
vt 0.564181 0.460188
vt 0.553227 0.457281
vt 0.562845 0.442371
vt 0.574842 0.449125
vt 0.568253 0.425584
vt 0.452949 0.508002
vt 0.526055 0.510586
vt 0.562491 0.383033
vt 0.399235 0.333275
vt 0.393071 0.339609
vt 0.395741 0.333929
vt 0.397582 0.325932
vt 0.489915 0.359810
vt 0.504548 0.326688
vt 0.503746 0.359492
vt 0.404008 0.333023
vt 0.387356 0.333439
vt 0.400687 0.341473
vt 0.283523 0.444667
vt 0.278496 0.449253
vt 0.278832 0.439540
vt 0.305775 0.504069
vt 0.315100 0.503387
vt 0.313043 0.509139
vt 0.321188 0.511166
vt 0.278038 0.463126
vt 0.271878 0.465869
vt 0.276134 0.455102
vt 0.274720 0.445867
vt 0.317039 0.518829
vt 0.270342 0.455991
vt 0.301650 0.447805
vt 0.291810 0.449115
vt 0.295806 0.440484
vt 0.308174 0.491803
vt 0.312907 0.485849
vt 0.317839 0.488750
vt 0.324360 0.505606
vt 0.311776 0.475766
vt 0.284334 0.457152
vt 0.282775 0.471816
vt 0.309500 0.416538
vt 0.303508 0.414860
vt 0.304621 0.409433
vt 0.314118 0.431100
vt 0.312600 0.436217
vt 0.307712 0.430986
vt 0.291215 0.466469
vt 0.297839 0.477513
vt 0.290717 0.475593
vt 0.297983 0.491538
vt 0.297358 0.413981
vt 0.299545 0.408869
vt 0.305870 0.476241
vt 0.308279 0.424054
vt 0.301173 0.421740
vt 0.497030 0.397613
vt 0.597766 0.350372
vt 0.608437 0.361193
vt 0.607026 0.374573
vt 0.573307 0.375073
vt 0.578868 0.338960
vt 0.504030 0.389909
vt 0.509440 0.401667
vt 0.295122 0.483483
vt 0.290230 0.486321
vt 0.319867 0.498393
vt 0.626638 0.359238
vt 0.650923 0.372619
vt 0.621903 0.391244
vt 0.645561 0.402307
vt 0.300441 0.461027
vt 0.292379 0.458336
vt 0.554592 0.335599
vt 0.510335 0.388424
vt 0.586932 0.368964
vt 0.311923 0.412806
vt 0.308856 0.404519
vt 0.326742 0.493984
vt 0.469986 0.409360
vt 0.526571 0.359683
vt 0.539143 0.330916
vt 0.298968 0.430661
vt 0.303041 0.439976
vt 0.566575 0.409897
vt 0.577931 0.394521
vt 0.299645 0.406535
vt 0.299750 0.401949
vt 0.275722 0.471227
vt 0.502875 0.377627
vt 0.515537 0.337970
vt 0.516437 0.377553
vt 0.517717 0.393984
vt 0.487226 0.329376
vt 0.466764 0.324901
vt 0.458821 0.349658
vt 0.464357 0.380622
vt 0.470972 0.416641
vt 0.468456 0.401064
vt 0.465529 0.390532
vt 0.460243 0.403806
vt 0.311472 0.443603
vt 0.343885 0.373183
vt 0.347844 0.382177
vt 0.342597 0.386551
vt 0.325925 0.406101
vt 0.329705 0.414946
vt 0.324383 0.415677
vt 0.303053 0.396426
vt 0.312376 0.395339
vt 0.308115 0.400501
vt 0.326429 0.421973
vt 0.333096 0.420713
vt 0.330010 0.426732
vt 0.313304 0.401440
vt 0.313598 0.407263
vt 0.322149 0.425395
vt 0.319308 0.417821
vt 0.335090 0.378103
vt 0.333330 0.364047
vt 0.329307 0.377861
vt 0.326772 0.429014
vt 0.328106 0.433496
vt 0.322596 0.430662
vt 0.353872 0.399432
vt 0.347616 0.399539
vt 0.354280 0.391658
vt 0.357245 0.403800
vt 0.352907 0.412480
vt 0.350029 0.407702
vt 0.357789 0.412186
vt 0.338221 0.428781
vt 0.350767 0.418024
vt 0.347119 0.413730
vt 0.340327 0.419537
vt 0.345271 0.421722
vt 0.343750 0.415936
vt 0.342074 0.439749
vt 0.333118 0.437822
vt 0.349219 0.429643
vt 0.445658 0.340440
vt 0.458417 0.381889
vt 0.453913 0.390431
vt 0.449632 0.377355
vt 0.446458 0.408221
vt 0.441474 0.413965
vt 0.439470 0.401534
vt 0.442382 0.386676
vt 0.432247 0.440941
vt 0.436679 0.370221
vt 0.447988 0.360417
vt 0.437037 0.424927
vt 0.445632 0.424742
vt 0.448895 0.400738
vt 0.430386 0.408295
vt 0.352087 0.368235
vt 0.353463 0.374043
vt 0.582276 0.478631
vt 0.571530 0.492664
vt 0.571610 0.475642
vt 0.538274 0.527674
vt 0.544144 0.522092
vt 0.545955 0.543675
vt 0.613271 0.483638
vt 0.622897 0.464508
vt 0.633056 0.478537
vt 0.550008 0.499118
vt 0.549022 0.487273
vt 0.558752 0.494405
vt 0.561877 0.480311
vt 0.641173 0.455359
vt 0.529286 0.519588
vt 0.536561 0.513851
vt 0.533538 0.524343
vt 0.532995 0.536803
vt 0.546230 0.508819
vt 0.551888 0.516814
vt 0.541252 0.499181
vt 0.585282 0.511288
vt 0.572396 0.507509
vt 0.560374 0.519435
vt 0.556841 0.506488
vt 0.556197 0.414106
vt 0.562607 0.417420
vt 0.557222 0.425278
vt 0.561018 0.421805
vt 0.337196 0.412704
vt 0.332185 0.403885
vt 0.337950 0.404750
vt 0.332875 0.386436
vt 0.329011 0.388933
vt 0.337279 0.384506
vt 0.323226 0.398506
vt 0.319571 0.409003
vt 0.314651 0.383912
vt 0.362671 0.391784
vt 0.317364 0.428142
vt 0.370851 0.383002
vt 0.361351 0.385562
vt 0.365890 0.378825
vt 0.345811 0.387260
vt 0.330015 0.394570
vt 0.335968 0.392976
vt 0.347488 0.390494
vt 0.329049 0.384211
vt 0.325116 0.384598
vt 0.344826 0.357619
vt 0.315886 0.412193
vt 0.316534 0.408810
vt 0.343706 0.407889
vt 0.340168 0.393794
vt 0.337155 0.398413
vt 0.320620 0.392740
vt 0.317781 0.403107
vt 0.355684 0.381982
vt 0.314752 0.421700
vt 0.292678 0.400834
vt 0.342032 0.400492
vt 0.364914 0.370879
vt 0.343580 0.396444
vt 0.369240 0.375025
vt 0.428959 0.346889
vt 0.417176 0.349691
vt 0.418127 0.341312
vt 0.411746 0.347114
vt 0.408405 0.353581
vt 0.457447 0.324725
vt 0.429598 0.334226
vt 0.407918 0.324739
vt 0.398803 0.348704
vt 0.409452 0.342104
vt 0.426344 0.324725
vt 0.414962 0.332253
vt 0.381957 0.343045
vt 0.373475 0.347993
vt 0.374474 0.327824
vt 0.401440 0.356532
vt 0.394122 0.358043
vt 0.403935 0.349935
vt 0.388909 0.367230
vt 0.383040 0.366217
vt 0.373169 0.389784
vt 0.377542 0.383992
vt 0.387989 0.352562
vt 0.375141 0.352146
vt 0.376461 0.358427
vt 0.366754 0.357802
vt 0.413387 0.358352
vt 0.380298 0.362049
vt 0.402949 0.360763
vt 0.395484 0.363130
vt 0.374472 0.374804
vt 0.382860 0.384429
vt 0.359128 0.366835
vt 0.391006 0.372514
vt 0.381194 0.376644
vt 0.390111 0.381998
vt 0.374292 0.368221
vt 0.398934 0.370183
vt 0.526921 0.382958
vt 0.532125 0.394351
vt 0.536231 0.398409
vt 0.532947 0.399609
vt 0.534044 0.384311
vt 0.369133 0.345156
vt 0.362137 0.350965
vt 0.357061 0.361707
vt 0.355487 0.357249
vt 0.371086 0.407685
vt 0.375457 0.410481
vt 0.367711 0.412998
vt 0.381917 0.403206
vt 0.391610 0.403329
vt 0.382157 0.410688
vt 0.365868 0.407030
vt 0.372622 0.402215
vt 0.361320 0.416065
vt 0.368373 0.401165
vt 0.373737 0.396617
vt 0.377617 0.391929
vt 0.362580 0.403467
vt 0.376389 0.403882
vt 0.366603 0.396852
vt 0.380152 0.397318
vt 0.391007 0.392486
vt 0.308527 0.467571
vt 0.308552 0.461167
vt 0.325215 0.469552
vt 0.318915 0.476719
vt 0.315998 0.463653
vt 0.309299 0.453776
vt 0.320281 0.449976
vt 0.328354 0.458380
vt 0.375174 0.431213
vt 0.384126 0.434361
vt 0.374774 0.439049
vt 0.371484 0.432864
vt 0.368243 0.437095
vt 0.369188 0.444587
vt 0.356358 0.421468
vt 0.359606 0.439976
vt 0.360206 0.437451
vt 0.363525 0.442254
vt 0.378203 0.425193
vt 0.370754 0.424978
vt 0.377923 0.417623
vt 0.362958 0.430442
vt 0.386987 0.418380
vt 0.367832 0.430336
vt 0.357216 0.437926
vt 0.371422 0.417195
vt 0.354706 0.435288
vt 0.357935 0.434770
vt 0.356826 0.430304
vt 0.361433 0.421632
vt 0.366094 0.420067
vt 0.384130 0.391607
vt 0.328607 0.489801
vt 0.326819 0.481049
vt 0.329602 0.487472
vt 0.323506 0.486725
vt 0.331041 0.474390
vt 0.349438 0.471267
vt 0.352408 0.483499
vt 0.346068 0.479833
vt 0.341649 0.475571
vt 0.358900 0.480813
vt 0.359884 0.473679
vt 0.359432 0.489596
vt 0.364499 0.478784
vt 0.366872 0.486773
vt 0.359608 0.465772
vt 0.365490 0.471978
vt 0.369462 0.478603
vt 0.353516 0.461272
vt 0.391590 0.548966
vt 0.387919 0.554600
vt 0.383299 0.548675
vt 0.377341 0.530968
vt 0.384600 0.542144
vt 0.376373 0.539796
vt 0.378589 0.548195
vt 0.371334 0.542553
vt 0.365162 0.539957
vt 0.368456 0.540367
vt 0.383959 0.465685
vt 0.383870 0.477001
vt 0.378116 0.467376
vt 0.375966 0.477665
vt 0.381847 0.484889
vt 0.379547 0.457521
vt 0.358852 0.457764
vt 0.353410 0.452914
vt 0.363357 0.458730
vt 0.366345 0.463735
vt 0.368315 0.457282
vt 0.372749 0.460851
vt 0.371431 0.470123
vt 0.333508 0.491189
vt 0.336757 0.496655
vt 0.365861 0.521134
vt 0.360663 0.516810
vt 0.366673 0.513528
vt 0.358773 0.497430
vt 0.365911 0.494532
vt 0.346270 0.458948
vt 0.338348 0.462802
vt 0.340826 0.456234
vt 0.372496 0.517301
vt 0.363672 0.511191
vt 0.336489 0.472714
vt 0.333287 0.468084
vt 0.340027 0.469483
vt 0.359960 0.509171
vt 0.366727 0.504149
vt 0.347011 0.487316
vt 0.341006 0.482657
vt 0.353148 0.491934
vt 0.333870 0.485934
vt 0.335809 0.479137
vt 0.334658 0.508067
vt 0.341078 0.503018
vt 0.344303 0.510021
vt 0.359879 0.500910
vt 0.360918 0.534296
vt 0.357796 0.541675
vt 0.330646 0.501598
vt 0.341554 0.529690
vt 0.328823 0.530857
vt 0.332913 0.522085
vt 0.370294 0.511143
vt 0.375032 0.509702
vt 0.382412 0.520064
vt 0.375995 0.522809
vt 0.367413 0.529541
vt 0.358926 0.526025
vt 0.329414 0.515023
vt 0.336954 0.515494
vt 0.354879 0.513597
vt 0.354859 0.506045
vt 0.345976 0.515903
vt 0.371110 0.524146
vt 0.349802 0.511324
vt 0.369432 0.536421
vt 0.346876 0.495560
vt 0.340099 0.489789
vt 0.372096 0.494331
vt 0.369543 0.490248
vt 0.371550 0.486354
vt 0.351756 0.520348
vt 0.349820 0.533876
vt 0.329804 0.510939
vt 0.352426 0.502677
vt 0.383458 0.508196
vt 0.344218 0.522415
vt 0.576632 0.522707
vt 0.561811 0.537103
vt 0.336293 0.454325
vt 0.343105 0.450947
vt 0.650923 0.500603
vt 0.622783 0.503929
vt 0.566309 0.511625
vt 0.585716 0.493591
vt 0.600979 0.503911
vt 0.595774 0.481733
vt 0.528724 0.528352
vt 0.650923 0.469549
vt 0.589623 0.459663
vt 0.565300 0.501983
vt 0.576793 0.465162
vt 0.606325 0.465806
vt 0.552463 0.527870
vt 0.423156 0.390893
vt 0.419899 0.404599
vt 0.414289 0.389627
vt 0.408637 0.375346
vt 0.402587 0.390110
vt 0.402003 0.375721
vt 0.437744 0.355027
vt 0.410570 0.405757
vt 0.428207 0.359013
vt 0.424689 0.367182
vt 0.419991 0.377550
vt 0.420619 0.361211
vt 0.421365 0.354483
vt 0.428510 0.373839
vt 0.397997 0.463495
vt 0.402320 0.455404
vt 0.411478 0.465796
vt 0.415447 0.367027
vt 0.613273 0.449334
vt 0.425877 0.455307
vt 0.434165 0.462314
vt 0.430680 0.469789
vt 0.601688 0.429788
vt 0.624927 0.420622
vt 0.620440 0.436484
vt 0.422582 0.443489
vt 0.412108 0.445980
vt 0.418649 0.418127
vt 0.596348 0.392103
vt 0.626930 0.448596
vt 0.601356 0.449919
vt 0.591420 0.442329
vt 0.434819 0.454971
vt 0.584570 0.431656
vt 0.581416 0.442121
vt 0.581979 0.416697
vt 0.610383 0.408037
vt 0.395971 0.379494
vt 0.635234 0.437219
vt 0.434002 0.380385
vt 0.428906 0.380710
vt 0.593842 0.408616
vt 0.402934 0.369529
vt 0.400030 0.411360
vt 0.650923 0.443843
vt 0.408082 0.425830
vt 0.650923 0.422412
vt 0.627130 0.405684
vt 0.406701 0.365596
vt 0.434817 0.556119
vt 0.422599 0.549817
vt 0.435553 0.545503
vt 0.447841 0.538317
vt 0.444193 0.532257
vt 0.450210 0.527611
vt 0.493721 0.516338
vt 0.467023 0.546363
vt 0.473544 0.532677
vt 0.482678 0.539088
vt 0.412953 0.509000
vt 0.423300 0.519570
vt 0.407418 0.518946
vt 0.495527 0.543485
vt 0.495911 0.530271
vt 0.509540 0.535690
vt 0.437708 0.527416
vt 0.447563 0.560754
vt 0.444936 0.554212
vt 0.455442 0.553422
vt 0.418342 0.564889
vt 0.421489 0.556518
vt 0.482098 0.557681
vt 0.461765 0.564317
vt 0.484241 0.527024
vt 0.455441 0.543936
vt 0.446209 0.548512
vt 0.508904 0.519876
vt 0.513458 0.511447
vt 0.518003 0.514630
vt 0.462187 0.533109
vt 0.413137 0.553885
vt 0.395576 0.425511
vt 0.437930 0.535883
vt 0.420077 0.433027
vt 0.509480 0.557775
vt 0.523820 0.541164
vt 0.404215 0.509475
vt 0.432083 0.391163
vt 0.520771 0.524326
vt 0.424210 0.499147
vt 0.408593 0.483495
vt 0.422422 0.480486
vt 0.437114 0.565071
vt 0.397399 0.441922
vt 0.332083 0.446945
vt 0.353518 0.443360
vt 0.357222 0.441094
vt 0.455260 0.514493
vt 0.358686 0.448894
vt 0.363621 0.453568
vt 0.364535 0.447384
vt 0.395447 0.540201
vt 0.399954 0.547838
vt 0.349608 0.438164
vt 0.347732 0.445958
vt 0.322033 0.440272
vt 0.320089 0.434684
vt 0.404117 0.561821
vt 0.394267 0.558489
vt 0.404557 0.552375
vt 0.376907 0.487355
vt 0.349045 0.450851
vt 0.369315 0.449956
vt 0.389942 0.531592
vt 0.391357 0.457836
vt 0.385797 0.447273
vt 0.424114 0.541373
vt 0.376307 0.449159
vt 0.379720 0.443849
vt 0.358769 0.444217
vt 0.373304 0.482505
vt 0.462247 0.517309
vt 0.395441 0.485181
vt 0.387445 0.487440
vt 0.389939 0.515777
vt 0.392459 0.507263
vt 0.397518 0.518415
vt 0.392646 0.523943
vt 0.400874 0.529591
vt 0.461276 0.524439
vt 0.395565 0.471213
vt 0.424206 0.414727
vt 0.439760 0.485133
vt 0.427139 0.423692
vt 0.399167 0.504329
vt 0.398914 0.511324
vt 0.373191 0.454470
vt 0.393364 0.496698
vt 0.405737 0.497760
vt 0.454893 0.520572
vt 0.443088 0.515304
vt 0.383309 0.496135
vt 0.405276 0.539045
vt 0.413243 0.543817
vt 0.406544 0.545564
vt 0.446843 0.471144
vt 0.441331 0.461963
vt 0.377111 0.495000
vt 0.375392 0.501382
vt 0.414804 0.532121
vt 0.427735 0.533511
vt 0.432819 0.541011
vt 0.131652 0.834607
vt 0.121565 0.830306
vt 0.127985 0.822437
vt 0.153812 0.819894
vt 0.144387 0.818998
vt 0.148760 0.811172
vt 0.141345 0.827408
vt 0.136604 0.820902
vt 0.158574 0.807021
vt 0.151117 0.797375
vt 0.267146 0.674340
vt 0.268386 0.683132
vt 0.261732 0.682579
vt 0.303572 0.628225
vt 0.317038 0.591469
vt 0.311660 0.629312
vt 0.276237 0.646628
vt 0.267370 0.646674
vt 0.270535 0.639100
vt 0.266792 0.719977
vt 0.263399 0.702208
vt 0.275548 0.701567
vt 0.281411 0.766798
vt 0.293851 0.745717
vt 0.296234 0.769043
vt 0.312303 0.700923
vt 0.308370 0.679847
vt 0.320918 0.687828
vt 0.284956 0.624856
vt 0.288109 0.613147
vt 0.296756 0.620129
vt 0.316465 0.643978
vt 0.301689 0.643897
vt 0.301583 0.719615
vt 0.288104 0.727801
vt 0.285641 0.700542
vt 0.260523 0.691610
vt 0.267521 0.688419
vt 0.310286 0.777268
vt 0.314274 0.745483
vt 0.309066 0.808838
vt 0.293145 0.795561
vt 0.280294 0.663254
vt 0.287024 0.645268
vt 0.293324 0.657159
vt 0.280171 0.746686
vt 0.268317 0.742569
vt 0.278395 0.729849
vt 0.280960 0.608783
vt 0.272148 0.595395
vt 0.286638 0.598910
vt 0.319313 0.665622
vt 0.340261 0.684301
vt 0.280065 0.715818
vt 0.315844 0.719333
vt 0.279267 0.788741
vt 0.259324 0.634977
vt 0.264277 0.784353
vt 0.279730 0.634328
vt 0.335025 0.638716
vt 0.324222 0.704437
vt 0.279586 0.692089
vt 0.331171 0.604260
vt 0.297596 0.691526
vt 0.292133 0.570806
vt 0.269047 0.694595
vt 0.269341 0.762437
vt 0.273245 0.688628
vt 0.306430 0.660733
vt 0.290504 0.632474
vt 0.225073 0.947349
vt 0.235613 0.935315
vt 0.236775 0.958750
vt 0.226566 0.965870
vt 0.232817 0.990254
vt 0.261637 0.652421
vt 0.257811 0.645353
vt 0.245242 0.991244
vt 0.217097 0.961069
vt 0.207251 0.930003
vt 0.221078 0.928219
vt 0.212099 0.944137
vt 0.270149 0.663304
vt 0.270405 0.654965
vt 0.248311 0.954098
vt 0.288128 0.681235
vt 0.274984 0.610776
vt 0.279927 0.617995
vt 0.298002 0.602379
vt 0.275424 0.625864
vt 0.049407 0.654892
vt 0.047475 0.632657
vt 0.068534 0.651254
vt 0.131719 0.546242
vt 0.118405 0.553307
vt 0.124473 0.526132
vt 0.103525 0.640221
vt 0.090975 0.661121
vt 0.077311 0.636950
vt 0.110832 0.660715
vt 0.114812 0.674659
vt 0.100692 0.673248
vt 0.073653 0.668856
vt 0.055431 0.675036
vt 0.072398 0.682492
vt 0.087460 0.685599
vt 0.066117 0.697099
vt 0.248888 0.682469
vt 0.255332 0.674005
vt 0.257623 0.678801
vt 0.249895 0.928220
vt 0.083413 0.621537
vt 0.055554 0.613640
vt 0.120385 0.648308
vt 0.121744 0.581594
vt 0.111679 0.595512
vt 0.104989 0.575988
vt 0.237016 0.911814
vt 0.000151 0.596102
vt 0.007110 0.629995
vt 0.036861 0.685376
vt 0.011376 0.660234
vt 0.103831 0.621583
vt 0.221128 0.982462
vt 0.168247 0.624826
vt 0.176144 0.611430
vt 0.180835 0.623107
vt 0.124284 0.632970
vt 0.161274 0.631331
vt 0.159598 0.622871
vt 0.085793 0.597843
vt 0.213493 0.583534
vt 0.216066 0.600949
vt 0.201873 0.594090
vt 0.033215 0.583768
vt 0.053732 0.573663
vt 0.171340 0.648289
vt 0.165718 0.639847
vt 0.176916 0.635435
vt 0.105016 0.688645
vt 0.115361 0.689047
vt 0.100830 0.706455
vt 0.109191 0.699430
vt 0.157238 0.672841
vt 0.148792 0.664602
vt 0.161235 0.654344
vt 0.117574 0.611937
vt 0.124493 0.599513
vt 0.075956 0.562302
vt 0.030220 0.545947
vt 0.177598 0.553658
vt 0.183342 0.554644
vt 0.181927 0.561301
vt 0.099324 0.856861
vt 0.093357 0.851732
vt 0.098671 0.846509
vt 0.086205 0.869572
vt 0.095276 0.833814
vt 0.088346 0.840390
vt 0.087340 0.850613
vt 0.152774 0.643130
vt 0.142953 0.633229
vt 0.152491 0.630189
vt 0.142220 0.649136
vt 0.125573 0.651867
vt 0.121141 0.660065
vt 0.127562 0.642457
vt 0.133932 0.651780
vt 0.134315 0.911990
vt 0.140153 0.906599
vt 0.140881 0.914500
vt 0.135140 0.899121
vt 0.145723 0.908031
vt 0.151927 0.911472
vt 0.146593 0.920583
vt 0.137183 0.923695
vt 0.143157 0.899926
vt 0.150648 0.898753
vt 0.123938 0.909078
vt 0.145520 0.891941
vt 0.135129 0.638308
vt 0.131553 0.629731
vt 0.136189 0.630174
vt 0.146131 0.618570
vt 0.136457 0.621888
vt 0.130468 0.621390
vt 0.134882 0.596121
vt 0.132557 0.581381
vt 0.135115 0.611494
vt 0.138008 0.614580
vt 0.137203 0.588588
vt 0.138093 0.566433
vt 0.138975 0.605334
vt 0.193509 0.569014
vt 0.187423 0.570544
vt 0.191754 0.564658
vt 0.118818 0.733262
vt 0.124593 0.743820
vt 0.112641 0.747201
vt 0.374849 0.658869
vt 0.156194 0.572568
vt 0.147841 0.562408
vt 0.158838 0.562381
vt 0.191529 0.558293
vt 0.188635 0.546651
vt 0.169415 0.557828
vt 0.166525 0.550157
vt 0.158203 0.555575
vt 0.161178 0.609694
vt 0.211064 0.974410
vt 0.133255 0.761473
vt 0.135416 0.755139
vt 0.144067 0.758103
vt 0.135677 0.746640
vt 0.129798 0.753375
vt 0.146351 0.551474
vt 0.153007 0.532596
vt 0.153116 0.550944
vt 0.141595 0.545565
vt 0.177036 0.580680
vt 0.183132 0.595937
vt 0.169008 0.595991
vt 0.163571 0.583415
vt 0.166775 0.576171
vt 0.153939 0.585528
vt 0.158838 0.594639
vt 0.148663 0.597489
vt 0.145063 0.579481
vt 0.074699 0.849708
vt 0.079035 0.824354
vt 0.077434 0.757118
vt 0.083516 0.766056
vt 0.074659 0.774074
vt 0.190715 0.599391
vt 0.192113 0.591986
vt 0.123702 0.761972
vt 0.125713 0.729079
vt 0.134284 0.733409
vt 0.090797 0.805175
vt 0.087716 0.816925
vt 0.083691 0.809943
vt 0.333666 0.575547
vt 0.371699 0.582986
vt 0.199225 0.581226
vt 0.052051 0.892352
vt 0.078697 0.862509
vt 0.367978 0.714777
vt 0.162390 0.727820
vt 0.157730 0.742025
vt 0.146733 0.736026
vt 0.078326 0.788897
vt 0.086004 0.780242
vt 0.085314 0.795851
vt 0.148548 0.747254
vt 0.050894 0.723866
vt 0.037975 0.711820
vt 0.059967 0.713761
vt 0.094507 0.788079
vt 0.118829 0.797491
vt 0.107428 0.794747
vt 0.116671 0.781731
vt 0.142167 0.805144
vt 0.137240 0.814209
vt 0.156099 0.748748
vt 0.165664 0.751884
vt 0.152991 0.754063
vt 0.133667 0.806161
vt 0.031786 0.785766
vt 0.013250 0.744428
vt 0.041998 0.769978
vt 0.128990 0.789605
vt 0.138221 0.797870
vt 0.128523 0.799963
vt 0.069099 0.792628
vt 0.062838 0.821493
vt 0.055745 0.798224
vt 0.142504 0.771693
vt 0.129445 0.774883
vt 0.163470 0.798242
vt 0.152007 0.780888
vt 0.164093 0.787239
vt 0.124529 0.808212
vt 0.157315 0.761280
vt 0.161350 0.773505
vt 0.140349 0.785161
vt 0.112593 0.807684
vt 0.076773 0.803544
vt 0.150686 0.768858
vt 0.094342 0.741853
vt 0.094897 0.763591
vt 0.086749 0.754290
vt 0.020249 0.824921
vt 0.017009 0.788794
vt 0.038114 0.816793
vt 0.063696 0.844790
vt 0.144733 0.722056
vt 0.097120 0.818322
vt 0.088080 0.826925
vt 0.083929 0.740606
vt 0.042431 0.739621
vt 0.150621 0.885668
vt 0.143947 0.875909
vt 0.156495 0.875158
vt 0.102756 0.726044
vt 0.090070 0.722371
vt 0.150459 0.866192
vt 0.150482 0.855487
vt 0.159178 0.864186
vt 0.164473 0.846667
vt 0.161243 0.854675
vt 0.157478 0.846562
vt 0.023528 0.863300
vt 0.045434 0.831256
vt 0.148042 0.838358
vt 0.162254 0.838583
vt 0.161810 0.827937
vt 0.168467 0.832216
vt 0.067849 0.726492
vt 0.071599 0.742171
vt 0.057616 0.738529
vt 0.173417 0.826012
vt 0.167660 0.820103
vt 0.174452 0.817242
vt 0.183259 0.821450
vt 0.186368 0.832081
vt 0.060310 0.762680
vt 0.197954 0.827777
vt 0.190546 0.825048
vt 0.162153 0.820295
vt 0.166530 0.812985
vt 0.174630 0.811778
vt 0.183160 0.811880
vt 0.043683 0.864507
vt 0.206772 0.814362
vt 0.211196 0.803455
vt 0.217073 0.805570
vt 0.175492 0.805432
vt 0.085747 0.705102
vt 0.196808 0.819079
vt 0.195668 0.806951
vt 0.042670 0.794010
vt 0.190257 0.818254
vt 0.009418 0.696403
vt 0.075758 0.714593
vt 0.060503 0.880041
vt 0.205954 0.800902
vt 0.213978 0.791340
vt 0.167681 0.803958
vt 0.172708 0.796534
vt 0.185176 0.795637
vt 0.078719 0.728537
vt 0.201786 0.789009
vt 0.181042 0.781061
vt 0.174654 0.787719
vt 0.103117 0.744067
vt 0.111560 0.729243
vt 0.065222 0.531373
vt 0.096958 0.548812
vt 0.097973 0.803674
vt 0.111282 0.712365
vt 0.123484 0.716951
vt 0.191514 0.782271
vt 0.211623 0.649908
vt 0.206682 0.643021
vt 0.215164 0.638694
vt 0.210691 0.780177
vt 0.219469 0.776171
vt 0.205266 0.778159
vt 0.198456 0.774363
vt 0.170796 0.776866
vt 0.199265 0.635595
vt 0.200390 0.654040
vt 0.208805 0.771165
vt 0.177459 0.769315
vt 0.187670 0.774139
vt 0.119754 0.700412
vt 0.128032 0.566216
vt 0.200925 0.766161
vt 0.206425 0.763282
vt 0.166349 0.765027
vt 0.093553 0.528837
vt 0.109081 0.527481
vt 0.189747 0.764728
vt 0.203222 0.664033
vt 0.197254 0.665882
vt 0.183275 0.685028
vt 0.176498 0.692212
vt 0.176082 0.682879
vt 0.215912 0.765262
vt 0.193902 0.711796
vt 0.200729 0.721263
vt 0.187489 0.721195
vt 0.176980 0.703107
vt 0.184190 0.710898
vt 0.174012 0.713426
vt 0.133253 0.533202
vt 0.138095 0.524940
vt 0.201141 0.606882
vt 0.195722 0.609287
vt 0.196664 0.604162
vt 0.141921 0.532720
vt 0.189375 0.662260
vt 0.184425 0.649023
vt 0.198317 0.760668
vt 0.201373 0.754452
vt 0.191300 0.757738
vt 0.217262 0.682006
vt 0.206106 0.691969
vt 0.203317 0.676379
vt 0.173045 0.760777
vt 0.179309 0.762792
vt 0.181068 0.756698
vt 0.190036 0.674321
vt 0.179095 0.670408
vt 0.194283 0.687163
vt 0.190493 0.750736
vt 0.213134 0.663048
vt 0.197371 0.701000
vt 0.205618 0.712226
vt 0.221394 0.710030
vt 0.214707 0.726507
vt 0.209010 0.702786
vt 0.185410 0.734151
vt 0.190605 0.742545
vt 0.179265 0.745920
vt 0.198284 0.745926
vt 0.188508 0.581938
vt 0.187813 0.694641
vt 0.157664 0.686777
vt 0.148352 0.683203
vt 0.173962 0.568702
vt 0.183577 0.614816
vt 0.194065 0.619401
vt 0.209612 0.745386
vt 0.198808 0.734313
vt 0.211948 0.620054
vt 0.151048 0.696646
vt 0.216652 0.696944
vt 0.168348 0.663619
vt 0.166977 0.680924
vt 0.186803 0.608091
vt 0.186054 0.702424
vt 0.171483 0.743284
vt 0.166035 0.740743
vt 0.174444 0.736204
vt 0.155341 0.710524
vt 0.200686 0.557580
vt 0.203186 0.569554
vt 0.188015 0.631616
vt 0.164411 0.697464
vt 0.177843 0.726835
vt 0.196513 0.548368
vt 0.198283 0.541863
vt 0.216803 0.544861
vt 0.211202 0.756913
vt 0.111921 0.831903
vt 0.110963 0.821135
vt 0.180943 0.549356
vt 0.105651 0.839793
vt 0.102639 0.830053
vt 0.104644 0.807749
vt 0.119719 0.839850
vt 0.135109 0.856858
vt 0.130038 0.845822
vt 0.121536 0.853633
vt 0.142384 0.865252
vt 0.109382 0.852126
vt 0.121406 0.865321
vt 0.113751 0.862194
vt 0.113003 0.868141
vt 0.132788 0.870948
vt 0.110889 0.865576
vt 0.106282 0.865498
vt 0.111831 0.813927
vt 0.132968 0.885596
vt 0.142493 0.885624
vt 0.122316 0.875346
vt 0.126581 0.895884
vt 0.105533 0.916346
vt 0.112045 0.900220
vt 0.116790 0.886651
vt 0.140652 0.892061
vt 0.116990 0.871262
vt 0.096844 0.875653
vt 0.108977 0.877413
vt 0.339407 0.712822
vt 0.325999 0.723428
vt 0.083672 0.908882
vt 0.099100 0.893902
vt 0.080405 0.888226
vt 0.341813 0.738383
vt 0.129426 0.921329
vt 0.142658 0.927957
vt 0.132317 0.928876
vt 0.215134 0.570970
vt 0.234751 0.826477
vt 0.227412 0.827254
vt 0.231254 0.820546
vt 0.199235 0.843824
vt 0.201159 0.836960
vt 0.209537 0.843061
vt 0.227582 0.842812
vt 0.219639 0.848235
vt 0.217980 0.840611
vt 0.217569 0.823899
vt 0.223531 0.816346
vt 0.225130 0.807731
vt 0.227994 0.794920
vt 0.233527 0.808317
vt 0.244072 0.853185
vt 0.253084 0.860006
vt 0.238707 0.867630
vt 0.236412 0.774088
vt 0.236981 0.783313
vt 0.229643 0.777077
vt 0.253716 0.804813
vt 0.248001 0.822364
vt 0.242681 0.811275
vt 0.231780 0.815349
vt 0.228579 0.816212
vt 0.229181 0.812473
vt 0.222691 0.834781
vt 0.240115 0.766860
vt 0.228702 0.767834
vt 0.240921 0.798224
vt 0.224301 0.783789
vt 0.229748 0.783827
vt 0.224300 0.739526
vt 0.224381 0.755321
vt 0.234864 0.760551
vt 0.195470 0.836417
vt 0.234629 0.719273
vt 0.260444 0.821512
vt 0.267640 0.836731
vt 0.251443 0.839624
vt 0.229762 0.729201
vt 0.240608 0.727273
vt 0.242238 0.745281
vt 0.243827 0.758475
vt 0.235878 0.753183
vt 0.237785 0.819491
vt 0.231818 0.746446
vt 0.240830 0.830940
vt 0.237903 0.842283
vt 0.231293 0.853338
vt 0.249929 0.784289
vt 0.235970 0.736538
vt 0.173957 0.835114
vt 0.180714 0.845290
vt 0.170401 0.841962
vt 0.210017 0.831462
vt 0.168471 0.836518
vt 0.260748 0.757440
vt 0.257376 0.771864
vt 0.252954 0.761981
vt 0.255322 0.702291
vt 0.251201 0.711073
vt 0.243387 0.703017
vt 0.250785 0.722906
vt 0.258569 0.732592
vt 0.250948 0.772738
vt 0.247390 0.734795
vt 0.246943 0.767225
vt 0.236065 0.709084
vt 0.254575 0.747213
vt 0.249454 0.698276
vt 0.243646 0.774876
vt 0.213906 0.850195
vt 0.230200 0.838750
vt 0.228665 0.834292
vt 0.233685 0.833857
vt 0.220678 0.856037
vt 0.190722 0.842097
vt 0.239407 0.692343
vt 0.230421 0.701041
vt 0.215340 0.815177
vt 0.245309 0.876920
vt 0.286028 0.827682
vt 0.275938 0.812360
vt 0.262700 0.975023
vt 0.277284 0.971418
vt 0.286488 0.997741
vt 0.132860 0.722357
vt 0.294775 0.846409
vt 0.137500 0.934154
vt 0.147964 0.934491
vt 0.271589 0.862492
vt 0.266393 0.803519
vt 0.290975 0.955723
vt 0.292639 0.977955
vt 0.140314 0.707534
vt 0.162768 0.539762
vt 0.164469 0.524194
vt 0.175855 0.533808
vt 0.191863 0.530594
vt 0.259542 0.889897
vt 0.283426 0.885345
vt 0.265628 0.913094
vt 0.268601 0.946815
vt 0.237625 0.879484
vt 0.242557 0.892943
vt 0.254735 0.877117
vt 0.250146 0.907746
vt 0.312951 0.853656
vt 0.284754 0.924904
vt 0.301861 0.923938
vt 0.306365 0.945710
vt 0.295170 0.939156
vt 0.263121 0.999785
vt 0.309657 0.973684
vt 0.296587 0.897342
vt 0.272146 0.681403
vt 0.258284 0.663091
vt 0.252533 0.652257
vt 0.335542 0.776783
vt 0.366132 0.826101
vt 0.278763 0.681742
vt 0.370534 0.762883
vt 0.316077 0.922101
vt 0.312610 0.896107
vt 0.268485 0.624609
vt 0.261625 0.626307
vt 0.262454 0.622336
vt 0.295980 0.671384
vt 0.262422 0.616902
vt 0.143261 0.943778
vt 0.265687 0.608489
vt 0.258083 0.600046
vt 0.272046 0.618661
vt 0.270032 0.631860
vt 0.233923 0.621536
vt 0.225998 0.630883
vt 0.224782 0.573016
vt 0.231589 0.581356
vt 0.251318 0.586718
vt 0.250707 0.692397
vt 0.258302 0.698403
vt 0.234447 0.598320
vt 0.225785 0.610648
vt 0.237272 0.610675
vt 0.226163 0.651925
vt 0.229491 0.672008
vt 0.244742 0.670953
vt 0.226681 0.690974
vt 0.261175 0.701351
vt 0.241906 0.633049
vt 0.250683 0.625241
vt 0.252401 0.639947
vt 0.250666 0.645661
vt 0.271812 0.579060
vt 0.225563 0.560380
vt 0.231987 0.554241
vt 0.232666 0.640705
vt 0.239872 0.563335
vt 0.248616 0.568293
vt 0.233364 0.568263
vt 0.257571 0.621161
vt 0.255987 0.608686
vt 0.246744 0.603605
vt 0.241799 0.659219
vt 0.248142 0.615425
vt 0.238197 0.680029
vt 0.231270 0.683889
vt 0.259861 0.574270
vt 0.232403 0.562861
vt 0.226295 0.682570
vt 0.264447 0.582359
vt 0.243911 0.640763
vt 0.290303 0.626443
vt 0.241150 0.648008
vt 0.296501 0.593512
vt 0.138231 0.663753
vt 0.127397 0.659468
vt 0.133080 0.662250
vt 0.125346 0.667746
vt 0.136510 0.679247
vt 0.132742 0.670377
vt 0.124391 0.678973
vt 0.139427 0.692988
vt 0.129894 0.700561
vt 0.131451 0.691387
vt 0.127316 0.694989
vt 0.125338 0.688865
vt 0.161814 0.907819
vt 0.164985 0.956958
vt 0.157684 0.963815
vt 0.155419 0.949317
vt 0.232429 0.888965
vt 0.191611 0.972797
vt 0.197653 0.959625
vt 0.202816 0.975455
vt 0.188889 0.901729
vt 0.183730 0.896287
vt 0.187309 0.891982
vt 0.224328 0.909971
vt 0.214663 0.917983
vt 0.188973 0.915510
vt 0.202757 0.918121
vt 0.192156 0.929747
vt 0.168606 0.916903
vt 0.157520 0.924477
vt 0.213623 0.855450
vt 0.169052 0.862670
vt 0.165157 0.871815
vt 0.178568 0.903853
vt 0.178721 0.913570
vt 0.181819 0.944212
vt 0.172055 0.930673
vt 0.219907 0.901281
vt 0.215154 0.896669
vt 0.221080 0.893566
vt 0.144443 0.954479
vt 0.201073 0.881274
vt 0.211043 0.877572
vt 0.209320 0.884125
vt 0.201636 0.898320
vt 0.210143 0.896315
vt 0.209397 0.903901
vt 0.159465 0.938239
vt 0.170940 0.909902
vt 0.185439 0.959329
vt 0.174595 0.954898
vt 0.198541 0.943886
vt 0.216961 0.860432
vt 0.168597 0.946960
vt 0.164997 0.880371
vt 0.158513 0.883579
vt 0.198918 0.907388
vt 0.208446 0.994899
vt 0.211719 0.887604
vt 0.213984 0.891175
vt 0.205969 0.890310
vt 0.196630 0.988079
vt 0.170917 0.851738
vt 0.158079 0.892871
vt 0.171001 0.887960
vt 0.164163 0.887721
vt 0.215040 0.909239
vt 0.206645 0.959520
vt 0.166865 0.895890
vt 0.172406 0.895384
vt 0.171362 0.902016
vt 0.176609 0.876231
vt 0.188695 0.883747
vt 0.179850 0.889953
vt 0.173321 0.964072
vt 0.216524 0.884881
vt 0.178559 0.897468
vt 0.210371 0.859807
vt 0.205650 0.852690
vt 0.195716 0.891287
vt 0.165666 0.977137
vt 0.182924 0.899478
vt 0.230019 0.882588
vt 0.180714 0.860326
vt 0.192974 0.853259
vt 0.213476 0.867552
vt 0.202909 0.862435
vt 0.178423 0.980689
vt 0.192093 0.869913
vt 0.230859 0.875050
vt 0.225037 0.899150
vt 0.232293 0.898408
vt 0.204106 0.871750
vt 0.110405 0.768729
vt 0.189369 0.985927
vt 0.103968 0.760488
vt 0.104859 0.782640
vt 0.225914 0.866014
vt 0.225228 0.887507
vt 0.222342 0.877524
vt 0.102444 0.775746
vt 0.226996 0.893602
vt 0.100315 0.788579
vt 0.100960 0.796565
vt 0.118197 0.815879
vt 0.129362 0.815988
vt 0.797981 0.296239
vt 0.790068 0.299058
vt 0.787084 0.290028
vt 0.796716 0.317733
vt 0.792280 0.314903
vt 0.797457 0.311698
vt 0.787322 0.305980
vt 0.797113 0.303983
vt 0.787513 0.314960
vt 0.788580 0.312109
vt 0.848978 0.474702
vt 0.843210 0.470385
vt 0.848372 0.468581
vt 0.874622 0.294023
vt 0.859423 0.285383
vt 0.869166 0.281256
vt 0.850385 0.465231
vt 0.855755 0.467045
vt 0.881743 0.259734
vt 0.890992 0.260181
vt 0.888797 0.274712
vt 0.890287 0.293811
vt 0.879906 0.282646
vt 0.862735 0.296661
vt 0.858108 0.303156
vt 0.848739 0.293830
vt 0.779239 0.386441
vt 0.773218 0.384259
vt 0.779579 0.380385
vt 0.804394 0.328107
vt 0.806393 0.332219
vt 0.799727 0.332302
vt 0.849312 0.481215
vt 0.844123 0.476372
vt 0.853809 0.330389
vt 0.860122 0.330070
vt 0.860025 0.334219
vt 0.793479 0.380363
vt 0.799385 0.379384
vt 0.798658 0.385055
vt 0.850884 0.471415
vt 0.849604 0.459199
vt 0.869580 0.463517
vt 0.849703 0.450347
vt 0.848113 0.305500
vt 0.836794 0.301418
vt 0.872660 0.268536
vt 0.920496 0.323440
vt 0.906607 0.327036
vt 0.901821 0.314974
vt 0.817796 0.320816
vt 0.811428 0.324359
vt 0.809074 0.316353
vt 0.720708 0.374910
vt 0.710497 0.377947
vt 0.713529 0.365979
vt 0.809352 0.328703
vt 0.852859 0.337732
vt 0.856563 0.344163
vt 0.850748 0.343342
vt 0.802751 0.381493
vt 0.823788 0.332449
vt 0.817861 0.328518
vt 0.822661 0.326305
vt 0.802193 0.376140
vt 0.795052 0.375642
vt 0.891743 0.318637
vt 0.797692 0.371980
vt 0.870064 0.315501
vt 0.869092 0.305409
vt 0.881395 0.309697
vt 0.772715 0.390504
vt 0.873177 0.244210
vt 0.859959 0.245209
vt 0.869160 0.237110
vt 0.831970 0.387156
vt 0.829517 0.385298
vt 0.830446 0.383224
vt 0.928553 0.307648
vt 0.907324 0.308092
vt 0.861045 0.233902
vt 0.853179 0.236554
vt 0.835568 0.313125
vt 0.833996 0.308516
vt 0.841009 0.311480
vt 0.813500 0.332148
vt 0.813547 0.328742
vt 0.833545 0.462239
vt 0.837393 0.451909
vt 0.844977 0.455371
vt 0.862392 0.309549
vt 0.854055 0.309530
vt 0.848942 0.313580
vt 0.852792 0.320224
vt 0.843867 0.319597
vt 0.869622 0.377747
vt 0.873006 0.382313
vt 0.864796 0.376725
vt 0.808688 0.334864
vt 0.810184 0.333215
vt 0.843980 0.464750
vt 0.905833 0.199927
vt 0.916703 0.187079
vt 0.914562 0.224105
vt 0.806872 0.338429
vt 0.797725 0.342388
vt 0.907623 0.242133
vt 0.902787 0.253212
vt 0.897915 0.240523
vt 0.893025 0.308344
vt 0.826078 0.299837
vt 0.831376 0.288470
vt 0.843814 0.481723
vt 0.833545 0.318253
vt 0.828725 0.311927
vt 0.828988 0.319917
vt 0.823666 0.315866
vt 0.836040 0.384386
vt 0.802246 0.317295
vt 0.891835 0.328805
vt 0.880125 0.323974
vt 0.837937 0.318878
vt 0.811469 0.337690
vt 0.898934 0.302365
vt 0.907001 0.296018
vt 0.800367 0.323928
vt 0.806135 0.323629
vt 0.859599 0.316037
vt 0.789194 0.374627
vt 0.816342 0.330922
vt 0.835633 0.378155
vt 0.919742 0.285523
vt 0.798401 0.351369
vt 0.807479 0.345852
vt 0.807991 0.380663
vt 0.881407 0.401112
vt 0.891512 0.404352
vt 0.884882 0.411656
vt 0.852143 0.346837
vt 0.847799 0.347122
vt 0.931190 0.226445
vt 0.802283 0.369795
vt 0.812329 0.385575
vt 0.821451 0.384501
vt 0.817596 0.391377
vt 0.826111 0.388458
vt 0.851213 0.381785
vt 0.850855 0.387890
vt 0.842887 0.386549
vt 0.833691 0.391121
vt 0.826072 0.392795
vt 0.819794 0.396738
vt 0.813788 0.402972
vt 0.811458 0.395907
vt 0.857020 0.389222
vt 0.848812 0.394205
vt 0.854796 0.439608
vt 0.843692 0.422466
vt 0.860201 0.425099
vt 0.822859 0.403890
vt 0.869138 0.391153
vt 0.862170 0.383150
vt 0.830212 0.399066
vt 0.864530 0.389385
vt 0.858677 0.394713
vt 0.839265 0.395064
vt 0.902640 0.446901
vt 0.874800 0.434163
vt 0.879898 0.424770
vt 0.840933 0.401881
vt 0.831354 0.410718
vt 0.844571 0.409985
vt 0.862659 0.400872
vt 0.851981 0.402157
vt 0.856774 0.412083
vt 0.885284 0.421908
vt 0.872037 0.417798
vt 0.875043 0.407115
vt 0.867175 0.407049
vt 0.871777 0.399520
vt 0.854817 0.374339
vt 0.817724 0.335120
vt 0.827919 0.326803
vt 0.824397 0.322148
vt 0.871400 0.347983
vt 0.876041 0.353562
vt 0.870220 0.354260
vt 0.827433 0.377456
vt 0.827055 0.382794
vt 0.923419 0.270079
vt 0.918431 0.248461
vt 0.931613 0.256862
vt 0.816372 0.376163
vt 0.847792 0.374090
vt 0.808433 0.372277
vt 0.805454 0.364061
vt 0.797676 0.361597
vt 0.805513 0.355828
vt 0.814101 0.345897
vt 0.833736 0.325907
vt 0.881387 0.248337
vt 0.886542 0.254369
vt 0.808159 0.426008
vt 0.811443 0.425428
vt 0.811968 0.430487
vt 0.809679 0.420072
vt 0.810978 0.411621
vt 0.813078 0.416131
vt 0.813259 0.422016
vt 0.819073 0.410581
vt 0.822254 0.418917
vt 0.805067 0.433413
vt 0.820952 0.429482
vt 0.827846 0.442824
vt 0.832950 0.436014
vt 0.832019 0.419283
vt 0.831899 0.426662
vt 0.840237 0.433772
vt 0.841033 0.439545
vt 0.756827 0.419472
vt 0.750963 0.421540
vt 0.749372 0.417650
vt 0.755253 0.423680
vt 0.743680 0.421212
vt 0.762774 0.422932
vt 0.764797 0.421595
vt 0.767271 0.424621
vt 0.770268 0.423268
vt 0.775121 0.419801
vt 0.775062 0.423585
vt 0.839834 0.444544
vt 0.882340 0.453683
vt 0.717532 0.355811
vt 0.721310 0.362082
vt 0.793214 0.426756
vt 0.790961 0.421141
vt 0.795430 0.415626
vt 0.799665 0.419032
vt 0.789397 0.416628
vt 0.793939 0.410834
vt 0.797097 0.408533
vt 0.790103 0.409694
vt 0.794468 0.406719
vt 0.799686 0.405296
vt 0.799312 0.406972
vt 0.797484 0.404730
vt 0.801048 0.403020
vt 0.798399 0.410166
vt 0.798691 0.395563
vt 0.795385 0.402207
vt 0.793060 0.397720
vt 0.797109 0.391555
vt 0.800630 0.399297
vt 0.808164 0.391452
vt 0.803581 0.394569
vt 0.802010 0.390571
vt 0.805715 0.400415
vt 0.804773 0.386269
vt 0.792551 0.391246
vt 0.715027 0.387515
vt 0.716399 0.391925
vt 0.710714 0.395088
vt 0.717028 0.383062
vt 0.711160 0.387194
vt 0.743179 0.417156
vt 0.747116 0.415760
vt 0.744612 0.413085
vt 0.750386 0.411994
vt 0.747146 0.412745
vt 0.738066 0.412975
vt 0.776923 0.399055
vt 0.770002 0.408111
vt 0.764537 0.402887
vt 0.759337 0.411816
vt 0.754122 0.415969
vt 0.745165 0.406752
vt 0.766471 0.395993
vt 0.755396 0.403947
vt 0.737187 0.400359
vt 0.754316 0.396968
vt 0.749705 0.400056
vt 0.748924 0.394171
vt 0.758105 0.391514
vt 0.760357 0.383184
vt 0.758974 0.398150
vt 0.741343 0.393487
vt 0.744314 0.398624
vt 0.747663 0.387348
vt 0.871612 0.372574
vt 0.869308 0.364753
vt 0.872879 0.368501
vt 0.866593 0.223395
vt 0.859831 0.369555
vt 0.842872 0.376925
vt 0.790770 0.383859
vt 0.789203 0.388043
vt 0.785741 0.383804
vt 0.875911 0.333592
vt 0.867137 0.333022
vt 0.868493 0.324298
vt 0.773897 0.416781
vt 0.769497 0.418090
vt 0.773569 0.413604
vt 0.765350 0.416428
vt 0.822868 0.308035
vt 0.829394 0.305066
vt 0.843254 0.350976
vt 0.840045 0.352676
vt 0.840846 0.346955
vt 0.823117 0.460284
vt 0.827817 0.465435
vt 0.856021 0.349219
vt 0.851281 0.351636
vt 0.781434 0.375417
vt 0.787699 0.379732
vt 0.863213 0.350420
vt 0.866068 0.357283
vt 0.860279 0.322323
vt 0.862091 0.364611
vt 0.704122 0.395816
vt 0.713279 0.400669
vt 0.706611 0.409403
vt 0.706212 0.402928
vt 0.709468 0.403320
vt 0.710925 0.409880
vt 0.701592 0.406665
vt 0.704980 0.417176
vt 0.712256 0.420561
vt 0.717422 0.431693
vt 0.726981 0.444574
vt 0.727280 0.439869
vt 0.736607 0.443667
vt 0.733531 0.448264
vt 0.785006 0.387772
vt 0.838998 0.473459
vt 0.710943 0.430965
vt 0.706089 0.432143
vt 0.705844 0.426950
vt 0.711233 0.438900
vt 0.814390 0.364710
vt 0.719378 0.440881
vt 0.839532 0.324099
vt 0.720668 0.449043
vt 0.715272 0.444403
vt 0.701845 0.425869
vt 0.858485 0.353547
vt 0.855614 0.357961
vt 0.891501 0.390637
vt 0.895964 0.398180
vt 0.888424 0.397899
vt 0.886324 0.370677
vt 0.882705 0.378794
vt 0.796683 0.367004
vt 0.836773 0.467804
vt 0.833171 0.353280
vt 0.831462 0.344132
vt 0.856704 0.325601
vt 0.863221 0.326603
vt 0.879225 0.344891
vt 0.871876 0.340272
vt 0.838275 0.371605
vt 0.842927 0.370143
vt 0.838375 0.478960
vt 0.833364 0.475250
vt 0.834931 0.473617
vt 0.781904 0.390043
vt 0.846131 0.355993
vt 0.793195 0.385904
vt 0.876212 0.204704
vt 0.862276 0.211576
vt 0.870227 0.184497
vt 0.848434 0.325236
vt 0.908023 0.268611
vt 0.856335 0.227243
vt 0.792550 0.319220
vt 0.794893 0.322150
vt 0.794794 0.325859
vt 0.781683 0.314122
vt 0.784686 0.318107
vt 0.789089 0.327736
vt 0.766273 0.343486
vt 0.770888 0.337958
vt 0.768178 0.348727
vt 0.782437 0.321937
vt 0.783127 0.329000
vt 0.775620 0.326636
vt 0.788923 0.321341
vt 0.775774 0.317058
vt 0.743947 0.299395
vt 0.752090 0.305170
vt 0.746459 0.310411
vt 0.757947 0.321988
vt 0.762947 0.326302
vt 0.755459 0.328571
vt 0.775860 0.306072
vt 0.765744 0.321359
vt 0.768634 0.327506
vt 0.788640 0.334773
vt 0.762864 0.316513
vt 0.758749 0.310867
vt 0.765345 0.308227
vt 0.780324 0.335203
vt 0.752629 0.312384
vt 0.748492 0.351116
vt 0.743559 0.355614
vt 0.739132 0.349981
vt 0.748944 0.357885
vt 0.755520 0.354351
vt 0.756852 0.361188
vt 0.756180 0.316436
vt 0.759694 0.303089
vt 0.769507 0.314411
vt 0.753368 0.335120
vt 0.762262 0.333201
vt 0.760761 0.340783
vt 0.739328 0.309938
vt 0.740635 0.306391
vt 0.750067 0.318540
vt 0.744540 0.314897
vt 0.755981 0.293508
vt 0.747415 0.330242
vt 0.771229 0.321109
vt 0.747349 0.341115
vt 0.756310 0.347685
vt 0.740313 0.317543
vt 0.733172 0.312337
vt 0.751956 0.323677
vt 0.747811 0.325099
vt 0.762978 0.346724
vt 0.729772 0.317868
vt 0.739082 0.360113
vt 0.748240 0.363662
vt 0.741839 0.333480
vt 0.739414 0.326579
vt 0.686927 0.228348
vt 0.678505 0.211949
vt 0.693338 0.207991
vt 0.735010 0.337886
vt 0.764449 0.355793
vt 0.761571 0.350866
vt 0.719310 0.339910
vt 0.730214 0.333548
vt 0.728583 0.339888
vt 0.729699 0.325765
vt 0.721974 0.328485
vt 0.723652 0.321485
vt 0.728073 0.346381
vt 0.734802 0.329817
vt 0.863736 0.340751
vt 0.814792 0.313502
vt 0.797255 0.357027
vt 0.788225 0.349268
vt 0.792064 0.355639
vt 0.791908 0.359640
vt 0.791817 0.370960
vt 0.790418 0.363026
vt 0.785187 0.357674
vt 0.783429 0.362796
vt 0.783434 0.369901
vt 0.788419 0.367309
vt 0.782425 0.365574
vt 0.818249 0.291508
vt 0.819556 0.280873
vt 0.829661 0.274735
vt 0.806856 0.281785
vt 0.804165 0.235031
vt 0.818931 0.243707
vt 0.790320 0.246545
vt 0.813458 0.267145
vt 0.834480 0.249584
vt 0.822723 0.254632
vt 0.790895 0.280635
vt 0.780701 0.271667
vt 0.795451 0.270207
vt 0.838567 0.261741
vt 0.797851 0.259697
vt 0.808196 0.254235
vt 0.855683 0.195022
vt 0.848727 0.218392
vt 0.776611 0.260421
vt 0.763699 0.275177
vt 0.811122 0.183432
vt 0.790599 0.191982
vt 0.802253 0.150894
vt 0.785987 0.261796
vt 0.790372 0.220546
vt 0.842545 0.242586
vt 0.843197 0.231041
vt 0.831150 0.235274
vt 0.846093 0.167849
vt 0.865057 0.166456
vt 0.833014 0.220051
vt 0.843927 0.203393
vt 0.806126 0.222255
vt 0.817941 0.230077
vt 0.824003 0.340334
vt 0.680225 0.185891
vt 0.664399 0.195462
vt 0.664399 0.150733
vt 0.765545 0.248499
vt 0.774460 0.227521
vt 0.845623 0.350292
vt 0.774623 0.161108
vt 0.832098 0.187591
vt 0.843835 0.278605
vt 0.811928 0.355958
vt 0.816427 0.212389
vt 0.775638 0.203614
vt 0.838845 0.366089
vt 0.758982 0.211770
vt 0.802131 0.208901
vt 0.678697 0.245351
vt 0.690867 0.241316
vt 0.688566 0.252063
vt 0.837948 0.331081
vt 0.811351 0.306808
vt 0.804365 0.302489
vt 0.808252 0.295229
vt 0.833539 0.150733
vt 0.875765 0.366567
vt 0.845228 0.343222
vt 0.883419 0.354186
vt 0.887694 0.360360
vt 0.879406 0.360823
vt 0.853140 0.362943
vt 0.697851 0.179072
vt 0.682522 0.156512
vt 0.701074 0.150733
vt 0.826699 0.364906
vt 0.833611 0.369901
vt 0.674881 0.231201
vt 0.887073 0.235021
vt 0.891652 0.249827
vt 0.842348 0.326221
vt 0.679523 0.257808
vt 0.692940 0.264838
vt 0.821998 0.353453
vt 0.664399 0.239936
vt 0.664471 0.257848
vt 0.664545 0.220248
vt 0.862282 0.359175
vt 0.803723 0.309757
vt 0.676698 0.285417
vt 0.681860 0.277326
vt 0.690529 0.279040
vt 0.699982 0.381577
vt 0.702855 0.370989
vt 0.686511 0.385640
vt 0.692028 0.375484
vt 0.819304 0.313528
vt 0.830360 0.333575
vt 0.876929 0.236167
vt 0.675227 0.275945
vt 0.678387 0.268788
vt 0.872724 0.359867
vt 0.847624 0.369123
vt 0.719208 0.162428
vt 0.836636 0.360126
vt 0.845259 0.363962
vt 0.749307 0.370121
vt 0.762569 0.370363
vt 0.756091 0.375917
vt 0.755557 0.366270
vt 0.763199 0.365511
vt 0.768215 0.366267
vt 0.766188 0.361982
vt 0.785254 0.341723
vt 0.778284 0.366318
vt 0.774289 0.369130
vt 0.773234 0.363708
vt 0.769907 0.376802
vt 0.778308 0.362871
vt 0.771273 0.358392
vt 0.776559 0.358342
vt 0.779863 0.352833
vt 0.770558 0.354237
vt 0.773296 0.355376
vt 0.774979 0.352016
vt 0.774079 0.346901
vt 0.771598 0.350562
vt 0.779360 0.347138
vt 0.778603 0.341218
vt 0.845590 0.336496
vt 0.845833 0.331801
vt 0.817201 0.309320
vt 0.848246 0.341115
vt 0.835559 0.337672
vt 0.838557 0.342055
vt 0.843787 0.339759
vt 0.833558 0.469235
vt 0.829838 0.339216
vt 0.729965 0.430126
vt 0.744064 0.430632
vt 0.745756 0.435310
vt 0.840707 0.336086
vt 0.739273 0.434817
vt 0.745314 0.437917
vt 0.760005 0.435021
vt 0.757565 0.438623
vt 0.763287 0.441475
vt 0.752959 0.440943
vt 0.824394 0.467640
vt 0.742470 0.439576
vt 0.740047 0.437665
vt 0.733965 0.394704
vt 0.730028 0.393265
vt 0.734404 0.388482
vt 0.685845 0.410456
vt 0.696537 0.410450
vt 0.700479 0.419041
vt 0.747646 0.443160
vt 0.783315 0.430195
vt 0.774025 0.428264
vt 0.784287 0.423374
vt 0.760136 0.444124
vt 0.756204 0.446617
vt 0.737550 0.440603
vt 0.772992 0.438520
vt 0.884665 0.335811
vt 0.746656 0.446920
vt 0.755698 0.451438
vt 0.742793 0.453489
vt 0.741185 0.446782
vt 0.770789 0.433234
vt 0.758630 0.459521
vt 0.745854 0.463684
vt 0.889737 0.161159
vt 0.851821 0.367755
vt 0.730851 0.453171
vt 0.737190 0.460573
vt 0.736090 0.472433
vt 0.889294 0.346367
vt 0.729689 0.459607
vt 0.721739 0.456328
vt 0.762368 0.431253
vt 0.733759 0.381349
vt 0.726783 0.385583
vt 0.857569 0.271004
vt 0.732913 0.436274
vt 0.817530 0.301423
vt 0.877656 0.224593
vt 0.847207 0.250573
vt 0.780214 0.412558
vt 0.800582 0.404794
vt 0.783120 0.416754
vt 0.801484 0.406911
vt 0.806216 0.408914
vt 0.783000 0.441864
vt 0.789547 0.448621
vt 0.778225 0.447643
vt 0.790367 0.424980
vt 0.805826 0.419743
vt 0.815474 0.438401
vt 0.786833 0.434909
vt 0.828507 0.452132
vt 0.821511 0.454874
vt 0.820629 0.447600
vt 0.787964 0.457533
vt 0.779994 0.452199
vt 0.796239 0.433069
vt 0.795601 0.498669
vt 0.788444 0.489450
vt 0.803103 0.490173
vt 0.809159 0.442447
vt 0.798069 0.439037
vt 0.791565 0.440607
vt 0.768342 0.452311
vt 0.773624 0.456897
vt 0.899894 0.226498
vt 0.774931 0.463053
vt 0.788897 0.464854
vt 0.779695 0.470075
vt 0.769849 0.445079
vt 0.823954 0.471879
vt 0.817006 0.468656
vt 0.803044 0.443437
vt 0.813059 0.447840
vt 0.796695 0.444516
vt 0.788385 0.476664
vt 0.802869 0.478021
vt 0.794895 0.480272
vt 0.814324 0.500001
vt 0.807343 0.495699
vt 0.813990 0.495105
vt 0.827258 0.496464
vt 0.818030 0.488189
vt 0.815182 0.453708
vt 0.807427 0.447857
vt 0.898492 0.356546
vt 0.895033 0.364161
vt 0.896247 0.347831
vt 0.900608 0.341680
vt 0.884388 0.393663
vt 0.888551 0.355234
vt 0.806229 0.502623
vt 0.778446 0.474766
vt 0.811410 0.492034
vt 0.763010 0.446998
vt 0.830976 0.476394
vt 0.809159 0.455112
vt 0.802480 0.462523
vt 0.802502 0.449942
vt 0.820790 0.461303
vt 0.706540 0.361736
vt 0.788098 0.482695
vt 0.798477 0.483575
vt 0.712614 0.357746
vt 0.759091 0.467474
vt 0.739988 0.383839
vt 0.738510 0.388895
vt 0.896801 0.380644
vt 0.812238 0.480860
vt 0.694905 0.361909
vt 0.822906 0.475718
vt 0.814462 0.460677
vt 0.894846 0.333878
vt 0.902436 0.333926
vt 0.734159 0.370364
vt 0.730284 0.377213
vt 0.727502 0.372755
vt 0.891685 0.336955
vt 0.799423 0.453027
vt 0.762363 0.485087
vt 0.749786 0.478400
vt 0.772986 0.479648
vt 0.703284 0.354796
vt 0.741142 0.366793
vt 0.809194 0.472942
vt 0.884232 0.386111
vt 0.685816 0.370455
vt 0.821439 0.503702
vt 0.776863 0.484910
vt 0.773218 0.490259
vt 0.832034 0.504719
vt 0.712286 0.349576
vt 0.698656 0.303421
vt 0.709857 0.308567
vt 0.702495 0.313612
vt 0.696202 0.419375
vt 0.896608 0.421122
vt 0.691097 0.316994
vt 0.668352 0.323759
vt 0.680826 0.302939
vt 0.782023 0.495564
vt 0.763758 0.474047
vt 0.703345 0.345267
vt 0.796300 0.471124
vt 0.712099 0.269474
vt 0.725768 0.267241
vt 0.726631 0.280812
vt 0.904885 0.372076
vt 0.700774 0.251823
vt 0.705878 0.336577
vt 0.712987 0.329392
vt 0.703171 0.320852
vt 0.691445 0.326293
vt 0.689063 0.350520
vt 0.691732 0.336620
vt 0.698618 0.390912
vt 0.705310 0.386479
vt 0.696391 0.402746
vt 0.702637 0.329228
vt 0.736051 0.294720
vt 0.736474 0.299991
vt 0.708722 0.199580
vt 0.724202 0.200351
vt 0.713537 0.216757
vt 0.665130 0.345362
vt 0.718923 0.313951
vt 0.717111 0.322233
vt 0.697223 0.285566
vt 0.704504 0.280200
vt 0.702749 0.291377
vt 0.671870 0.362481
vt 0.709893 0.319201
vt 0.748755 0.379437
vt 0.741261 0.378828
vt 0.728388 0.252966
vt 0.715419 0.251781
vt 0.790870 0.402578
vt 0.785287 0.406687
vt 0.784842 0.400645
vt 0.730447 0.401082
vt 0.692708 0.396497
vt 0.778898 0.406906
vt 0.780986 0.394396
vt 0.787002 0.395073
vt 0.664399 0.301580
vt 0.747179 0.283325
vt 0.736446 0.276581
vt 0.748252 0.263626
vt 0.740070 0.371773
vt 0.724995 0.309048
vt 0.736758 0.288483
vt 0.729015 0.293346
vt 0.735797 0.304782
vt 0.731605 0.236761
vt 0.720556 0.231339
vt 0.730873 0.306713
vt 0.703741 0.229653
vt 0.716961 0.305229
vt 0.723554 0.353560
vt 0.729902 0.356844
vt 0.787603 0.391002
vt 0.710349 0.298777
vt 0.664399 0.288859
vt 0.721716 0.298322
vt 0.717718 0.285334
vt 0.719629 0.349449
vt 0.691902 0.291533
vt 0.731605 0.301894
vt 0.783361 0.397088
vt 0.750723 0.240819
vt 0.731156 0.364520
vt 0.711003 0.290655
vt 0.735917 0.264190
vt 0.742328 0.223250
vt 0.739387 0.248674
vt 0.825073 0.481866
vt 0.832842 0.482517
vt 0.754429 0.159713
vt 0.747498 0.197566
vt 0.841562 0.488102
vt 0.837807 0.494625
vt 0.835155 0.489445
vt 0.737927 0.195184
vt 0.737605 0.150733
vt 0.837833 0.483958
vt 0.841387 0.482940
vt 0.827105 0.487939
vt 0.745743 0.375350
vt 0.877871 0.391894
vt 0.853618 0.503418
vt 0.855325 0.499287
vt 0.860380 0.499923
vt 0.837716 0.499272
vt 0.841538 0.502903
vt 0.846051 0.506601
vt 0.839476 0.508451
vt 0.848646 0.498970
vt 0.849324 0.491205
vt 0.903062 0.389661
vt 0.854120 0.479858
vt 0.730975 0.218434
vt 0.894060 0.409988
vt 0.726005 0.365855
vt 0.723550 0.400131
vt 0.727611 0.400265
vt 0.717762 0.398126
vt 0.721256 0.389272
vt 0.726898 0.406331
vt 0.720331 0.400936
vt 0.727752 0.411828
vt 0.723736 0.408848
vt 0.732040 0.405421
vt 0.723424 0.431367
vt 0.715734 0.409349
vt 0.719828 0.409264
vt 0.731937 0.411430
vt 0.725033 0.413192
vt 0.726383 0.415789
vt 0.729984 0.416342
vt 0.717827 0.421574
vt 0.722842 0.413250
vt 0.722329 0.420219
vt 0.730146 0.419305
vt 0.725303 0.417486
vt 0.736312 0.422006
vt 0.733396 0.423403
vt 0.747114 0.427561
vt 0.745664 0.426355
vt 0.735464 0.417112
vt 0.746068 0.424460
vt 0.751006 0.425222
vt 0.757051 0.426386
vt 0.760863 0.429477
vt 0.752845 0.428156
vt 0.765427 0.428164
vt 0.906748 0.164615
vt 0.890243 0.205213
vt 0.932029 0.197034
vt 0.912503 0.256858
vt 0.879340 0.242009
vt 0.798910 0.288871
vt 0.871144 0.254026
vt 0.858175 0.258313
vt 0.898347 0.259390
vt 0.897869 0.267840
vt 0.901963 0.281289
vt 0.768169 0.294686
vt 0.777183 0.283253
vt 0.777499 0.294159
vt 0.783048 0.298009
s 1
usemtl Texture
f 2977/1/1 2819/2/2 2978/3/3
f 2767/4/4 2819/2/2 2977/1/1
f 2778/5/5 2765/6/6 2973/7/7
f 2778/5/5 2819/2/2 2767/4/4
f 2767/4/4 3152/8/8 933/9/9
f 2767/4/4 2792/10/10 2778/5/5
f 933/9/9 3152/8/8 3148/11/11
f 1410/12/12 2765/6/6 2792/10/10
f 2792/10/10 2765/6/6 2778/5/5
f 2767/4/4 933/9/9 2792/10/10
f 933/9/9 1410/12/12 2792/10/10
f 1265/13/13 2684/14/14 2867/15/15
f 2835/16/16 2686/17/17 2684/14/14
f 1265/13/13 2867/15/15 2735/18/18
f 2735/18/18 2683/19/19 1265/13/13
f 2714/20/20 1265/13/13 2715/21/21
f 2835/16/16 2986/22/22 2686/17/17
f 2846/23/23 2867/15/15 2686/17/17
f 2986/22/22 2846/23/23 2686/17/17
f 2684/14/14 2686/17/17 2867/15/15
f 2722/24/24 2704/25/25 1265/13/13
f 2840/26/26 2846/23/23 2986/22/22
f 2714/20/20 2715/21/21 2716/27/27
f 2716/27/27 1260/28/28 2714/20/20
f 1260/28/28 2716/27/27 3007/29/29
f 2684/14/14 1265/13/13 2704/25/25
f 2846/23/23 2840/26/26 2845/30/30
f 2862/31/31 2840/26/26 2986/22/22
f 2834/32/32 2862/31/31 2986/22/22
f 2862/31/31 2856/33/33 844/34/34
f 2862/31/31 844/34/34 2840/26/26
f 1265/13/13 2701/35/35 2722/24/24
f 2715/21/21 1265/13/13 2683/19/19
f 2866/36/36 2714/20/20 1260/28/28
f 2986/22/22 2835/16/16 2834/32/32
f 2735/18/18 2850/37/37 2683/19/19
f 2701/35/35 2714/20/20 2866/36/36
f 2701/35/35 2866/36/36 2728/38/38
f 1002/39/39 2856/33/33 2862/31/31
f 2704/25/25 2835/16/16 2684/14/14
f 1265/13/13 2714/20/20 2701/35/35
f 2724/40/40 2835/16/16 2704/25/25
f 2728/38/38 2989/41/41 2851/42/42
f 1002/39/39 2862/31/31 2834/32/32
f 2834/32/32 2835/16/16 2724/40/40
f 2728/38/38 2722/24/24 2701/35/35
f 2866/36/36 2989/41/41 2728/38/38
f 162/43/43 178/44/44 160/45/45
f 178/44/44 365/46/46 249/47/47
f 365/46/46 220/48/48 366/49/49
f 188/50/50 740/51/51 331/52/52
f 777/53/53 369/54/54 220/48/48
f 220/48/48 222/55/55 366/49/49
f 368/56/56 369/54/54 736/57/57
f 367/58/58 238/59/59 411/60/60
f 220/48/48 369/54/54 367/58/58
f 369/54/54 368/56/56 238/59/59
f 222/55/55 367/58/58 411/60/60
f 368/56/56 187/61/61 238/59/59
f 736/57/57 369/54/54 777/53/53
f 208/62/62 206/63/63 252/64/64
f 220/48/48 365/46/46 777/53/53
f 365/46/46 366/49/49 249/47/47
f 252/64/64 187/61/61 208/62/62
f 188/50/50 252/64/64 740/51/51
f 187/61/61 252/64/64 188/50/50
f 331/52/52 411/60/60 188/50/50
f 369/54/54 238/59/59 367/58/58
f 365/46/46 162/43/43 154/65/65
f 331/52/52 448/66/66 784/67/67
f 368/56/56 208/62/62 187/61/61
f 740/51/51 448/66/66 331/52/52
f 187/61/61 411/60/60 238/59/59
f 411/60/60 187/61/61 188/50/50
f 154/65/65 736/57/57 777/53/53
f 205/68/68 206/63/63 208/62/62
f 162/43/43 365/46/46 178/44/44
f 154/65/65 777/53/53 365/46/46
f 367/58/58 222/55/55 220/48/48
f 252/64/64 206/63/63 740/51/51
f 178/44/44 236/69/69 160/45/45
f 247/70/70 249/47/47 246/71/71
f 411/60/60 979/72/72 222/55/55
f 165/73/73 225/74/74 979/72/72
f 793/75/75 1002/39/39 794/76/76
f 2702/77/77 2724/40/40 2704/25/25
f 246/71/71 249/47/47 366/49/49
f 979/72/72 990/78/78 738/79/79
f 163/80/80 227/81/81 805/82/82
f 738/79/79 990/78/78 453/83/83
f 864/84/84 989/85/85 811/86/86
f 779/87/87 453/83/83 452/88/88
f 227/81/81 228/89/89 805/82/82
f 226/90/90 243/91/91 856/92/92
f 266/93/93 228/89/89 241/94/94
f 1002/39/39 810/95/95 811/86/86
f 856/92/92 846/96/96 2855/97/97
f 266/93/93 805/82/82 228/89/89
f 854/98/98 2834/32/32 2724/40/40
f 810/95/95 1000/99/99 864/84/84
f 811/86/86 810/95/95 864/84/84
f 266/93/93 790/100/100 247/70/70
f 165/73/73 227/81/81 163/80/80
f 163/80/80 246/71/71 366/49/49
f 942/101/101 990/78/78 412/102/102
f 989/85/85 241/94/94 811/86/86
f 854/98/98 2844/103/103 894/104/104
f 2728/38/38 2844/103/103 2722/24/24
f 2834/32/32 810/95/95 1002/39/39
f 2728/38/38 2729/105/105 2844/103/103
f 990/78/78 942/101/101 453/83/83
f 241/94/94 989/85/85 790/100/100
f 225/74/74 163/80/80 222/55/55
f 227/81/81 165/73/73 155/106/106
f 805/82/82 266/93/93 247/70/70
f 179/107/107 249/47/47 247/70/70
f 266/93/93 241/94/94 790/100/100
f 249/47/47 179/107/107 178/44/44
f 246/71/71 805/82/82 247/70/70
f 805/82/82 246/71/71 163/80/80
f 412/102/102 990/78/78 979/72/72
f 241/94/94 1002/39/39 811/86/86
f 894/104/104 2851/42/42 1000/99/99
f 894/104/104 2729/105/105 2851/42/42
f 226/90/90 792/108/108 794/76/76
f 794/76/76 1002/39/39 228/89/89
f 794/76/76 792/108/108 793/75/75
f 845/109/109 846/96/96 244/110/110
f 854/98/98 1000/99/99 810/95/95
f 163/80/80 366/49/49 222/55/55
f 179/107/107 247/70/70 250/111/111
f 70/112/112 267/113/113 629/114/114
f 331/52/52 412/102/102 411/60/60
f 228/89/89 227/81/81 226/90/90
f 155/106/106 229/115/115 243/91/91
f 226/90/90 794/76/76 228/89/89
f 225/74/74 222/55/55 979/72/72
f 315/116/116 33/117/117 324/118/118
f 2724/40/40 2722/24/24 854/98/98
f 243/91/91 226/90/90 155/106/106
f 738/79/79 779/87/87 229/115/115
f 2724/40/40 2702/77/77 2722/24/24
f 2856/33/33 1002/39/39 793/75/75
f 228/89/89 1002/39/39 241/94/94
f 979/72/72 738/79/79 165/73/73
f 617/119/119 888/120/120 615/121/121
f 854/98/98 810/95/95 2834/32/32
f 854/98/98 894/104/104 1000/99/99
f 163/80/80 225/74/74 165/73/73
f 411/60/60 412/102/102 979/72/72
f 229/115/115 846/96/96 243/91/91
f 792/108/108 877/122/122 793/75/75
f 779/87/87 738/79/79 453/83/83
f 629/114/114 281/123/123 69/124/124
f 856/92/92 792/108/108 226/90/90
f 793/75/75 877/122/122 2856/33/33
f 155/106/106 226/90/90 227/81/81
f 2855/97/97 846/96/96 845/109/109
f 2702/77/77 2704/25/25 2722/24/24
f 244/110/110 275/125/125 852/126/126
f 2729/105/105 894/104/104 2844/103/103
f 155/106/106 165/73/73 738/79/79
f 244/110/110 852/126/126 845/109/109
f 243/91/91 846/96/96 856/92/92
f 854/98/98 2722/24/24 2844/103/103
f 790/100/100 250/111/111 247/70/70
f 2851/42/42 2729/105/105 2728/38/38
f 229/115/115 244/110/110 846/96/96
f 779/87/87 244/110/110 229/115/115
f 116/127/127 615/121/121 323/128/128
f 738/79/79 229/115/115 155/106/106
f 79/129/129 589/130/130 324/118/118
f 179/107/107 236/69/69 178/44/44
f 779/87/87 275/125/125 244/110/110
f 1226/131/131 818/132/132 2698/133/133
f 2826/134/134 2699/135/135 2815/136/136
f 878/137/137 1226/131/131 808/138/138
f 1168/139/139 820/140/140 1226/131/131
f 2689/141/141 2824/142/142 2691/143/143
f 844/34/34 2845/30/30 2840/26/26
f 818/132/132 1226/131/131 820/140/140
f 2826/134/134 2691/143/143 2699/135/135
f 2856/33/33 877/122/122 844/34/34
f 2690/144/144 2689/141/141 2691/143/143
f 2888/145/145 2730/146/146 2839/147/147
f 893/148/148 878/137/137 853/149/149
f 2827/150/150 2815/136/136 2699/135/135
f 2681/151/151 820/140/140 1168/139/139
f 2837/152/152 893/148/148 2848/153/153
f 820/140/140 2681/151/151 818/132/132
f 2674/154/154 2850/37/37 2832/155/155
f 2848/153/153 893/148/148 2855/97/97
f 2696/156/156 2698/133/133 818/132/132
f 2699/135/135 2700/157/157 2827/150/150
f 818/132/132 2832/155/155 2696/156/156
f 2837/152/152 2689/141/141 893/148/148
f 2735/18/18 2867/15/15 2736/158/158
f 853/149/149 877/122/122 792/108/108
f 2846/23/23 2736/158/158 2867/15/15
f 2832/155/155 2735/18/18 2736/158/158
f 808/138/138 2736/158/158 2845/30/30
f 844/34/34 877/122/122 808/138/138
f 2730/146/146 2695/159/159 2681/151/151
f 10/160/160 617/119/119 116/127/127
f 849/161/161 845/109/109 995/162/162
f 536/163/163 10/160/160 57/164/164
f 612/165/165 97/166/166 67/167/167
f 856/92/92 853/149/149 792/108/108
f 878/137/137 2995/168/168 1226/131/131
f 2846/23/23 2845/30/30 2736/158/158
f 2681/151/151 2690/144/144 2839/147/147
f 853/149/149 878/137/137 877/122/122
f 2689/141/141 2995/168/168 878/137/137
f 57/164/164 537/169/169 536/163/163
f 818/132/132 2695/159/159 2832/155/155
f 893/148/148 2689/141/141 878/137/137
f 97/166/166 108/170/170 70/112/112
f 893/148/148 856/92/92 2855/97/97
f 2689/141/141 1168/139/139 2995/168/168
f 536/163/163 537/169/169 888/120/120
f 853/149/149 856/92/92 893/148/148
f 808/138/138 2845/30/30 844/34/34
f 2839/147/147 2730/146/146 2681/151/151
f 2837/152/152 2848/153/153 2843/171/171
f 281/123/123 98/172/172 69/124/124
f 315/116/116 615/121/121 296/173/173
f 2700/157/157 2699/135/135 2691/143/143
f 2690/144/144 2691/143/143 2826/134/134
f 878/137/137 808/138/138 877/122/122
f 2815/136/136 2888/145/145 2826/134/134
f 849/161/161 2855/97/97 845/109/109
f 2843/171/171 2691/143/143 2837/152/152
f 2832/155/155 2850/37/37 2735/18/18
f 2689/141/141 2837/152/152 2824/142/142
f 2689/141/141 2690/144/144 1168/139/139
f 278/174/174 601/175/175 281/123/123
f 2736/158/158 2696/156/156 2832/155/155
f 2826/134/134 2839/147/147 2690/144/144
f 2719/176/176 2888/145/145 2815/136/136
f 601/175/175 98/172/172 281/123/123
f 849/161/161 2700/157/157 2843/171/171
f 2824/142/142 2837/152/152 2691/143/143
f 2839/147/147 2826/134/134 2888/145/145
f 589/130/130 79/129/129 314/177/177
f 2719/176/176 2815/136/136 2827/150/150
f 2832/155/155 2695/159/159 2674/154/154
f 2700/157/157 849/161/161 995/162/162
f 281/123/123 629/114/114 278/174/174
f 284/178/178 98/172/172 287/179/179
f 2827/150/150 2700/157/157 995/162/162
f 2681/151/151 1168/139/139 2690/144/144
f 2681/151/151 2695/159/159 818/132/132
f 2696/156/156 2736/158/158 808/138/138
f 2843/171/171 2700/157/157 2691/143/143
f 2698/133/133 2696/156/156 808/138/138
f 2848/153/153 2855/97/97 849/161/161
f 2848/153/153 849/161/161 2843/171/171
f 1226/131/131 2995/168/168 1168/139/139
f 808/138/138 1226/131/131 2698/133/133
f 97/166/166 612/165/165 108/170/170
f 86/180/180 287/179/179 98/172/172
f 536/163/163 617/119/119 10/160/160
f 612/165/165 67/167/167 287/179/179
f 86/180/180 88/181/181 87/182/182
f 88/181/181 573/183/183 94/184/184
f 284/178/178 287/179/179 67/167/167
f 70/112/112 67/167/167 97/166/166
f 94/184/184 334/185/185 19/186/186
f 79/129/129 278/174/174 629/114/114
f 334/185/185 94/184/184 573/183/183
f 87/182/182 88/181/181 94/184/184
f 94/184/184 53/187/187 87/182/182
f 79/129/129 629/114/114 314/177/177
f 53/187/187 287/179/179 87/182/182
f 287/179/179 86/180/180 87/182/182
f 612/165/165 287/179/179 53/187/187
f 601/175/175 86/180/180 98/172/172
f 617/119/119 536/163/163 888/120/120
f 2895/188/188 2673/189/189 2899/190/190
f 2899/190/190 937/191/191 2957/192/192
f 2673/189/189 937/191/191 2899/190/190
f 373/193/193 2740/194/194 955/195/195
f 615/121/121 116/127/127 617/119/119
f 2874/196/196 2738/197/197 2737/198/198
f 2741/199/199 2895/188/188 2899/190/190
f 969/200/200 2895/188/188 2896/201/201
f 589/130/130 323/128/128 324/118/118
f 938/202/202 879/203/203 957/204/204
f 957/204/204 961/205/205 938/202/202
f 2755/206/206 2737/198/198 2738/197/197
f 961/205/205 2957/192/192 937/191/191
f 2957/192/192 2956/207/207 2899/190/190
f 2891/208/208 961/205/205 959/209/209
f 957/204/204 350/210/210 874/211/211
f 615/121/121 315/116/116 324/118/118
f 2891/208/208 2755/206/206 2738/197/197
f 2956/207/207 2741/199/199 2899/190/190
f 2738/197/197 2956/207/207 2957/192/192
f 959/209/209 961/205/205 957/204/204
f 2891/208/208 901/212/212 873/213/213
f 296/173/173 615/121/121 888/120/120
f 901/212/212 892/214/214 954/215/215
f 2955/216/216 2896/201/201 2741/199/199
f 2673/189/189 969/200/200 879/203/203
f 278/174/174 79/129/129 33/117/117
f 957/204/204 874/211/211 2890/217/217
f 2890/217/217 959/209/209 957/204/204
f 959/209/209 901/212/212 2891/208/208
f 2896/201/201 2895/188/188 2741/199/199
f 2673/189/189 938/202/202 937/191/191
f 901/212/212 2890/217/217 2740/194/194
f 901/212/212 959/209/209 2890/217/217
f 350/210/210 374/218/218 874/211/211
f 938/202/202 2673/189/189 879/203/203
f 2755/206/206 2891/208/208 873/213/213
f 2895/188/188 969/200/200 2673/189/189
f 955/195/195 2890/217/217 874/211/211
f 69/124/124 98/172/172 284/178/178
f 2755/206/206 873/213/213 872/219/219
f 374/218/218 955/195/195 874/211/211
f 879/203/203 350/210/210 957/204/204
f 901/212/212 954/215/215 873/213/213
f 2957/192/192 2891/208/208 2738/197/197
f 69/124/124 67/167/167 70/112/112
f 2740/194/194 2890/217/217 955/195/195
f 2956/207/207 2738/197/197 2874/196/196
f 2740/194/194 892/214/214 901/212/212
f 374/218/218 373/193/193 955/195/195
f 937/191/191 938/202/202 961/205/205
f 69/124/124 284/178/178 67/167/167
f 267/113/113 314/177/177 629/114/114
f 323/128/128 615/121/121 324/118/118
f 961/205/205 2891/208/208 2957/192/192
f 872/219/219 873/213/213 954/215/215
f 70/112/112 629/114/114 69/124/124
f 892/214/214 2740/194/194 396/220/220
f 2740/194/194 373/193/193 396/220/220
f 79/129/129 324/118/118 33/117/117
f 108/170/170 267/113/113 70/112/112
f 267/113/113 108/170/170 329/221/221
f 330/222/222 329/221/221 66/223/223
f 329/221/221 108/170/170 66/223/223
f 66/223/223 277/224/224 330/222/222
f 612/165/165 66/223/223 108/170/170
f 66/223/223 612/165/165 8/225/225
f 8/225/225 612/165/165 53/187/187
f 259/226/226 258/227/227 262/228/228
f 95/229/229 53/187/187 94/184/184
f 95/229/229 621/230/230 96/231/231
f 19/186/186 95/229/229 94/184/184
f 415/232/232 259/226/226 432/233/233
f 95/229/229 19/186/186 563/234/234
f 388/235/235 394/236/236 277/224/224
f 394/236/236 388/235/235 96/231/231
f 95/229/229 96/231/231 8/225/225
f 393/237/237 394/236/236 442/238/238
f 259/226/226 254/239/239 432/233/233
f 96/231/231 388/235/235 8/225/225
f 96/231/231 78/240/240 394/236/236
f 14/241/241 563/234/234 19/186/186
f 621/230/230 563/234/234 258/227/227
f 953/242/242 954/215/215 892/214/214
f 14/241/241 258/227/227 563/234/234
f 95/229/229 563/234/234 621/230/230
f 78/240/240 96/231/231 621/230/230
f 394/236/236 393/237/237 277/224/224
f 259/226/226 415/232/232 78/240/240
f 254/239/239 259/226/226 262/228/228
f 78/240/240 416/243/243 394/236/236
f 66/223/223 8/225/225 388/235/235
f 53/187/187 95/229/229 8/225/225
f 14/241/241 262/228/228 258/227/227
f 353/244/244 689/245/245 970/246/246
f 388/235/235 277/224/224 66/223/223
f 78/240/240 258/227/227 259/226/226
f 887/247/247 384/248/248 357/249/249
f 258/227/227 78/240/240 621/230/230
f 949/250/250 353/244/244 970/246/246
f 297/251/251 357/249/249 383/252/252
f 891/253/253 398/254/254 297/251/251
f 416/243/243 442/238/238 394/236/236
f 356/255/255 355/256/256 379/257/257
f 352/258/258 392/259/259 442/238/238
f 391/260/260 442/238/238 392/259/259
f 393/237/237 431/261/261 277/224/224
f 391/260/260 393/237/237 442/238/238
f 967/262/262 391/260/260 386/263/263
f 356/255/255 392/259/259 352/258/258
f 399/264/264 404/265/265 405/266/266
f 416/243/243 441/267/267 442/238/238
f 379/257/257 384/248/248 386/263/263
f 887/247/247 967/262/262 384/248/248
f 386/263/263 384/248/248 967/262/262
f 385/268/268 379/257/257 380/269/269
f 967/262/262 431/261/261 391/260/260
f 404/265/265 441/267/267 416/243/243
f 441/267/267 352/258/258 442/238/238
f 967/262/262 887/247/247 431/261/261
f 392/259/259 356/255/255 386/263/263
f 882/270/270 890/271/271 602/272/272
f 441/267/267 404/265/265 399/264/264
f 386/263/263 391/260/260 392/259/259
f 432/233/233 433/273/273 404/265/265
f 384/248/248 383/252/252 357/249/249
f 385/268/268 384/248/248 379/257/257
f 386/263/263 356/255/255 379/257/257
f 352/258/258 353/244/244 356/255/255
f 330/222/222 277/224/224 431/261/261
f 882/270/270 355/256/256 356/255/255
f 431/261/261 887/247/247 330/222/222
f 393/237/237 391/260/260 431/261/261
f 404/265/265 415/232/232 432/233/233
f 399/264/264 353/244/244 352/258/258
f 441/267/267 399/264/264 352/258/258
f 683/274/274 859/275/275 690/276/276
f 859/275/275 971/277/277 690/276/276
f 384/248/248 385/268/268 383/252/252
f 353/244/244 949/250/250 356/255/255
f 416/243/243 415/232/232 404/265/265
f 78/240/240 415/232/232 416/243/243
f 405/266/266 683/274/274 399/264/264
f 683/274/274 353/244/244 399/264/264
f 297/251/251 383/252/252 891/253/253
f 892/214/214 891/253/253 953/242/242
f 383/252/252 385/268/268 380/269/269
f 404/265/265 433/273/273 405/266/266
f 379/257/257 355/256/256 602/272/272
f 356/255/255 949/250/250 882/270/270
f 379/257/257 602/272/272 380/269/269
f 432/233/233 1014/278/278 433/273/273
f 683/274/274 405/266/266 433/273/273
f 380/269/269 953/242/242 383/252/252
f 353/244/244 683/274/274 690/276/276
f 953/242/242 891/253/253 383/252/252
f 602/272/272 355/256/256 882/270/270
f 602/272/272 962/279/279 380/269/269
f 1014/278/278 859/275/275 433/273/273
f 433/273/273 859/275/275 683/274/274
f 971/277/277 353/244/244 690/276/276
f 297/251/251 398/254/254 373/193/193
f 398/254/254 891/253/253 396/220/220
f 380/269/269 962/279/279 953/242/242
f 353/244/244 971/277/277 689/245/245
f 396/220/220 373/193/193 398/254/254
f 891/253/253 892/214/214 396/220/220
f 954/215/215 953/242/242 962/279/279
f 111/280/280 267/113/113 378/281/281
f 376/282/282 268/283/283 328/284/284
f 378/281/281 268/283/283 111/280/280
f 590/285/285 267/113/113 111/280/280
f 111/280/280 303/286/286 590/285/285
f 111/280/280 333/287/287 303/286/286
f 381/288/288 377/289/289 328/284/284
f 381/288/288 887/247/247 382/290/290
f 314/177/177 267/113/113 590/285/285
f 333/287/287 111/280/280 268/283/283
f 376/282/282 377/289/289 373/193/193
f 329/221/221 327/291/291 378/281/281
f 268/283/283 376/282/282 333/287/287
f 357/249/249 382/290/290 887/247/247
f 377/289/289 376/282/282 328/284/284
f 378/281/281 327/291/291 328/284/284
f 330/222/222 381/288/288 328/284/284
f 327/291/291 329/221/221 328/284/284
f 378/281/281 267/113/113 329/221/221
f 304/292/292 303/286/286 333/287/287
f 304/292/292 590/285/285 303/286/286
f 357/249/249 297/251/251 382/290/290
f 377/289/289 381/288/288 382/290/290
f 590/285/285 304/292/292 314/177/177
f 268/283/283 378/281/281 328/284/284
f 887/247/247 381/288/288 330/222/222
f 329/221/221 330/222/222 328/284/284
f 373/193/193 377/289/289 297/251/251
f 377/289/289 382/290/290 297/251/251
f 351/293/293 376/282/282 375/294/294
f 374/218/218 350/210/210 375/294/294
f 349/295/295 119/296/296 120/297/297
f 290/298/298 119/296/296 533/299/299
f 120/297/297 351/293/293 375/294/294
f 963/300/300 968/301/301 969/200/200
f 376/282/282 373/193/193 374/218/218
f 120/297/297 107/302/302 351/293/293
f 350/210/210 349/295/295 375/294/294
f 120/297/297 119/296/296 290/298/298
f 879/203/203 969/200/200 444/303/303
f 444/303/303 968/301/301 317/304/304
f 317/304/304 968/301/301 817/305/305
f 376/282/282 351/293/293 333/287/287
f 107/302/302 120/297/297 290/298/298
f 317/304/304 118/306/306 444/303/303
f 444/303/303 350/210/210 879/203/203
f 107/302/302 333/287/287 351/293/293
f 317/304/304 817/305/305 118/306/306
f 349/295/295 444/303/303 118/306/306
f 349/295/295 120/297/297 375/294/294
f 963/300/300 817/305/305 968/301/301
f 444/303/303 969/200/200 968/301/301
f 969/200/200 2896/201/201 963/300/300
f 374/218/218 375/294/294 376/282/282
f 349/295/295 118/306/306 119/296/296
f 349/295/295 350/210/210 444/303/303
f 212/307/307 232/308/308 2457/309/309
f 204/310/310 782/311/311 232/308/308
f 232/308/308 438/312/312 204/310/310
f 168/313/313 311/314/314 782/311/311
f 434/315/315 311/314/314 168/313/313
f 205/68/68 213/316/316 206/63/63
f 312/317/317 2457/309/309 232/308/308
f 206/63/63 2457/309/309 740/51/51
f 740/51/51 2457/309/309 448/66/66
f 448/66/66 447/318/318 784/67/67
f 213/316/316 438/312/312 212/307/307
f 447/318/318 2457/309/309 312/317/317
f 232/308/308 212/307/307 438/312/312
f 212/307/307 2457/309/309 206/63/63
f 206/63/63 213/316/316 212/307/307
f 312/317/317 903/319/319 447/318/318
f 782/311/311 311/314/314 312/317/317
f 448/66/66 2457/309/309 447/318/318
f 312/317/317 311/314/314 903/319/319
f 782/311/311 312/317/317 232/308/308
f 802/320/320 971/277/277 2694/321/321
f 1052/322/322 2730/146/146 2888/145/145
f 859/275/275 1015/323/323 2694/321/321
f 2683/19/19 2850/37/37 2985/324/324
f 2695/159/159 802/320/320 2674/154/154
f 1015/323/323 2693/325/325 2694/321/321
f 970/246/246 956/326/326 882/270/270
f 971/277/277 859/275/275 2694/321/321
f 2739/327/327 1254/328/328 890/271/271
f 2674/154/154 2694/321/321 2734/329/329
f 2877/330/330 2868/331/331 1015/323/323
f 1008/332/332 971/277/277 802/320/320
f 2695/159/159 2730/146/146 1008/332/332
f 1008/332/332 1052/322/322 689/245/245
f 802/320/320 2694/321/321 2674/154/154
f 2739/327/327 1052/322/322 2719/176/176
f 2734/329/329 2850/37/37 2674/154/154
f 689/245/245 971/277/277 1008/332/332
f 1052/322/322 2739/327/327 956/326/326
f 2693/325/325 2734/329/329 2694/321/321
f 1052/322/322 970/246/246 689/245/245
f 2730/146/146 1052/322/322 1008/332/332
f 2734/329/329 2868/331/331 2850/37/37
f 1008/332/332 802/320/320 2695/159/159
f 890/271/271 956/326/326 2739/327/327
f 2734/329/329 2693/325/325 2868/331/331
f 1015/323/323 2868/331/331 2693/325/325
f 970/246/246 1052/322/322 956/326/326
f 2739/327/327 2719/176/176 1254/328/328
f 2985/324/324 2850/37/37 2868/331/331
f 2719/176/176 1052/322/322 2888/145/145
f 2985/324/324 2682/333/333 2683/19/19
f 2985/324/324 2868/331/331 2877/330/330
f 956/326/326 890/271/271 882/270/270
f 949/250/250 970/246/246 882/270/270
f 2985/324/324 2877/330/330 2682/333/333
f 2715/21/21 2683/19/19 2682/333/333
f 2682/333/333 2716/27/27 2715/21/21
f 2877/330/330 2716/27/27 2682/333/333
f 747/334/334 988/335/335 748/336/336
f 166/337/337 172/338/338 437/339/339
f 452/88/88 449/340/340 271/341/341
f 779/87/87 452/88/88 276/342/342
f 784/67/67 449/340/340 331/52/52
f 837/343/343 270/344/344 804/345/345
f 903/319/319 783/346/346 447/318/318
f 837/343/343 847/347/347 270/344/344
f 903/319/319 311/314/314 306/348/348
f 804/345/345 271/341/341 843/349/349
f 437/339/339 748/336/336 436/350/350
f 308/351/351 309/352/352 783/346/346
f 309/352/352 784/67/67 783/346/346
f 449/340/340 942/101/101 451/353/353
f 311/314/314 166/337/337 306/348/348
f 412/102/102 331/52/52 451/353/353
f 331/52/52 449/340/340 451/353/353
f 451/353/353 942/101/101 412/102/102
f 452/88/88 453/83/83 942/101/101
f 276/342/342 275/125/125 779/87/87
f 449/340/340 452/88/88 942/101/101
f 449/340/340 784/67/67 309/352/352
f 270/344/344 276/342/342 452/88/88
f 271/341/341 804/345/345 270/344/344
f 748/336/336 988/335/335 781/354/354
f 309/352/352 271/341/341 449/340/340
f 843/349/349 271/341/341 309/352/352
f 436/350/350 231/355/355 437/339/339
f 447/318/318 783/346/346 784/67/67
f 843/349/349 838/356/356 804/345/345
f 270/344/344 452/88/88 271/341/341
f 437/339/339 231/355/355 308/351/351
f 306/348/348 437/339/339 308/351/351
f 437/339/339 306/348/348 166/337/337
f 418/357/357 275/125/125 276/342/342
f 436/350/350 748/336/336 781/354/354
f 270/344/344 847/347/347 276/342/342
f 231/355/355 843/349/349 309/352/352
f 748/336/336 437/339/339 172/338/338
f 837/343/343 804/345/345 838/356/356
f 747/334/334 748/336/336 172/338/338
f 166/337/337 311/314/314 434/315/315
f 306/348/348 308/351/351 903/319/319
f 231/355/355 309/352/352 308/351/351
f 783/346/346 903/319/319 308/351/351
f 852/126/126 275/125/125 418/357/357
f 276/342/342 847/347/347 418/357/357
f 2804/358/358 851/359/359 2829/360/360
f 2795/361/361 2798/362/362 2823/363/363
f 840/364/364 843/349/349 231/355/355
f 900/365/365 2821/366/366 2849/367/367
f 602/272/272 2747/368/368 962/279/279
f 824/369/369 838/356/356 825/370/370
f 2445/371/371 896/372/372 2873/373/373
f 896/372/372 2747/368/368 890/271/271
f 2831/374/374 2766/375/375 2809/376/376
f 2809/376/376 824/369/369 2831/374/374
f 443/377/377 436/350/350 848/378/378
f 2829/360/360 2823/363/363 2821/366/366
f 841/379/379 2810/380/380 2875/381/381
f 824/369/369 2828/382/382 2831/374/374
f 2798/362/362 2795/361/361 838/356/356
f 1254/328/328 2719/176/176 2976/383/383
f 851/359/359 852/126/126 418/357/357
f 836/384/384 2806/385/385 2812/386/386
f 2821/366/366 2759/387/387 2849/367/367
f 3422/388/388 2976/383/383 2830/389/389
f 2759/387/387 2873/373/373 2849/367/367
f 896/372/372 2976/383/383 900/365/365
f 2971/390/390 2757/391/391 2768/392/392
f 443/377/377 836/384/384 839/393/393
f 872/219/219 2809/376/376 2766/375/375
f 2768/392/392 2757/391/391 2807/394/394
f 900/365/365 2829/360/360 2821/366/366
f 2795/361/361 2823/363/363 847/347/347
f 840/364/364 839/393/393 2810/380/380
f 2804/358/358 2758/395/395 851/359/359
f 2822/396/396 2854/397/397 2805/398/398
f 838/356/356 841/379/379 825/370/370
f 1254/328/328 2976/383/383 896/372/372
f 2748/399/399 2873/373/373 2759/387/387
f 851/359/359 418/357/357 850/400/400
f 2873/373/373 896/372/372 900/365/365
f 2804/358/358 2976/383/383 3422/388/388
f 2830/389/389 2719/176/176 2827/150/150
f 2758/395/395 2804/358/358 3422/388/388
f 2758/395/395 3422/388/388 2830/389/389
f 2977/1/1 3152/8/8 2767/4/4
f 2976/383/383 2719/176/176 2830/389/389
f 852/126/126 2854/397/397 845/109/109
f 2445/371/371 2873/373/373 872/219/219
f 2842/401/401 2854/397/397 852/126/126
f 890/271/271 1254/328/328 896/372/372
f 2829/360/360 900/365/365 2804/358/358
f 2830/389/389 2827/150/150 2822/396/396
f 896/372/372 2445/371/371 2747/368/368
f 2807/394/394 2806/385/385 835/402/402
f 824/369/369 2796/403/403 838/356/356
f 851/359/359 2758/395/395 852/126/126
f 781/354/354 848/378/378 436/350/350
f 962/279/279 2747/368/368 2445/371/371
f 954/215/215 2445/371/371 872/219/219
f 2977/1/1 835/402/402 834/404/404
f 2807/394/394 835/402/402 2768/392/392
f 872/219/219 2873/373/373 2748/399/399
f 2758/395/395 2830/389/389 2805/398/398
f 231/355/355 436/350/350 443/377/377
f 836/384/384 443/377/377 848/378/378
f 3152/8/8 2977/1/1 834/404/404
f 2748/399/399 2809/376/376 872/219/219
f 2806/385/385 2875/381/381 2810/380/380
f 2763/405/405 2748/399/399 2759/387/387
f 850/400/400 847/347/347 2823/363/363
f 2976/383/383 2804/358/358 900/365/365
f 2755/206/206 872/219/219 2766/375/375
f 2798/362/362 2796/403/403 2763/405/405
f 2809/376/376 2796/403/403 824/369/369
f 838/356/356 2796/403/403 2798/362/362
f 845/109/109 2854/397/397 995/162/162
f 841/379/379 2875/381/381 825/370/370
f 2737/198/198 2766/375/375 2831/374/374
f 2805/398/398 2842/401/401 2758/395/395
f 837/343/343 838/356/356 2795/361/361
f 2875/381/381 2828/382/382 825/370/370
f 2854/397/397 2822/396/396 995/162/162
f 852/126/126 2758/395/395 2842/401/401
f 843/349/349 841/379/379 838/356/356
f 848/378/378 781/354/354 834/404/404
f 837/343/343 2795/361/361 847/347/347
f 2803/406/406 2831/374/374 2828/382/382
f 2737/198/198 2755/206/206 2766/375/375
f 2849/367/367 2873/373/373 900/365/365
f 2977/1/1 2847/407/407 835/402/402
f 2821/366/366 2823/363/363 2763/405/405
f 843/349/349 840/364/364 841/379/379
f 2806/385/385 2810/380/380 2812/386/386
f 2812/386/386 2810/380/380 839/393/393
f 2810/380/380 841/379/379 840/364/364
f 443/377/377 839/393/393 231/355/355
f 836/384/384 2812/386/386 839/393/393
f 2445/371/371 954/215/215 962/279/279
f 2747/368/368 602/272/272 890/271/271
f 2803/406/406 2828/382/382 2875/381/381
f 2807/394/394 2757/391/391 2803/406/406
f 835/402/402 2806/385/385 836/384/384
f 2763/405/405 2759/387/387 2821/366/366
f 2809/376/376 2748/399/399 2796/403/403
f 834/404/404 835/402/402 848/378/378
f 847/347/347 850/400/400 418/357/357
f 825/370/370 2828/382/382 824/369/369
f 2822/396/396 2827/150/150 995/162/162
f 835/402/402 836/384/384 848/378/378
f 2822/396/396 2805/398/398 2830/389/389
f 850/400/400 2829/360/360 851/359/359
f 2763/405/405 2823/363/363 2798/362/362
f 2805/398/398 2854/397/397 2842/401/401
f 2807/394/394 2875/381/381 2806/385/385
f 2803/406/406 2875/381/381 2807/394/394
f 2823/363/363 2829/360/360 850/400/400
f 2796/403/403 2748/399/399 2763/405/405
f 840/364/364 231/355/355 839/393/393
f 781/354/354 3148/11/11 834/404/404
f 834/404/404 3148/11/11 3152/8/8
f 835/402/402 2847/407/407 2768/392/392
f 2847/407/407 2977/1/1 2978/3/3
f 1759/408/408 3007/29/29 868/409/409
f 432/233/233 254/239/239 413/410/410
f 925/411/411 2877/330/330 1011/412/412
f 414/413/413 1759/408/408 924/414/414
f 2877/330/330 925/411/411 868/409/409
f 924/414/414 1014/278/278 414/413/413
f 3007/29/29 2716/27/27 868/409/409
f 924/414/414 868/409/409 925/411/411
f 414/413/413 1014/278/278 413/410/410
f 1759/408/408 868/409/409 924/414/414
f 924/414/414 1011/412/412 1014/278/278
f 924/414/414 925/411/411 1011/412/412
f 413/410/410 1014/278/278 432/233/233
f 2716/27/27 2877/330/330 868/409/409
f 859/275/275 1014/278/278 1011/412/412
f 1011/412/412 1015/323/323 859/275/275
f 1011/412/412 2877/330/330 1015/323/323
f 2775/415/415 2765/6/6 1410/12/12
f 987/416/416 933/9/9 3148/11/11
f 2847/407/407 2802/417/417 2768/392/392
f 2761/418/418 2874/196/196 2737/198/198
f 2776/419/419 2774/420/420 2770/421/421
f 2757/391/391 2761/418/418 2737/198/198
f 2761/418/418 2757/391/391 2971/390/390
f 2819/2/2 2774/420/420 2978/3/3
f 2778/5/5 2973/7/7 2770/421/421
f 2803/406/406 2757/391/391 2737/198/198
f 2751/422/422 2955/216/216 2741/199/199
f 2774/420/420 2776/419/419 2978/3/3
f 2751/422/422 2741/199/199 2956/207/207
f 2775/415/415 2973/7/7 2765/6/6
f 1410/12/12 987/416/416 801/423/423
f 987/416/416 988/335/335 801/423/423
f 2751/422/422 2770/421/421 2973/7/7
f 987/416/416 1410/12/12 933/9/9
f 987/416/416 3148/11/11 988/335/335
f 2770/421/421 2751/422/422 2776/419/419
f 3148/11/11 781/354/354 988/335/335
f 2776/419/419 2751/422/422 2956/207/207
f 2774/420/420 2778/5/5 2770/421/421
f 2956/207/207 2874/196/196 2776/419/419
f 2778/5/5 2774/420/420 2819/2/2
f 2874/196/196 2764/424/424 2776/419/419
f 2978/3/3 2776/419/419 2802/417/417
f 2776/419/419 2764/424/424 2802/417/417
f 2761/418/418 2764/424/424 2874/196/196
f 2847/407/407 2978/3/3 2802/417/417
f 2802/417/417 2764/424/424 2971/390/390
f 2971/390/390 2764/424/424 2761/418/418
f 2971/390/390 2768/392/392 2802/417/417
f 2831/374/374 2803/406/406 2737/198/198
f 122/425/425 589/130/130 304/292/292
f 292/426/426 10/160/160 115/427/427
f 115/427/427 10/160/160 116/127/127
f 323/128/128 114/428/428 116/127/127
f 292/426/426 57/164/164 10/160/160
f 115/427/427 291/429/429 292/426/426
f 589/130/130 122/425/425 323/128/128
f 291/429/429 115/427/427 289/430/430
f 114/428/428 323/128/128 122/425/425
f 114/428/428 115/427/427 116/127/127
f 289/430/430 290/298/298 533/299/299
f 122/425/425 304/292/292 333/287/287
f 113/431/431 289/430/430 115/427/427
f 533/299/299 291/429/429 289/430/430
f 114/428/428 113/431/431 115/427/427
f 106/432/432 289/430/430 113/431/431
f 113/431/431 114/428/428 121/433/433
f 113/431/431 121/433/433 106/432/432
f 122/425/425 121/433/433 114/428/428
f 289/430/430 106/432/432 290/298/298
f 122/425/425 333/287/287 121/433/433
f 290/298/298 106/432/432 107/302/302
f 107/302/302 121/433/433 333/287/287
f 304/292/292 589/130/130 314/177/177
f 106/432/432 121/433/433 107/302/302
f 906/434/434 905/435/435 1639/436/436
f 718/437/437 905/435/435 2517/438/438
f 2517/438/438 905/435/435 648/439/439
f 907/440/440 1584/441/441 905/435/435
f 1639/436/436 905/435/435 718/437/437
f 733/442/442 905/435/435 2520/443/443
f 905/435/435 906/434/434 907/440/440
f 1670/444/444 2668/445/445 1942/446/446
f 647/447/447 648/439/439 905/435/435
f 2665/448/448 2295/449/449 2668/445/445
f 2669/450/450 905/435/435 733/442/442
f 2523/451/451 2520/443/443 905/435/435
f 2665/448/448 2668/445/445 656/452/452
f 648/439/439 647/447/447 650/453/453
f 3196/454/454 2668/445/445 581/455/455
f 795/456/456 796/457/457 2669/450/450
f 951/458/458 627/459/459 883/460/460
f 905/435/435 2668/445/445 647/447/447
f 2669/450/450 2668/445/445 905/435/435
f 2668/445/445 3196/454/454 647/447/447
f 2668/445/445 2669/450/450 796/457/457
f 2523/451/451 905/435/435 1584/441/441
f 883/460/460 2668/445/445 796/457/457
f 647/447/447 3196/454/454 650/453/453
f 1001/461/461 883/460/460 796/457/457
f 2668/445/445 2295/449/449 581/455/455
f 2668/445/445 883/460/460 658/462/462
f 796/457/457 795/456/456 1001/461/461
f 658/462/462 883/460/460 627/459/459
f 1018/463/463 2668/445/445 658/462/462
f 1942/446/446 2668/445/445 1018/463/463
f 2668/445/445 1670/444/444 656/452/452
f 700/464/464 1639/436/436 719/465/465
f 718/437/437 719/465/465 1639/436/436
f 718/437/437 2517/438/438 668/466/466
f 699/467/467 700/464/464 719/465/465
f 700/464/464 699/467/467 908/468/468
f 693/469/469 729/470/470 668/466/466
f 668/466/466 667/471/471 693/469/469
f 729/470/470 2660/472/472 698/473/473
f 2507/474/474 2264/475/475 2231/476/476
f 2427/477/477 1752/478/478 667/471/471
f 719/465/465 718/437/437 668/466/466
f 667/471/471 668/466/466 2427/477/477
f 2427/477/477 1753/479/479 1752/478/478
f 668/466/466 729/470/470 719/465/465
f 908/468/468 1639/436/436 700/464/464
f 1753/479/479 2231/476/476 2264/475/475
f 698/473/473 699/467/467 729/470/470
f 719/465/465 729/470/470 699/467/467
f 906/434/434 1639/436/436 908/468/468
f 698/473/473 908/468/468 699/467/467
f 2996/480/480 3253/481/481 2671/482/482
f 2990/483/483 2813/484/484 2814/485/485
f 2851/486/42 2989/487/41 2996/480/480
f 2671/482/482 2710/488/486 2996/480/480
f 2709/489/487 2754/490/488 2671/482/482
f 1260/491/28 2709/489/487 2866/492/36
f 2733/493/489 2813/484/484 2679/494/490
f 2709/489/487 1260/491/28 2754/490/488
f 2671/482/482 3253/481/481 2709/489/487
f 2685/495/491 2710/488/486 2885/496/492
f 2814/485/485 2710/488/486 2685/495/491
f 2883/497/493 2814/485/485 2685/495/491
f 2733/493/489 2677/498/494 2813/484/484
f 2814/485/485 2813/484/484 2703/499/495
f 2754/490/488 1260/491/28 3007/500/29
f 2885/496/492 2710/488/486 2671/482/482
f 2814/485/485 2703/499/495 2710/488/486
f 3007/500/29 2885/496/492 2754/490/488
f 2703/499/495 2813/484/484 2677/498/494
f 3253/481/481 2989/487/41 2866/492/36
f 2996/480/480 2989/487/41 3253/481/481
f 2990/483/483 2814/485/485 2883/497/493
f 2885/496/492 2671/482/482 2754/490/488
f 3253/481/481 2866/492/36 2709/489/487
f 2666/501/496 815/502/497 156/503/498
f 233/504/499 731/505/500 945/506/501
f 785/507/502 1617/508/503 237/509/504
f 974/510/505 945/506/501 149/511/506
f 173/512/507 156/503/498 157/513/508
f 1617/508/503 974/510/505 237/509/504
f 176/514/509 173/512/507 157/513/508
f 2666/501/496 974/510/505 1613/515/510
f 156/503/498 800/516/511 157/513/508
f 731/505/500 236/517/69 150/518/512
f 176/514/509 742/519/513 743/520/514
f 1613/515/510 1617/508/503 2535/521/515
f 1613/515/510 2525/522/516 815/502/497
f 236/517/69 731/505/500 233/504/499
f 2510/523/517 907/440/440 743/520/514
f 907/440/440 906/434/434 908/468/468
f 800/516/511 176/514/509 157/513/508
f 150/518/512 237/509/504 149/511/506
f 739/524/518 743/520/514 698/473/473
f 176/514/509 175/525/519 173/512/507
f 2666/501/496 945/506/501 974/510/505
f 945/506/501 731/505/500 149/511/506
f 742/519/513 176/514/509 800/516/511
f 742/519/513 800/516/511 815/502/497
f 815/502/497 2666/501/496 1613/515/510
f 730/526/520 884/527/521 785/507/502
f 150/518/512 149/511/506 731/505/500
f 743/520/514 908/468/468 698/473/473
f 175/525/519 176/514/509 739/524/518
f 1617/508/503 785/507/502 2535/521/515
f 742/519/513 815/502/497 2525/522/516
f 945/506/501 2666/501/496 156/503/498
f 156/503/498 815/502/497 800/516/511
f 739/524/518 698/473/473 2660/472/472
f 739/524/518 2660/472/472 175/525/519
f 2535/521/515 1597/528/522 1613/515/510
f 2525/522/516 1597/528/522 722/529/523
f 1613/515/510 1597/528/522 2525/522/516
f 149/511/506 237/509/504 974/510/505
f 908/468/468 743/520/514 907/440/440
f 974/510/505 1617/508/503 1613/515/510
f 150/518/512 730/526/520 237/509/504
f 730/526/520 785/507/502 237/509/504
f 739/524/518 176/514/509 743/520/514
f 816/530/524 1066/531/525 806/532/526
f 1621/533/527 797/534/528 2707/535/529
f 148/536/530 806/532/526 1066/531/525
f 179/537/107 235/538/531 236/517/69
f 1164/539/532 982/540/533 148/536/530
f 148/536/530 982/540/533 806/532/526
f 1000/541/99 2851/486/42 2720/542/534
f 2706/543/535 3125/544/536 858/545/537
f 1179/546/538 1006/547/539 2707/535/529
f 982/540/533 1006/547/539 704/548/540
f 1164/539/532 1621/533/527 2707/535/529
f 2677/498/494 855/549/541 2703/499/495
f 788/550/542 239/551/543 790/552/100
f 1285/553/544 2811/554/545 809/555/546
f 2717/556/547 958/557/548 855/549/541
f 797/534/528 2726/558/549 1179/546/538
f 814/559/550 816/530/524 806/532/526
f 430/560/551 816/530/524 274/561/552
f 425/562/553 150/518/512 236/517/69
f 884/527/521 867/563/554 1665/564/555
f 293/565/556 862/566/557 865/567/558
f 1206/568/559 1200/569/560 1289/570/561
f 2731/571/562 2703/499/495 958/557/548
f 1164/539/532 1066/531/525 1621/533/527
f 429/572/563 425/562/553 798/573/564
f 816/530/524 430/560/551 221/574/565
f 2857/575/566 863/576/567 2865/577/568
f 221/574/565 1206/568/559 1289/570/561
f 221/574/565 1289/570/561 1067/578/569
f 982/540/533 704/548/540 702/579/570
f 2718/580/571 863/576/567 864/581/84
f 1338/582/572 723/583/573 975/584/574
f 2811/554/545 867/563/554 809/555/546
f 1067/578/569 1621/533/527 1066/531/525
f 273/585/575 786/586/576 424/587/577
f 806/532/526 812/588/578 857/589/579
f 1331/590/580 989/591/85 864/581/84
f 809/555/546 1180/592/581 3282/593/582
f 1067/578/569 1066/531/525 2501/594/583
f 865/567/558 191/595/584 1200/569/560
f 857/589/579 814/559/550 806/532/526
f 982/540/533 702/579/570 806/532/526
f 1206/568/559 221/574/565 430/560/551
f 1615/596/585 1621/533/527 1067/578/569
f 2857/575/566 871/597/586 866/598/587
f 3125/544/536 797/534/528 1621/533/527
f 2811/554/545 1665/564/555 867/563/554
f 3125/544/536 2706/543/535 2726/558/549
f 430/560/551 429/572/563 1206/568/559
f 861/599/588 863/576/567 2857/575/566
f 857/589/579 812/588/578 1180/592/581
f 148/536/530 1066/531/525 1164/539/532
f 809/555/546 867/563/554 428/600/589
f 1067/578/569 1289/570/561 1615/596/585
f 1615/596/585 1289/570/561 1200/569/560
f 1615/596/585 1201/601/590 789/602/591
f 3125/544/536 1621/533/527 789/602/591
f 429/572/563 251/603/592 992/604/593
f 3125/544/536 2726/558/549 797/534/528
f 428/600/589 273/585/575 274/561/552
f 424/587/577 429/572/563 273/585/575
f 429/572/563 430/560/551 273/585/575
f 424/587/577 730/526/520 425/562/553
f 1067/578/569 2501/594/583 221/574/565
f 992/604/593 1206/568/559 429/572/563
f 3125/544/536 1201/601/590 858/545/537
f 1180/592/581 202/605/594 3282/593/582
f 786/586/576 273/585/575 428/600/589
f 2717/556/547 191/595/584 871/597/586
f 1285/553/544 3282/593/582 202/605/594
f 1201/601/590 1615/596/585 1200/569/560
f 1285/553/544 202/605/594 735/606/595
f 424/587/577 786/586/576 867/563/554
f 865/567/558 1206/568/559 992/604/593
f 1019/607/596 1942/446/446 1018/463/463
f 549/608/597 1942/446/446 1019/607/596
f 627/459/459 951/458/458 991/609/598
f 950/610/599 202/605/594 2859/611/600
f 981/612/601 2859/611/600 860/613/602
f 1018/463/463 670/614/603 1019/607/596
f 860/613/602 1180/592/581 812/588/578
f 980/615/604 981/612/601 983/616/605
f 981/612/601 950/610/599 2859/611/600
f 670/614/603 1018/463/463 997/617/606
f 626/618/607 549/608/597 1019/607/596
f 991/609/598 980/615/604 3104/619/608
f 812/588/578 2858/620/609 860/613/602
f 991/609/598 1018/463/463 627/459/459
f 980/615/604 991/609/598 951/458/458
f 981/612/601 2858/620/609 983/616/605
f 670/614/603 997/617/606 657/621/610
f 2858/620/609 981/612/601 860/613/602
f 626/618/607 657/621/610 672/622/611
f 549/608/597 626/618/607 671/623/612
f 549/608/597 671/623/612 632/624/613
f 991/609/598 3104/619/608 899/625/614
f 1022/626/615 2858/620/609 812/588/578
f 985/627/616 3104/619/608 983/616/605
f 997/617/606 1018/463/463 991/609/598
f 3103/628/617 657/621/610 997/617/606
f 672/622/611 671/623/612 626/618/607
f 2859/611/600 1180/592/581 860/613/602
f 631/629/618 632/624/613 671/623/612
f 632/624/613 631/629/618 638/630/619
f 1310/631/620 657/621/610 1311/632/621
f 3166/633/622 1091/634/623 1004/635/624
f 3105/636/625 3103/628/617 899/625/614
f 3103/628/617 3105/636/625 898/637/626
f 813/638/627 684/639/628 1022/626/615
f 899/625/614 985/627/616 3105/636/625
f 702/579/570 813/638/627 812/588/578
f 984/640/629 555/641/630 985/627/616
f 1358/642/631 3103/628/617 898/637/626
f 1019/607/596 657/621/610 626/618/607
f 1006/547/539 1004/635/624 1003/643/632
f 702/579/570 704/548/540 813/638/627
f 680/644/633 886/645/634 400/646/635
f 1358/642/631 1311/632/621 3103/628/617
f 1310/631/620 2882/647/636 672/622/611
f 634/648/637 3105/636/625 986/649/638
f 555/641/630 3105/636/625 985/627/616
f 673/650/639 2882/647/636 674/651/640
f 1310/631/620 1311/632/621 2882/647/636
f 1155/652/641 2679/494/490 400/646/635
f 899/625/614 3104/619/608 985/627/616
f 671/623/612 672/622/611 631/629/618
f 1358/642/631 898/637/626 687/653/642
f 672/622/611 2882/647/636 673/650/639
f 673/650/639 422/654/643 672/622/611
f 704/548/540 1003/643/632 685/655/644
f 684/639/628 555/641/630 984/640/629
f 685/655/644 611/656/645 684/639/628
f 294/657/646 885/658/647 680/644/633
f 986/649/638 3105/636/625 555/641/630
f 672/622/611 657/621/610 1310/631/620
f 687/653/642 898/637/626 634/648/637
f 611/656/645 555/641/630 684/639/628
f 986/649/638 687/653/642 634/648/637
f 128/659/648 422/654/643 673/650/639
f 611/656/645 685/655/644 1003/643/632
f 555/641/630 611/656/645 986/649/638
f 631/629/618 672/622/611 422/654/643
f 2886/660/649 2733/493/489 2732/661/650
f 687/653/642 986/649/638 1009/662/651
f 402/663/652 128/659/648 673/650/639
f 2678/664/653 1006/547/539 1179/546/538
f 812/588/578 813/638/627 1022/626/615
f 685/655/644 684/639/628 813/638/627
f 403/665/654 673/650/639 674/651/640
f 687/653/642 1009/662/651 688/666/655
f 899/625/614 997/617/606 991/609/598
f 2678/664/653 1004/635/624 1006/547/539
f 2858/620/609 1022/626/615 984/640/629
f 2726/558/549 2733/493/489 2886/660/649
f 885/658/647 611/656/645 1103/667/656
f 294/657/646 688/666/655 1009/662/651
f 1004/635/624 2678/664/653 3166/633/622
f 1091/634/623 1103/667/656 1004/635/624
f 950/610/599 981/612/601 980/615/604
f 421/668/657 422/654/643 128/659/648
f 1103/667/656 1047/669/658 885/658/647
f 704/548/540 685/655/644 813/638/627
f 1009/662/651 885/658/647 294/657/646
f 983/616/605 984/640/629 985/627/616
f 3166/633/622 2678/664/653 2886/660/649
f 1047/669/658 1103/667/656 1091/634/623
f 674/651/640 688/666/655 403/665/654
f 1003/643/632 1004/635/624 1103/667/656
f 1091/634/623 2997/670/659 1047/669/658
f 1003/643/632 1103/667/656 611/656/645
f 2678/664/653 2726/558/549 2886/660/649
f 2882/647/636 1311/632/621 675/671/660
f 2997/670/659 1155/652/641 400/646/635
f 3103/628/617 997/617/606 899/625/614
f 3166/633/622 2886/660/649 1155/652/641
f 402/663/652 294/657/646 972/672/661
f 984/640/629 1022/626/615 684/639/628
f 972/672/661 294/657/646 680/644/633
f 611/656/645 885/658/647 1009/662/651
f 1155/652/641 2886/660/649 2732/661/650
f 670/614/603 657/621/610 1019/607/596
f 885/658/647 886/645/634 680/644/633
f 2997/670/659 1091/634/623 1155/652/641
f 675/671/660 688/666/655 674/651/640
f 799/673/662 400/646/635 881/674/663
f 886/645/634 2997/670/659 400/646/635
f 687/653/642 688/666/655 675/671/660
f 202/605/594 1180/592/581 2859/611/600
f 673/650/639 403/665/654 402/663/652
f 2679/494/490 2990/483/483 881/674/663
f 657/621/610 3103/628/617 1311/632/621
f 984/640/629 983/616/605 2858/620/609
f 675/671/660 674/651/640 2882/647/636
f 2679/494/490 1155/652/641 2732/661/650
f 658/462/462 627/459/459 1018/463/463
f 951/458/458 950/610/599 980/615/604
f 294/657/646 402/663/652 403/665/654
f 1003/643/632 704/548/540 1006/547/539
f 3104/619/608 980/615/604 983/616/605
f 799/673/662 972/672/661 680/644/633
f 638/630/619 631/629/618 422/654/643
f 950/610/599 951/458/458 883/460/460
f 400/646/635 2679/494/490 881/674/663
f 675/671/660 1358/642/631 687/653/642
f 898/637/626 3105/636/625 634/648/637
f 1091/634/623 3166/633/622 1155/652/641
f 2659/675/664 1942/446/446 549/608/597
f 1179/546/538 2726/558/549 2678/664/653
f 2813/484/484 2990/483/483 2679/494/490
f 403/665/654 688/666/655 294/657/646
f 1047/669/658 2997/670/659 886/645/634
f 675/671/660 1311/632/621 1358/642/631
f 680/644/633 400/646/635 799/673/662
f 885/658/647 1047/669/658 886/645/634
f 2679/494/490 2732/661/650 2733/493/489
f 422/654/643 421/668/657 638/630/619
f 986/649/638 611/656/645 1009/662/651
f 126/676/665 124/677/666 664/678/667
f 124/677/666 125/679/668 663/680/669
f 125/679/668 124/677/666 75/681/670
f 413/682/410 254/683/239 253/684/671
f 664/678/667 124/677/666 663/680/669
f 664/678/667 973/685/672 126/676/665
f 125/679/668 420/686/673 663/680/669
f 413/682/410 253/684/671 407/687/674
f 663/680/669 665/688/675 664/678/667
f 665/688/675 663/680/669 420/686/673
f 414/689/413 413/682/410 407/687/674
f 254/683/239 561/690/676 253/684/671
f 420/686/673 127/691/677 665/688/675
f 1759/692/408 414/689/413 72/693/678
f 628/694/679 973/685/672 406/695/680
f 973/685/672 628/694/679 561/690/676
f 664/678/667 665/688/675 406/695/680
f 1759/692/408 1749/696/681 3007/500/29
f 459/697/682 665/688/675 127/691/677
f 2885/496/492 3007/500/29 686/698/683
f 622/699/684 1749/696/681 72/693/678
f 406/695/680 407/687/674 628/694/679
f 72/693/678 407/687/674 622/699/684
f 420/686/673 421/668/657 128/659/648
f 407/687/674 406/695/680 458/700/685
f 1749/696/681 1759/692/408 72/693/678
f 2990/483/483 1012/701/686 881/674/663
f 458/700/685 406/695/680 459/697/682
f 622/699/684 686/698/683 1749/696/681
f 406/695/680 973/685/672 664/678/667
f 402/663/652 454/702/687 459/697/682
f 458/700/685 622/699/684 407/687/674
f 622/699/684 1012/701/686 686/698/683
f 2685/495/491 686/698/683 2676/703/688
f 128/659/648 402/663/652 127/691/677
f 622/699/684 458/700/685 454/702/687
f 561/690/676 628/694/679 253/684/671
f 2883/497/493 2685/495/491 2676/703/688
f 124/677/666 126/676/665 75/681/670
f 3007/500/29 1749/696/681 686/698/683
f 881/674/663 1012/701/686 457/704/689
f 420/686/673 128/659/648 127/691/677
f 457/704/689 1012/701/686 454/702/687
f 454/702/687 1012/701/686 622/699/684
f 407/687/674 253/684/671 628/694/679
f 799/673/662 457/704/689 972/672/661
f 973/685/672 561/690/676 126/676/665
f 2883/497/493 2676/703/688 1012/701/686
f 2883/497/493 1012/701/686 2990/483/483
f 458/700/685 459/697/682 454/702/687
f 2676/703/688 686/698/683 1012/701/686
f 127/691/677 402/663/652 459/697/682
f 457/704/689 799/673/662 881/674/663
f 454/702/687 402/663/652 972/672/661
f 407/687/674 72/693/678 414/689/413
f 459/697/682 406/695/680 665/688/675
f 454/702/687 972/672/661 457/704/689
f 421/668/657 420/686/673 125/679/668
f 2685/495/491 2885/496/492 686/698/683
f 425/562/553 429/572/563 424/587/577
f 2718/580/571 2731/571/562 2865/577/568
f 251/603/592 429/572/563 798/573/564
f 1331/590/580 864/581/84 863/576/567
f 293/565/556 992/604/593 251/603/592
f 858/545/537 2717/556/547 2706/543/535
f 2707/535/529 797/534/528 1179/546/538
f 865/567/558 992/604/593 293/565/556
f 1000/541/99 2720/542/534 864/581/84
f 816/530/524 814/559/550 274/561/552
f 1285/553/544 1338/582/572 2811/554/545
f 1206/568/559 865/567/558 1200/569/560
f 867/563/554 730/526/520 424/587/577
f 1665/564/555 2811/554/545 1338/582/572
f 191/595/584 865/567/558 862/566/557
f 251/603/592 798/573/564 235/538/531
f 884/527/521 1665/564/555 1596/705/690
f 1665/564/555 1338/582/572 975/584/574
f 730/526/520 150/518/512 425/562/553
f 871/597/586 2865/577/568 2731/571/562
f 251/603/592 235/538/531 239/551/543
f 798/573/564 245/706/691 235/538/531
f 293/565/556 788/550/542 862/566/557
f 245/706/691 425/562/553 236/517/69
f 1180/592/581 809/555/546 814/559/550
f 871/597/586 191/595/584 866/598/587
f 862/566/557 2857/575/566 866/598/587
f 2703/499/495 2731/571/562 2705/707/692
f 862/566/557 866/598/587 191/595/584
f 235/538/531 250/708/111 239/551/543
f 791/709/693 790/552/100 989/591/85
f 1180/592/581 814/559/550 857/589/579
f 862/566/557 861/599/588 2857/575/566
f 250/708/111 790/552/100 239/551/543
f 293/565/556 239/551/543 788/550/542
f 1331/590/580 861/599/588 788/550/542
f 2731/571/562 958/557/548 871/597/586
f 2733/493/489 2726/558/549 2706/543/535
f 274/561/552 273/585/575 430/560/551
f 862/566/557 788/550/542 861/599/588
f 863/576/567 2718/580/571 2865/577/568
f 293/565/556 251/603/592 239/551/543
f 812/588/578 806/532/526 702/579/570
f 2677/498/494 2733/493/489 2706/543/535
f 3125/544/536 789/602/591 1201/601/590
f 1331/590/580 788/550/542 791/709/693
f 2705/707/692 2710/488/486 2703/499/495
f 723/583/573 1597/528/522 975/584/574
f 2731/571/562 2718/580/571 2705/707/692
f 2705/707/692 2996/480/480 2710/488/486
f 425/562/553 245/706/691 798/573/564
f 2720/542/534 2852/710/694 2705/707/692
f 2535/521/515 785/507/502 1596/705/690
f 191/595/584 858/545/537 1200/569/560
f 428/600/589 867/563/554 786/586/576
f 2535/521/515 1596/705/690 975/584/574
f 2717/556/547 871/597/586 958/557/548
f 864/581/84 2720/542/534 2718/580/571
f 2720/542/534 2705/707/692 2718/580/571
f 809/555/546 3282/593/582 1285/553/544
f 989/591/85 1331/590/580 791/709/693
f 2717/556/547 858/545/537 191/595/584
f 814/559/550 809/555/546 274/561/552
f 2720/542/534 2851/486/42 2852/710/694
f 221/574/565 1066/531/525 816/530/524
f 858/545/537 1201/601/590 1200/569/560
f 2705/707/692 2852/710/694 2996/480/480
f 235/538/531 179/537/107 250/708/111
f 2707/535/529 1006/547/539 982/540/533
f 2851/486/42 2996/480/480 2852/710/694
f 855/549/541 958/557/548 2703/499/495
f 1596/705/690 1665/564/555 975/584/574
f 884/527/521 730/526/520 867/563/554
f 855/549/541 2706/543/535 2717/556/547
f 2707/535/529 982/540/533 1164/539/532
f 809/555/546 428/600/589 274/561/552
f 2865/577/568 871/597/586 2857/575/566
f 863/576/567 861/599/588 1331/590/580
f 2677/498/494 2706/543/535 855/549/541
f 785/507/502 884/527/521 1596/705/690
f 1597/528/522 2535/521/515 975/584/574
f 791/709/693 788/550/542 790/552/100
f 1338/582/572 1285/553/544 735/606/595
f 1621/533/527 1615/596/585 789/602/591
f 2501/594/583 1066/531/525 221/574/565
f 245/706/691 236/517/69 235/538/531
f 21/711/695 47/712/696 584/713/697
f 338/714/698 13/715/699 20/716/700
f 733/442/442 723/583/573 734/717/701
f 734/717/701 2669/450/450 733/442/442
f 795/456/456 2669/450/450 734/717/701
f 735/606/595 734/717/701 1338/582/572
f 883/460/460 202/605/594 950/610/599
f 735/606/595 201/718/702 795/456/456
f 734/717/701 735/606/595 795/456/456
f 723/583/573 1338/582/572 734/717/701
f 795/456/456 201/718/702 1001/461/461
f 202/605/594 883/460/460 1001/461/461
f 201/718/702 202/605/594 1001/461/461
f 202/605/594 201/718/702 735/606/595
f 17/719/703 564/720/704 570/721/705
f 501/722/706 500/723/707 123/724/708
f 565/725/709 598/726/710 47/712/696
f 32/727/711 525/728/712 576/729/713
f 501/722/706 123/724/708 75/681/670
f 558/730/714 583/731/715 544/732/716
f 9/733/717 500/723/707 501/722/706
f 609/734/718 92/735/719 93/736/720
f 639/737/721 632/624/613 638/630/619
f 300/738/722 423/739/723 302/740/724
f 13/715/699 14/741/241 19/742/186
f 584/713/697 574/743/725 22/744/726
f 28/745/727 25/746/728 32/727/711
f 17/719/703 21/711/695 22/744/726
f 47/712/696 21/711/695 565/725/709
f 596/747/729 2070/748/730 525/728/712
f 302/740/724 301/749/731 895/750/732
f 421/668/657 639/737/721 638/630/619
f 300/738/722 633/751/733 639/737/721
f 570/721/705 569/752/734 17/719/703
f 83/753/735 600/754/736 52/755/737
f 569/752/734 81/756/738 65/757/739
f 302/740/724 125/679/668 301/749/731
f 52/755/737 3137/758/740 51/759/741
f 83/753/735 81/756/738 570/721/705
f 571/760/742 194/761/743 2070/748/730
f 341/762/744 598/726/710 64/763/745
f 506/764/746 583/731/715 558/730/714
f 51/759/741 81/756/738 83/753/735
f 52/755/737 3002/765/747 3134/766/748
f 2272/767/749 3002/765/747 576/729/713
f 596/747/729 571/760/742 2070/748/730
f 3135/768/750 3134/766/748 3002/765/747
f 570/721/705 81/756/738 569/752/734
f 3002/765/747 194/761/743 3135/768/750
f 123/724/708 342/769/751 74/770/752
f 609/734/718 895/750/732 74/770/752
f 19/742/186 20/716/700 13/715/699
f 338/714/698 20/716/700 336/771/753
f 3137/758/740 599/772/754 51/759/741
f 26/773/755 564/720/704 16/774/756
f 3134/766/748 3137/758/740 52/755/737
f 300/738/722 895/750/732 93/736/720
f 341/762/744 336/771/753 598/726/710
f 20/716/700 334/775/185 336/771/753
f 32/727/711 576/729/713 600/754/736
f 910/776/757 574/743/725 911/777/758
f 609/734/718 73/778/759 82/779/760
f 576/729/713 3002/765/747 52/755/737
f 32/727/711 600/754/736 83/753/735
f 423/739/723 639/737/721 421/668/657
f 28/745/727 27/780/761 583/731/715
f 74/770/752 342/769/751 73/778/759
f 340/781/762 13/715/699 338/714/698
f 74/770/752 301/749/731 75/681/670
f 73/778/759 342/769/751 64/763/745
f 13/715/699 340/781/762 500/723/707
f 65/757/739 64/763/745 569/752/734
f 2272/767/749 576/729/713 2070/748/730
f 123/724/708 340/781/762 342/769/751
f 21/711/695 584/713/697 22/744/726
f 64/763/745 65/757/739 73/778/759
f 64/763/745 565/725/709 18/782/763
f 564/720/704 27/780/761 570/721/705
f 74/770/752 75/681/670 123/724/708
f 64/763/745 18/782/763 569/752/734
f 423/739/723 421/668/657 302/740/724
f 65/757/739 82/779/760 73/778/759
f 32/727/711 83/753/735 28/745/727
f 19/742/186 334/775/185 20/716/700
f 22/744/726 16/774/756 17/719/703
f 22/744/726 574/743/725 16/774/756
f 123/724/708 500/723/707 340/781/762
f 341/762/744 342/769/751 338/714/698
f 512/783/764 583/731/715 506/764/746
f 82/779/760 65/757/739 81/756/738
f 26/773/755 16/774/756 544/732/716
f 21/711/695 17/719/703 18/782/763
f 16/774/756 910/776/757 544/732/716
f 3002/765/747 2272/767/749 194/761/743
f 574/743/725 910/776/757 16/774/756
f 336/771/753 341/762/744 338/714/698
f 2070/748/730 576/729/713 525/728/712
f 574/743/725 584/713/697 911/777/758
f 525/728/712 32/727/711 30/784/765
f 64/763/745 342/769/751 341/762/744
f 2272/767/749 2070/748/730 194/761/743
f 92/735/719 82/779/760 81/756/738
f 3137/758/740 3134/766/748 3135/768/750
f 73/778/759 609/734/718 74/770/752
f 9/733/717 14/741/241 500/723/707
f 92/735/719 51/759/741 599/772/754
f 583/731/715 25/746/728 28/745/727
f 544/732/716 910/776/757 558/730/714
f 609/734/718 93/736/720 895/750/732
f 598/726/710 565/725/709 64/763/745
f 633/751/733 640/785/766 639/737/721
f 599/772/754 93/736/720 92/735/719
f 27/780/761 26/773/755 583/731/715
f 30/784/765 32/727/711 25/746/728
f 300/738/722 93/736/720 599/772/754
f 52/755/737 51/759/741 83/753/735
f 301/749/731 74/770/752 895/750/732
f 83/753/735 570/721/705 27/780/761
f 23/786/767 512/783/764 25/746/728
f 639/737/721 423/739/723 300/738/722
f 83/753/735 27/780/761 28/745/727
f 23/786/767 583/731/715 512/783/764
f 92/735/719 609/734/718 82/779/760
f 576/729/713 52/755/737 600/754/736
f 596/747/729 525/728/712 30/784/765
f 500/723/707 14/741/241 13/715/699
f 125/679/668 302/740/724 421/668/657
f 544/732/716 583/731/715 26/773/755
f 25/746/728 583/731/715 23/786/767
f 18/782/763 565/725/709 21/711/695
f 25/746/728 512/783/764 30/784/765
f 26/773/755 27/780/761 564/720/704
f 75/681/670 301/749/731 125/679/668
f 92/735/719 81/756/738 51/759/741
f 300/738/722 302/740/724 895/750/732
f 17/719/703 569/752/734 18/782/763
f 17/719/703 16/774/756 564/720/704
f 340/781/762 338/714/698 342/769/751
f 2523/451/451 722/529/523 725/787/768
f 2510/523/517 1584/441/441 907/440/440
f 722/529/523 2509/788/769 2525/522/516
f 2509/788/769 742/519/513 2525/522/516
f 722/529/523 723/583/573 725/787/768
f 723/583/573 722/529/523 1597/528/522
f 722/529/523 2523/451/451 2509/788/769
f 723/583/573 2520/443/443 725/787/768
f 2520/443/443 2523/451/451 725/787/768
f 723/583/573 733/442/442 2520/443/443
f 2509/788/769 2523/451/451 2510/523/517
f 2510/523/517 743/520/514 2509/788/769
f 1584/441/441 2510/523/517 2523/451/451
f 2509/788/769 743/520/514 742/519/513
f 676/789/770 2241/790/771 654/791/772
f 2282/792/773 3217/793/774 652/794/775
f 3116/795/776 2429/796/777 2378/797/778
f 654/791/772 2282/792/773 652/794/775
f 2298/798/779 2317/799/780 3195/800/781
f 2241/790/771 676/789/770 497/801/782
f 2273/802/783 2381/803/784 2274/804/785
f 2435/805/786 2436/806/787 2420/807/788
f 2436/806/787 2282/792/773 2387/808/789
f 1785/809/790 1834/810/791 669/811/792
f 909/812/793 497/801/782 498/813/794
f 3228/814/795 676/789/770 653/815/796
f 676/789/770 3228/814/795 2317/799/780
f 2282/792/773 2241/790/771 2387/808/789
f 653/815/796 654/791/772 652/794/775
f 503/816/797 2274/804/785 909/812/793
f 2241/790/771 497/801/782 2288/817/798
f 2387/808/789 2288/817/798 2311/818/799
f 650/453/453 652/794/775 3217/793/774
f 2435/805/786 2282/792/773 2436/806/787
f 3231/819/800 2318/820/801 3226/821/802
f 914/822/803 3196/454/454 581/455/455
f 653/815/796 676/789/770 654/791/772
f 2316/823/804 3192/824/805 2293/825/806
f 497/801/782 913/826/807 498/813/794
f 1920/827/808 1943/828/809 1965/829/810
f 3217/793/774 2435/805/786 666/830/811
f 2436/806/787 2387/808/789 2311/818/799
f 2282/792/773 654/791/772 2241/790/771
f 2288/817/798 497/801/782 909/812/793
f 2311/818/799 2288/817/798 2274/804/785
f 3228/814/795 3196/454/454 914/822/803
f 2274/804/785 2288/817/798 909/812/793
f 650/453/453 3217/793/774 648/439/439
f 3196/454/454 3228/814/795 653/815/796
f 3228/814/795 3195/800/781 2317/799/780
f 498/813/794 913/826/807 496/831/812
f 2316/823/804 2318/820/801 2385/832/813
f 2381/803/784 2231/476/476 2311/818/799
f 3226/821/802 2293/825/806 2292/833/814
f 666/830/811 648/439/439 3217/793/774
f 514/834/815 507/835/816 516/836/817
f 666/830/811 2435/805/786 1834/810/791
f 652/794/775 650/453/453 653/815/796
f 2431/837/818 496/831/812 913/826/807
f 2231/476/476 2420/807/788 2311/818/799
f 2429/796/777 2323/838/819 2378/797/778
f 909/812/793 498/813/794 499/839/820
f 3138/840/821 517/841/822 3162/842/823
f 620/843/824 1943/828/809 1920/827/808
f 2282/792/773 2435/805/786 3217/793/774
f 2292/833/814 498/813/794 496/831/812
f 2420/807/788 2231/476/476 1753/479/479
f 1920/827/808 2665/448/448 620/843/824
f 2436/806/787 2311/818/799 2420/807/788
f 668/466/466 669/811/792 2427/477/477
f 3192/824/805 2316/823/804 2378/797/778
f 666/830/811 2517/438/438 648/439/439
f 666/830/811 1834/810/791 1785/809/790
f 499/839/820 2293/825/806 3192/824/805
f 2431/837/818 913/826/807 2317/799/780
f 2420/807/788 2427/477/477 1834/810/791
f 581/455/455 513/844/825 914/822/803
f 2385/832/813 3354/845/826 2244/846/827
f 507/835/816 2414/847/828 517/841/822
f 513/844/825 3195/800/781 914/822/803
f 3192/824/805 2320/848/829 2273/802/783
f 1943/828/809 571/760/742 1965/829/810
f 2298/798/779 3195/800/781 513/844/825
f 2295/449/449 2296/849/830 2298/798/779
f 2414/847/828 2296/849/830 3162/842/823
f 2298/798/779 2431/837/818 2317/799/780
f 2292/833/814 499/839/820 498/813/794
f 499/839/820 503/816/797 909/812/793
f 515/850/831 2292/833/814 496/831/812
f 496/831/812 2431/837/818 507/835/816
f 3151/851/832 3138/840/821 1965/829/810
f 2431/837/818 2298/798/779 2414/847/828
f 2517/438/438 666/830/811 1785/809/790
f 2288/817/798 2387/808/789 2241/790/771
f 2420/807/788 1753/479/479 2427/477/477
f 2381/803/784 2273/802/783 2507/474/474
f 515/850/831 507/835/816 514/834/815
f 3231/819/800 2292/833/814 515/850/831
f 2231/476/476 2381/803/784 2507/474/474
f 1834/810/791 2427/477/477 669/811/792
f 3138/840/821 3151/851/832 2103/852/833
f 507/835/816 2431/837/818 2414/847/828
f 676/789/770 2317/799/780 913/826/807
f 513/844/825 581/455/455 2295/449/449
f 2311/818/799 2274/804/785 2381/803/784
f 3192/824/805 2273/802/783 503/816/797
f 2295/449/449 2298/798/779 513/844/825
f 3226/821/802 2316/823/804 2293/825/806
f 3195/800/781 3228/814/795 914/822/803
f 2292/833/814 2293/825/806 499/839/820
f 497/801/782 676/789/770 913/826/807
f 2507/474/474 2273/802/783 2320/848/829
f 512/783/764 506/764/746 2384/853/834
f 503/816/797 499/839/820 3192/824/805
f 669/811/792 2517/438/438 1785/809/790
f 571/760/742 3151/851/832 1965/829/810
f 507/835/816 515/850/831 496/831/812
f 2298/798/779 2296/849/830 2414/847/828
f 3231/819/800 515/850/831 512/783/764
f 650/453/453 3196/454/454 653/815/796
f 571/760/742 516/836/817 2103/852/833
f 3231/819/800 3226/821/802 2292/833/814
f 2273/802/783 2274/804/785 503/816/797
f 2517/438/438 669/811/792 668/466/466
f 1834/810/791 2435/805/786 2420/807/788
f 2385/832/813 2244/846/827 2316/823/804
f 2300/854/835 2507/474/474 2320/848/829
f 2295/449/449 1965/829/810 2296/849/830
f 514/834/815 30/784/765 515/850/831
f 512/783/764 515/850/831 30/784/765
f 2384/853/834 3231/819/800 512/783/764
f 516/836/817 507/835/816 517/841/822
f 517/841/822 2414/847/828 3162/842/823
f 2296/849/830 1965/829/810 3162/842/823
f 3192/824/805 2378/797/778 2320/848/829
f 2320/848/829 2323/838/819 2300/854/835
f 1920/827/808 1965/829/810 2295/449/449
f 3226/821/802 2318/820/801 2316/823/804
f 514/834/815 516/836/817 30/784/765
f 3116/795/776 2378/797/778 2244/846/827
f 3231/819/800 2384/853/834 2318/820/801
f 517/841/822 3138/840/821 516/836/817
f 1965/829/810 3138/840/821 3162/842/823
f 2378/797/778 2323/838/819 2320/848/829
f 2295/449/449 2665/448/448 1920/827/808
f 2378/797/778 2316/823/804 2244/846/827
f 516/836/817 596/747/729 30/784/765
f 2385/832/813 2318/820/801 2384/853/834
f 3138/840/821 2103/852/833 516/836/817
f 516/836/817 571/760/742 596/747/729
f 620/843/824 194/761/743 1943/828/809
f 1943/828/809 194/761/743 571/760/742
f 3354/845/826 3116/795/776 2244/846/827
f 3151/851/832 571/760/742 2103/852/833
f 2203/855/836 495/856/837 2385/832/813
f 556/857/838 2203/855/836 506/764/746
f 2385/832/813 505/858/839 2203/855/836
f 558/730/714 910/776/757 556/857/838
f 495/856/837 2203/855/836 556/857/838
f 558/730/714 556/857/838 506/764/746
f 506/764/746 2203/855/836 505/858/839
f 2384/853/834 505/858/839 2385/832/813
f 505/858/839 2384/853/834 506/764/746
f 3354/845/826 2385/832/813 495/856/837
f 561/690/676 14/741/241 9/733/717
f 1765/859/840 3137/758/740 902/860/841
f 655/861/842 3136/862/843 551/863/844
f 599/772/754 1765/859/840 633/751/733
f 3126/864/845 1765/859/840 902/860/841
f 1670/444/444 1669/865/846 655/861/842
f 639/737/721 640/785/766 1702/866/847
f 3137/758/740 1765/859/840 599/772/754
f 3135/768/750 3136/862/843 902/860/841
f 787/867/848 2665/448/448 656/452/452
f 1765/859/840 640/785/766 633/751/733
f 1765/859/840 3126/864/845 640/785/766
f 633/751/733 300/738/722 599/772/754
f 551/863/844 2665/448/448 787/867/848
f 3137/758/740 3135/768/750 902/860/841
f 640/785/766 3126/864/845 1702/866/847
f 902/860/841 624/868/849 3126/864/845
f 3136/862/843 194/761/743 551/863/844
f 1702/866/847 3126/864/845 1669/865/846
f 3004/869/850 2659/675/664 549/608/597
f 902/860/841 3136/862/843 624/868/849
f 1669/865/846 3126/864/845 624/868/849
f 639/737/721 1702/866/847 632/624/613
f 655/861/842 656/452/452 1670/444/444
f 1702/866/847 1669/865/846 623/870/851
f 3135/768/750 194/761/743 3136/862/843
f 624/868/849 3136/862/843 655/861/842
f 655/861/842 1669/865/846 624/868/849
f 632/624/613 1702/866/847 623/870/851
f 1669/865/846 3004/869/850 623/870/851
f 194/761/743 620/843/824 551/863/844
f 623/870/851 549/608/597 632/624/613
f 656/452/452 655/861/842 787/867/848
f 3004/869/850 1942/446/446 2659/675/664
f 3004/869/850 549/608/597 623/870/851
f 3004/869/850 1669/865/846 1670/444/444
f 787/867/848 655/861/842 551/863/844
f 620/843/824 2665/448/448 551/863/844
f 1670/444/444 1942/446/446 3004/869/850
f 75/681/670 126/676/665 501/722/706
f 126/676/665 9/733/717 501/722/706
f 9/733/717 126/676/665 561/690/676
f 14/741/241 561/690/676 262/871/228
f 254/683/239 262/871/228 561/690/676
f 1719/872/852 1737/873/853 1789/874/854
f 3478/875/855 1828/876/856 1735/877/857
f 1694/878/858 1692/879/859 1698/880/860
f 2171/881/861 2086/882/862 2002/883/863
f 2364/884/864 2160/885/865 2154/886/866
f 1730/887/867 1798/888/868 2438/889/869
f 1703/890/870 1692/879/859 1691/891/871
f 2166/892/872 2033/893/873 2142/894/874
f 523/895/875 529/896/876 531/897/877
f 2969/898/878 1797/899/879 2950/900/880
f 1828/876/856 3478/875/855 1789/874/854
f 1691/891/871 1715/901/881 2563/902/882
f 1693/903/883 1698/880/860 1703/890/870
f 2030/904/884 2364/884/864 2033/893/873
f 1715/901/881 1691/891/871 1692/879/859
f 1689/905/885 1708/906/886 1707/907/887
f 2058/908/888 2142/894/874 2364/884/864
f 642/909/889 610/910/890 509/911/891
f 2002/883/863 2086/882/862 1998/912/892
f 1714/913/893 2969/898/878 2950/900/880
f 548/914/894 2578/915/895 529/896/876
f 1801/916/896 2036/917/897 1717/918/898
f 642/909/889 2058/908/888 952/919/899
f 1735/877/857 1797/899/879 2687/920/900
f 2585/921/901 2586/922/902 2580/923/903
f 1691/891/871 1999/924/904 1803/925/905
f 523/895/875 1964/926/906 562/927/907
f 1693/903/883 2969/898/878 1707/907/887
f 562/927/907 1964/926/906 2086/882/862
f 1692/879/859 1703/890/870 1698/880/860
f 3386/928/908 932/929/909 2059/930/910
f 1796/931/911 1827/932/912 2001/933/913
f 642/909/889 952/919/899 582/934/914
f 2030/904/884 2160/885/865 2364/884/864
f 562/927/907 582/934/914 952/919/899
f 932/929/909 3386/928/908 610/910/890
f 952/919/899 2154/886/866 562/927/907
f 1698/880/860 1693/903/883 1694/878/858
f 1716/935/915 2033/893/873 1798/888/868
f 1802/936/916 1803/925/905 1999/924/904
f 2154/886/866 2578/915/895 548/914/894
f 2969/898/878 1714/913/893 1689/905/885
f 2438/889/869 1798/888/868 2033/893/873
f 1694/878/858 1708/906/886 1805/937/917
f 2029/938/918 2661/939/919 2933/940/920
f 2030/904/884 1716/935/915 1799/941/921
f 1716/935/915 2532/942/922 1717/918/898
f 3378/943/923 2092/944/924 2059/930/910
f 1716/935/915 2030/904/884 2033/893/873
f 2035/945/925 2143/946/926 932/929/909
f 1998/912/892 2086/882/862 1964/926/906
f 1802/936/916 2036/917/897 1801/916/896
f 2938/947/927 2003/948/928 2026/949/929
f 2002/883/863 2026/949/929 2020/950/930
f 2166/892/872 2438/889/869 2033/893/873
f 1730/887/867 2532/942/922 1798/888/868
f 562/927/907 548/914/894 529/896/876
f 2171/881/861 2035/945/925 932/929/909
f 2026/949/929 2003/948/928 2020/950/930
f 2092/944/924 3386/928/908 2059/930/910
f 1799/941/921 1716/935/915 1717/918/898
f 1794/951/931 2836/952/932 2786/953/933
f 2141/954/934 3378/943/923 2143/946/926
f 2687/920/900 1691/891/871 1735/877/857
f 2585/921/901 2029/938/918 2933/940/920
f 2563/902/882 1715/901/881 2585/921/901
f 1679/955/935 1689/905/885 1714/913/893
f 2029/938/918 2564/956/936 2031/957/937
f 1999/924/904 1691/891/871 2563/902/882
f 2580/923/903 2564/956/936 2585/921/901
f 1792/958/938 1747/959/939 1791/960/940
f 2585/921/901 2564/956/936 2029/938/918
f 642/909/889 932/929/909 610/910/890
f 1796/931/911 2950/900/880 1827/932/912
f 1827/932/912 2950/900/880 1797/899/879
f 2001/933/913 1797/899/879 1735/877/857
f 529/896/876 1967/961/941 531/897/877
f 1803/925/905 1802/936/916 1801/916/896
f 1734/962/942 3478/875/855 1717/918/898
f 1999/924/904 2933/940/920 1802/936/916
f 582/934/914 932/929/909 642/909/889
f 1689/905/885 1707/907/887 2969/898/878
f 562/927/907 2154/886/866 548/914/894
f 1734/962/942 2532/942/922 2836/952/932
f 1700/963/943 1692/879/859 1694/878/858
f 1999/924/904 2563/902/882 2933/940/920
f 2086/882/862 932/929/909 582/934/914
f 2036/917/897 1802/936/916 1799/941/921
f 2032/964/944 2030/904/884 1799/941/921
f 523/895/875 562/927/907 529/896/876
f 2589/965/945 2588/966/946 1468/967/947
f 2148/968/948 2155/969/949 2141/954/934
f 2170/970/950 2148/968/948 2003/948/928
f 3378/943/923 2141/954/934 2039/971/951
f 1969/972/952 2153/973/953 2938/947/927
f 2410/974/954 2411/975/955 1363/976/956
f 2148/968/948 2035/945/925 2171/881/861
f 2170/970/950 2150/977/957 2148/968/948
f 2410/974/954 1363/976/956 2147/978/958
f 2004/979/959 1992/980/960 2411/975/955
f 1287/981/961 2550/982/962 1296/983/963
f 1261/984/964 1382/985/965 1263/986/966
f 2785/987/967 2780/988/968 1302/989/969
f 3235/990/970 1296/983/963 3144/991/971
f 3111/992/972 3172/993/973 3102/994/974
f 2780/988/968 3171/995/975 1302/989/969
f 1564/996/976 184/997/977 185/998/978
f 3061/999/979 1312/1000/980 3102/994/974
f 1274/1001/981 2574/1002/982 1530/1003/983
f 2591/1004/984 1270/1005/985 1393/1006/986
f 1282/1007/987 3171/995/975 3080/1008/988
f 1301/1009/989 1304/1010/990 1322/1011/991
f 1329/1012/992 1298/1013/993 1340/1014/994
f 1291/1015/995 1262/1016/996 2536/1017/997
f 1281/1018/998 2780/988/968 2785/987/967
f 3144/991/971 1291/1015/995 2961/1019/999
f 1294/1020/1000 1271/1021/1001 1268/1022/1002
f 2780/988/968 3340/1023/1003 3171/995/975
f 1296/983/963 3235/990/970 2785/987/967
f 3207/1024/1004 1292/1025/1005 1271/1021/1001
f 1301/1009/989 1340/1014/994 1298/1013/993
f 1333/1026/1006 1343/1027/1007 1382/985/965
f 1264/1028/1008 1343/1027/1007 3244/1029/1009
f 1298/1013/993 1304/1010/990 1301/1009/989
f 2670/1030/1010 762/1031/1011 764/1032/1012
f 3080/1008/988 3171/995/975 1253/1033/1013
f 2553/1034/1014 2573/1035/1015 3181/1036/1016
f 1242/1037/1017 3336/1038/1018 1303/1039/1019
f 1530/1003/983 1532/1040/1020 1420/1041/1021
f 1393/1006/986 3255/1042/1022 2591/1004/984
f 1301/1009/989 1303/1039/1019 3336/1038/1018
f 1340/1014/994 1301/1009/989 3235/990/970
f 1393/1006/986 1270/1005/985 1253/1033/1013
f 1299/1043/1023 1290/1044/1024 1340/1014/994
f 1286/1045/1025 3078/1046/1026 1270/1005/985
f 966/1047/1027 2583/1048/1028 976/1049/1029
f 1253/1033/1013 3171/995/975 3340/1023/1003
f 1301/1009/989 3172/993/973 1303/1039/1019
f 3080/1008/988 1294/1020/1000 1282/1007/987
f 1296/983/963 2785/987/967 1287/981/961
f 1322/1011/991 3172/993/973 1301/1009/989
f 1287/981/961 1282/1007/987 1288/1050/1030
f 1271/1021/1001 3080/1008/988 3078/1046/1026
f 3111/992/972 3102/994/974 3395/1051/1031
f 3061/999/979 1322/1011/991 1304/1010/990
f 2536/1017/997 1290/1044/1024 2961/1019/999
f 2536/1017/997 2961/1019/999 1291/1015/995
f 2670/1030/1010 2579/1052/1032 1564/996/976
f 1304/1010/990 2480/1053/1033 1305/1054/1034
f 1357/1055/1035 3092/1056/1036 1837/1057/1037
f 1292/1025/1005 2572/1058/1038 1255/1059/1039
f 1263/986/966 1329/1012/992 1290/1044/1024
f 1530/1003/983 3181/1036/1016 2588/966/946
f 3054/1060/1040 1262/1016/996 1257/1061/1041
f 3120/1062/1042 3181/1036/1016 2573/1035/1015
f 2588/966/946 2589/965/945 1532/1040/1020
f 2576/1063/1043 2583/1048/1028 2587/1064/1044
f 3239/1065/1045 1314/1066/1046 3111/992/972
f 183/1067/1047 185/998/978 184/997/977
f 3102/994/974 1312/1000/980 3395/1051/1031
f 3395/1051/1031 3239/1065/1045 3111/992/972
f 1292/1025/1005 3207/1024/1004 2573/1035/1015
f 1304/1010/990 1305/1054/1034 3061/999/979
f 1261/984/964 1290/1044/1024 2536/1017/997
f 1305/1054/1034 2480/1053/1033 1335/1068/1048
f 2480/1053/1033 1263/986/966 1297/1069/1049
f 2579/1052/1032 2587/1064/1044 2583/1048/1028
f 1261/984/964 1263/986/966 1290/1044/1024
f 1530/1003/983 2588/966/946 1532/1040/1020
f 1330/1070/1050 1343/1027/1007 1264/1028/1008
f 1530/1003/983 2574/1002/982 3181/1036/1016
f 2573/1035/1015 2553/1034/1014 2572/1058/1038
f 3054/1060/1040 1257/1061/1041 3250/1071/1051
f 1255/1059/1039 2572/1058/1038 1257/1061/1041
f 2536/1017/997 1262/1016/996 1333/1026/1006
f 1330/1070/1050 1264/1028/1008 1881/1072/1052
f 2579/1052/1032 966/1047/1027 1564/996/976
f 1297/1069/1049 3142/1073/1053 2480/1053/1033
f 1314/1066/1046 3239/1065/1045 1309/1074/1054
f 3239/1065/1045 1312/1000/980 1309/1074/1054
f 1312/1000/980 3239/1065/1045 3395/1051/1031
f 3061/999/979 1305/1054/1034 1315/1075/1055
f 1564/996/976 185/998/978 762/1031/1011
f 1382/985/965 1261/984/964 2536/1017/997
f 3092/1056/1036 3467/1076/1056 1837/1057/1037
f 2574/1002/982 2553/1034/1014 3181/1036/1016
f 1257/1061/1041 3256/1077/1057 3250/1071/1051
f 1297/1069/1049 1341/1078/1058 3142/1073/1053
f 3250/1071/1051 1293/1079/1059 3054/1060/1040
f 1381/1080/1060 1333/1026/1006 1262/1016/996
f 1381/1080/1060 3054/1060/1040 1293/1079/1059
f 3256/1077/1057 1257/1061/1041 2572/1058/1038
f 1323/1081/1061 1312/1000/980 3059/1082/1062
f 2589/965/945 2576/1063/1043 1420/1041/1021
f 2587/1064/1044 2670/1030/1010 2569/1083/1063
f 2553/1034/1014 2554/1084/1064 1259/1085/1065
f 1312/1000/980 1315/1075/1055 3467/1076/1056
f 3467/1076/1056 1315/1075/1055 1305/1054/1034
f 1530/1003/983 1420/1041/1021 1274/1001/981
f 3256/1077/1057 3030/1086/1066 3250/1071/1051
f 1381/1080/1060 1293/1079/1059 1333/1026/1006
f 3256/1077/1057 2572/1058/1038 1258/1087/1067
f 3059/1082/1062 1312/1000/980 3467/1076/1056
f 1330/1070/1050 1341/1078/1058 1343/1027/1007
f 1341/1078/1058 1327/1088/1068 3142/1073/1053
f 1274/1001/981 1420/1041/1021 2569/1083/1063
f 427/1089/1069 2575/1090/1070 2994/1091/1071
f 3030/1086/1066 3256/1077/1057 1267/1092/1072
f 1293/1079/1059 3244/1029/1009 1333/1026/1006
f 1258/1087/1067 1267/1092/1072 3256/1077/1057
f 1343/1027/1007 1333/1026/1006 3244/1029/1009
f 2569/1083/1063 1420/1041/1021 2587/1064/1044
f 3059/1082/1062 3467/1076/1056 3092/1056/1036
f 1341/1078/1058 1330/1070/1050 1327/1088/1068
f 427/1089/1069 3030/1086/1066 1267/1092/1072
f 1258/1087/1067 2554/1084/1064 1267/1092/1072
f 768/1093/1073 2583/1048/1028 2576/1063/1043
f 761/1094/1074 185/998/978 180/1095/1075
f 3092/1056/1036 1324/1096/1076 3059/1082/1062
f 1357/1055/1035 3449/1097/1077 3092/1056/1036
f 1895/1098/1078 1327/1088/1068 1330/1070/1050
f 3030/1086/1066 427/1089/1069 2783/1099/1079
f 1899/1100/1080 3244/1029/1009 2567/1101/1081
f 1899/1100/1080 1264/1028/1008 3244/1029/1009
f 2534/1102/1082 2569/1083/1063 2670/1030/1010
f 2583/1048/1028 768/1093/1073 976/1049/1029
f 1351/1103/1083 1327/1088/1068 1342/1104/1084
f 1332/1105/1085 1351/1103/1083 1352/1106/1086
f 1895/1098/1078 1342/1104/1084 1327/1088/1068
f 1352/1106/1086 1357/1055/1035 1332/1105/1085
f 1837/1057/1037 1325/1107/1087 1332/1105/1085
f 1327/1088/1068 1332/1105/1085 3142/1073/1053
f 3142/1073/1053 1332/1105/1085 1325/1107/1087
f 1327/1088/1068 1351/1103/1083 1332/1105/1085
f 1357/1055/1035 1837/1057/1037 1332/1105/1085
f 1352/1106/1086 1351/1103/1083 1342/1104/1084
f 1335/1068/1048 1325/1107/1087 1837/1057/1037
f 3142/1073/1053 1325/1107/1087 1335/1068/1048
f 1319/1108/1088 1313/1109/1089 502/1110/1090
f 502/1110/1090 1313/1109/1089 1320/1111/1091
f 1417/1112/1092 1431/1113/1093 3276/1114/1094
f 1431/1113/1093 1417/1112/1092 1415/1115/1095
f 1424/1116/1096 1417/1112/1092 3276/1114/1094
f 1431/1113/1093 1507/1117/1097 3276/1114/1094
f 1612/1118/1098 1424/1116/1096 3276/1114/1094
f 2586/922/902 1715/901/881 1713/1119/1099
f 1711/1120/1100 1713/1119/1099 1715/901/881
f 2562/1121/1101 1696/1122/1102 2546/1123/1103
f 1861/1124/1104 1932/1125/1105 1701/1126/1106
f 1932/1125/1105 2546/1123/1103 1696/1122/1102
f 1713/1119/1099 1710/1127/1107 1696/1122/1102
f 2586/922/902 1713/1119/1099 1696/1122/1102
f 1713/1119/1099 1711/1120/1100 1710/1127/1107
f 2586/922/902 1696/1122/1102 2562/1121/1101
f 1932/1125/1105 1710/1127/1107 1701/1126/1106
f 1700/963/943 1807/1128/1108 1701/1126/1106
f 1696/1122/1102 1710/1127/1107 1932/1125/1105
f 1932/1125/1105 1861/1124/1104 2551/1129/1109
f 2562/1121/1101 2580/923/903 2586/922/902
f 1932/1125/1105 2551/1129/1109 2546/1123/1103
f 1701/1126/1106 1807/1128/1108 1852/1130/1110
f 1710/1127/1107 1700/963/943 1701/1126/1106
f 1861/1124/1104 1944/1131/1111 2551/1129/1109
f 1701/1126/1106 1919/1132/1112 1861/1124/1104
f 1852/1130/1110 1919/1132/1112 1701/1126/1106
f 2808/1133/1113 1611/1134/1114 1629/1135/1115
f 1888/1136/1116 1629/1135/1115 2743/1137/1117
f 2808/1133/1113 1631/1138/1118 1611/1134/1114
f 1636/1139/1119 1611/1134/1114 1607/1140/1120
f 1819/1141/1121 2808/1133/1113 1888/1136/1116
f 2808/1133/1113 1819/1141/1121 1632/1142/1122
f 1611/1134/1114 1631/1138/1118 1607/1140/1120
f 1888/1136/1116 2555/1143/1123 1819/1141/1121
f 2557/1144/1124 1848/1145/1125 2555/1143/1123
f 1819/1141/1121 1671/1146/1126 1632/1142/1122
f 1631/1138/1118 1632/1142/1122 1671/1146/1126
f 1671/1146/1126 1819/1141/1121 3043/1147/1127
f 3043/1147/1127 1821/1148/1128 1671/1146/1126
f 1631/1138/1118 1681/1149/1129 1885/1150/1130
f 1885/1150/1130 1634/1151/1131 1646/1152/1132
f 1821/1148/1128 3043/1147/1127 1817/1153/1133
f 1631/1138/1118 1821/1148/1128 1681/1149/1129
f 1919/1132/1112 1944/1131/1111 1861/1124/1104
f 1944/1131/1111 1919/1132/1112 1852/1130/1110
f 1865/1154/1134 2711/1155/1135 1864/1156/1136
f 1921/1157/1137 1866/1158/1138 1865/1154/1134
f 1888/1136/1116 2808/1133/1113 1629/1135/1115
f 1826/1159/1139 3043/1147/1127 2746/1160/1140
f 1817/1153/1133 1822/1161/1141 1821/1148/1128
f 1681/1149/1129 1821/1148/1128 1824/1162/1142
f 1320/1111/1091 3059/1082/1062 1324/1096/1076
f 1324/1096/1076 3092/1056/1036 3449/1097/1077
f 2746/1160/1140 1883/1163/1143 2711/1155/1135
f 1866/1158/1138 2711/1155/1135 1865/1154/1134
f 1681/1149/1129 1818/1164/1144 1655/1165/1145
f 1899/1100/1080 1881/1072/1052 1264/1028/1008
f 1819/1141/1121 2746/1160/1140 3043/1147/1127
f 2994/1091/1071 2783/1099/1079 427/1089/1069
f 2711/1155/1135 1877/1166/1146 2746/1160/1140
f 1822/1161/1141 1871/1167/1147 1870/1168/1148
f 1823/1169/1149 1826/1159/1139 1877/1166/1146
f 1871/1167/1147 1822/1161/1141 1823/1169/1149
f 1848/1145/1125 1883/1163/1143 2746/1160/1140
f 1870/1168/1148 3491/1170/1150 1824/1162/1142
f 1818/1164/1144 1824/1162/1142 1667/1171/1151
f 2534/1102/1082 2575/1090/1070 2569/1083/1063
f 764/1032/1012 2534/1102/1082 2670/1030/1010
f 1655/1165/1145 1634/1151/1131 1681/1149/1129
f 1324/1096/1076 1347/1172/1152 1320/1111/1091
f 1324/1096/1076 3449/1097/1077 1347/1172/1152
f 976/1049/1029 965/1173/1153 966/1047/1027
f 2711/1155/1135 1816/1174/1154 1877/1166/1146
f 1821/1148/1128 1631/1138/1118 1671/1146/1126
f 1870/1168/1148 1871/1167/1147 3491/1170/1150
f 1815/1175/1155 1823/1169/1149 1877/1166/1146
f 1823/1169/1149 1682/1176/1156 1871/1167/1147
f 3491/1170/1150 1667/1171/1151 1824/1162/1142
f 1564/996/976 966/1047/1027 184/997/977
f 2575/1090/1070 2533/1177/1157 2994/1091/1071
f 1607/1140/1120 1885/1150/1130 1646/1152/1132
f 764/1032/1012 762/1031/1011 765/1178/1158
f 966/1047/1027 965/1173/1153 184/997/977
f 1864/1156/1136 2711/1155/1135 1883/1163/1143
f 762/1031/1011 761/1094/1074 765/1178/1158
f 694/1179/1159 1808/1180/1160 264/1181/1161
f 264/1181/1161 1945/1182/1162 694/1179/1159
f 1871/1167/1147 1682/1176/1156 3491/1170/1150
f 1822/1161/1141 1870/1168/1148 1824/1162/1142
f 1682/1176/1156 1823/1169/1149 1815/1175/1155
f 264/1181/1161 1808/1180/1160 1809/1183/1163
f 3491/1170/1150 2923/1184/1164 1667/1171/1151
f 1444/1185/1165 694/1179/1159 1945/1182/1162
f 1810/1186/1166 264/1181/1161 1809/1183/1163
f 2637/1187/1167 264/1181/1161 1825/1188/1168
f 1823/1169/1149 1817/1153/1133 1826/1159/1139
f 1825/1188/1168 1879/1189/1169 2637/1187/1167
f 1810/1186/1166 1825/1188/1168 264/1181/1161
f 1810/1186/1166 1835/1190/1170 1825/1188/1168
f 1835/1190/1170 1879/1189/1169 1825/1188/1168
f 761/1094/1074 762/1031/1011 185/998/978
f 3490/1191/1171 3486/1192/1172 1629/1135/1115
f 180/1095/1075 185/998/978 183/1067/1047
f 1258/1087/1067 1259/1085/1065 2554/1084/1064
f 1288/1050/1030 1294/1020/1000 1268/1022/1002
f 1818/1164/1144 1681/1149/1129 1824/1162/1142
f 1288/1050/1030 1282/1007/987 1294/1020/1000
f 1826/1159/1139 2746/1160/1140 1877/1166/1146
f 1258/1087/1067 2572/1058/1038 1259/1085/1065
f 2808/1133/1113 1632/1142/1122 1631/1138/1118
f 1682/1176/1156 1815/1175/1155 1699/1193/1173
f 1301/1009/989 3336/1038/1018 3235/990/970
f 3102/994/974 1322/1011/991 3061/999/979
f 2574/1002/982 1274/1001/981 3261/1194/1174
f 2071/1195/1175 2084/1196/1176 509/911/891
f 1287/981/961 1302/989/969 1282/1007/987
f 1677/1197/1177 1718/1198/1178 1675/1199/1179
f 3080/1008/988 1253/1033/1013 1270/1005/985
f 1699/1193/1173 2864/1200/1180 1682/1176/1156
f 3080/1008/988 1271/1021/1001 1294/1020/1000
f 1297/1069/1049 1343/1027/1007 1341/1078/1058
f 1867/1201/1181 1699/1193/1173 1815/1175/1155
f 1676/1202/1182 1699/1193/1173 1674/1203/1183
f 1287/981/961 1288/1050/1030 2550/982/962
f 1286/1045/1025 1270/1005/985 2591/1004/984
f 1685/1204/1184 2052/1205/1185 1869/1206/1186
f 3144/991/971 1288/1050/1030 1291/1015/995
f 1468/967/947 2591/1004/984 3255/1042/1022
f 2573/1035/1015 2572/1058/1038 1292/1025/1005
f 3120/1062/1042 3207/1024/1004 3078/1046/1026
f 3144/991/971 1296/983/963 2550/982/962
f 1867/1201/1181 1674/1203/1183 1699/1193/1173
f 2579/1052/1032 2670/1030/1010 2587/1064/1044
f 1675/1199/1179 2052/1205/1185 1685/1204/1184
f 1883/1163/1143 1845/1207/1187 1864/1156/1136
f 3144/991/971 1299/1043/1023 3235/990/970
f 2965/1208/1188 1674/1203/1183 2052/1205/1185
f 2480/1053/1033 1329/1012/992 1263/986/966
f 1303/1039/1019 3172/993/973 1242/1037/1017
f 2589/965/945 1420/1041/1021 1532/1040/1020
f 1287/981/961 2785/987/967 1302/989/969
f 1629/1135/1115 1611/1134/1114 3490/1191/1171
f 1674/1203/1183 1867/1201/1181 2052/1205/1185
f 3235/990/970 3336/1038/1018 2785/987/967
f 1687/1209/1189 1677/1197/1177 1796/931/911
f 426/1210/1190 427/1089/1069 1267/1092/1072
f 1888/1136/1116 2743/1137/1117 2555/1143/1123
f 1677/1197/1177 1678/1211/1191 1679/955/935
f 1299/1043/1023 1340/1014/994 3235/990/970
f 1685/1204/1184 1678/1211/1191 1675/1199/1179
f 1629/1135/1115 3486/1192/1172 2743/1137/1117
f 2052/1205/1185 1675/1199/1179 2965/1208/1188
f 1747/959/939 1722/1212/1192 1791/960/940
f 1690/1213/1193 1742/1214/1194 1781/1215/1195
f 2930/1216/1196 1684/1217/1197 1676/1202/1182
f 3120/1062/1042 3078/1046/1026 1286/1045/1025
f 1796/931/911 1792/958/938 1782/1218/1198
f 3244/1029/1009 1293/1079/1059 2567/1101/1081
f 1676/1202/1182 1690/1213/1193 2930/1216/1196
f 1824/1162/1142 1821/1148/1128 1822/1161/1141
f 1677/1197/1177 1679/955/935 1714/913/893
f 1718/1198/1178 1742/1214/1194 2965/1208/1188
f 1634/1151/1131 1885/1150/1130 1681/1149/1129
f 1268/1022/1002 1262/1016/996 1288/1050/1030
f 3144/991/971 2550/982/962 1288/1050/1030
f 1286/1045/1025 2591/1004/984 1468/967/947
f 1742/1214/1194 1690/1213/1193 1676/1202/1182
f 1690/1213/1193 1781/1215/1195 2930/1216/1196
f 1323/1081/1061 1309/1074/1054 1312/1000/980
f 2052/1205/1185 1867/1201/1181 1869/1206/1186
f 3120/1062/1042 2573/1035/1015 3207/1024/1004
f 1699/1193/1173 1676/1202/1182 2864/1200/1180
f 1381/1080/1060 1262/1016/996 3054/1060/1040
f 2534/1102/1082 764/1032/1012 2533/1177/1157
f 2820/1219/1199 1780/1220/1200 1781/1215/1195
f 1817/1153/1133 3043/1147/1127 1826/1159/1139
f 1299/1043/1023 3144/991/971 2961/1019/999
f 1848/1145/1125 1845/1207/1187 1883/1163/1143
f 1837/1057/1037 3467/1076/1056 1305/1054/1034
f 3491/1170/1150 1682/1176/1156 2864/1200/1180
f 1333/1026/1006 1382/985/965 2536/1017/997
f 2820/1219/1199 1742/1214/1194 1718/1198/1178
f 3120/1062/1042 1286/1045/1025 2588/966/946
f 1268/1022/1002 1271/1021/1001 1292/1025/1005
f 1636/1139/1119 3490/1191/1171 1611/1134/1114
f 1675/1199/1179 1718/1198/1178 2965/1208/1188
f 1687/1209/1189 1782/1218/1198 2820/1219/1199
f 1816/1174/1154 2711/1155/1135 1866/1158/1138
f 1675/1199/1179 1678/1211/1191 1677/1197/1177
f 1792/958/938 1791/960/940 1782/1218/1198
f 2965/1208/1188 1742/1214/1194 1676/1202/1182
f 1286/1045/1025 1468/967/947 2588/966/946
f 1819/1141/1121 2555/1143/1123 1848/1145/1125
f 1782/1218/1198 1687/1209/1189 1796/931/911
f 1869/1206/1186 1867/1201/1181 1816/1174/1154
f 948/1221/1201 801/1222/423 988/1223/335
f 1631/1138/1118 1885/1150/1130 1607/1140/1120
f 1674/1203/1183 2965/1208/1188 1676/1202/1182
f 2820/1219/1199 1781/1215/1195 1742/1214/1194
f 1845/1207/1187 1848/1145/1125 2557/1144/1124
f 1677/1197/1177 1687/1209/1189 1718/1198/1178
f 801/1222/423 948/1221/1201 927/1224/1202
f 1822/1161/1141 1817/1153/1133 1823/1169/1149
f 1791/960/940 1722/1212/1192 1782/1218/1198
f 978/1225/1203 927/1224/1202 948/1221/1201
f 1271/1021/1001 3078/1046/1026 3207/1024/1004
f 2864/1200/1180 1676/1202/1182 1684/1217/1197
f 1320/1111/1091 1323/1081/1061 3059/1082/1062
f 3061/999/979 1315/1075/1055 1312/1000/980
f 1255/1059/1039 1257/1061/1041 1268/1022/1002
f 2961/1019/999 1290/1044/1024 1299/1043/1023
f 1259/1085/1065 2572/1058/1038 2553/1034/1014
f 1687/1209/1189 2820/1219/1199 1718/1198/1178
f 1816/1174/1154 1815/1175/1155 1877/1166/1146
f 1867/1201/1181 1815/1175/1155 1816/1174/1154
f 1848/1145/1125 2746/1160/1140 1819/1141/1121
f 2820/1219/1199 1782/1218/1198 1780/1220/1200
f 1869/1206/1186 1816/1174/1154 1853/1226/1204
f 1869/1206/1186 1853/1226/1204 1873/1227/1205
f 1866/1158/1138 1893/1228/1206 1853/1226/1204
f 1893/1228/1206 1873/1227/1205 1853/1226/1204
f 1685/1204/1184 1869/1206/1186 1873/1227/1205
f 1866/1158/1138 1921/1157/1137 1893/1228/1206
f 2762/1229/1207 1921/1157/1137 1878/1230/1208
f 1873/1227/1205 1893/1228/1206 1833/1231/1209
f 1833/1231/1209 1685/1204/1184 1873/1227/1205
f 1962/1232/1210 1383/1233/1211 1897/1234/1212
f 2783/1099/1079 2994/1091/1071 1550/1235/1213
f 2762/1229/1207 1893/1228/1206 1921/1157/1137
f 2762/1229/1207 1878/1230/1208 1892/1236/1214
f 1905/1237/1215 1833/1231/1209 1893/1228/1206
f 1897/1234/1212 1913/1238/1216 1962/1232/1210
f 2783/1099/1079 1550/1235/1213 3167/1239/1217
f 1266/1240/1218 3030/1086/1066 2783/1099/1079
f 1550/1235/1213 1522/1241/1219 3167/1239/1217
f 1892/1236/1214 1924/1242/1220 1891/1243/1221
f 1905/1237/1215 1893/1228/1206 2762/1229/1207
f 1835/1190/1170 1833/1231/1209 1863/1244/1222
f 3250/1071/1051 3030/1086/1066 3212/1245/1223
f 1522/1241/1219 2533/1177/1157 2528/1246/1224
f 1913/1238/1216 1897/1234/1212 1889/1247/1225
f 1899/1100/1080 1897/1234/1212 1881/1072/1052
f 1959/1248/1226 1293/1079/1059 3250/1071/1051
f 3030/1086/1066 1266/1240/1218 2542/1249/1227
f 1522/1241/1219 2528/1246/1224 2559/1250/1228
f 1913/1238/1216 1889/1247/1225 1923/1251/1229
f 1913/1238/1216 1891/1243/1221 1924/1242/1220
f 2762/1229/1207 1891/1243/1221 1905/1237/1215
f 1550/1235/1213 2533/1177/1157 1522/1241/1219
f 1884/1252/1230 1863/1244/1222 1905/1237/1215
f 1835/1190/1170 1863/1244/1222 1879/1189/1169
f 1959/1248/1226 3250/1071/1051 3212/1245/1223
f 1889/1247/1225 1897/1234/1212 1903/1253/1231
f 1896/1254/1232 1899/1100/1080 2567/1101/1081
f 1910/1255/1233 1293/1079/1059 1959/1248/1226
f 2542/1249/1227 2543/1256/1234 3212/1245/1223
f 2994/1091/1071 2533/1177/1157 1550/1235/1213
f 3167/1239/1217 1955/1257/1235 1266/1240/1218
f 1958/1258/1236 2628/1259/1237 1862/1260/1238
f 1903/1253/1231 1923/1251/1229 1889/1247/1225
f 1266/1240/1218 1960/1261/1239 2542/1249/1227
f 1913/1238/1216 1923/1251/1229 1891/1243/1221
f 2543/1256/1234 1959/1248/1226 3212/1245/1223
f 1903/1253/1231 1897/1234/1212 1896/1254/1232
f 1896/1254/1232 2567/1101/1081 1910/1255/1233
f 2541/1262/1240 2540/1263/1241 2552/1264/1242
f 2542/1249/1227 1960/1261/1239 2543/1256/1234
f 1879/1189/1169 1863/1244/1222 1884/1252/1230
f 2546/1123/1103 2552/1264/1242 2598/1265/1243
f 1947/1266/1244 1957/1267/1245 2622/1268/1246
f 2545/1269/1247 2541/1262/1240 2552/1264/1242
f 1863/1244/1222 1833/1231/1209 1905/1237/1215
f 2548/1270/1248 2559/1250/1228 2544/1271/1249
f 2541/1262/1240 2544/1271/1249 2540/1263/1241
f 3167/1239/1217 1522/1241/1219 2559/1250/1228
f 1884/1252/1230 1891/1243/1221 1923/1251/1229
f 1903/1253/1231 1896/1254/1232 1862/1260/1238
f 1835/1190/1170 1685/1204/1184 1833/1231/1209
f 1862/1260/1238 2628/1259/1237 1898/1272/1250
f 2551/1129/1109 2657/1273/1251 2552/1264/1242
f 1855/1274/1252 1896/1254/1232 1910/1255/1233
f 1892/1236/1214 1891/1243/1221 2762/1229/1207
f 2542/1249/1227 3212/1245/1223 3030/1086/1066
f 1960/1261/1239 1956/1275/1253 2543/1256/1234
f 1955/1257/1235 2549/1276/1254 1960/1261/1239
f 1955/1257/1235 1960/1261/1239 1266/1240/1218
f 1855/1274/1252 1959/1248/1226 2543/1256/1234
f 1855/1274/1252 3218/1277/1255 1958/1258/1236
f 2541/1262/1240 2545/1269/1247 2657/1273/1251
f 2544/1271/1249 2541/1262/1240 2548/1270/1248
f 1865/1154/1134 1878/1230/1208 1921/1157/1137
f 2559/1250/1228 2548/1270/1248 2549/1276/1254
f 1884/1252/1230 1923/1251/1229 2504/1278/1256
f 1898/1272/1250 1923/1251/1229 1903/1253/1231
f 2540/1263/1241 2598/1265/1243 2552/1264/1242
f 1947/1266/1244 1946/1279/1257 3218/1277/1255
f 2546/1123/1103 2551/1129/1109 2552/1264/1242
f 264/1181/1161 1937/1280/1258 1945/1182/1162
f 2637/1187/1167 1884/1252/1230 1925/1281/1259
f 1956/1275/1253 1855/1274/1252 2543/1256/1234
f 1897/1234/1212 1899/1100/1080 1896/1254/1232
f 1956/1275/1253 1960/1261/1239 1957/1267/1245
f 1949/1282/1260 1923/1251/1229 1898/1272/1250
f 2528/1246/1224 2544/1271/1249 2559/1250/1228
f 2549/1276/1254 1957/1267/1245 1960/1261/1239
f 1816/1174/1154 1866/1158/1138 1853/1226/1204
f 2548/1270/1248 1954/1283/1261 2549/1276/1254
f 1949/1282/1260 2504/1278/1256 1923/1251/1229
f 1862/1260/1238 1896/1254/1232 1855/1274/1252
f 2657/1273/1251 2548/1270/1248 2541/1262/1240
f 1925/1281/1259 1937/1280/1258 2637/1187/1167
f 1934/1284/1262 2838/1285/1263 1928/1286/1264
f 1949/1282/1260 2628/1259/1237 1951/1287/1265
f 1947/1266/1244 1956/1275/1253 1957/1267/1245
f 1879/1189/1169 1884/1252/1230 2637/1187/1167
f 1927/1288/1266 1945/1182/1162 1937/1280/1258
f 1947/1266/1244 3218/1277/1255 1956/1275/1253
f 1855/1274/1252 1910/1255/1233 1959/1248/1226
f 2657/1273/1251 1954/1283/1261 2548/1270/1248
f 1383/1233/1211 1881/1072/1052 1897/1234/1212
f 1956/1275/1253 3218/1277/1255 1855/1274/1252
f 1855/1274/1252 1958/1258/1236 1862/1260/1238
f 1951/1287/1265 2504/1278/1256 1949/1282/1260
f 1953/1289/1267 2657/1273/1251 2561/1290/1268
f 1937/1280/1258 1925/1281/1259 1927/1288/1266
f 1927/1288/1266 2504/1278/1256 1951/1287/1265
f 1898/1272/1250 1903/1253/1231 1862/1260/1238
f 2657/1273/1251 1953/1289/1267 1954/1283/1261
f 2504/1278/1256 1925/1281/1259 1884/1252/1230
f 1934/1284/1262 1945/1182/1162 1927/1288/1266
f 1954/1283/1261 1957/1267/1245 2549/1276/1254
f 1958/1258/1236 1951/1287/1265 2628/1259/1237
f 1946/1279/1257 1958/1258/1236 3218/1277/1255
f 2838/1285/1263 1934/1284/1262 1927/1288/1266
f 1934/1284/1262 1444/1185/1165 1945/1182/1162
f 1947/1266/1244 2622/1268/1246 1946/1279/1257
f 2777/1291/1269 1944/1131/1111 1852/1130/1110
f 1953/1289/1267 1944/1131/1111 2777/1291/1269
f 2549/1276/1254 1955/1257/1235 2559/1250/1228
f 1913/1238/1216 1924/1242/1220 1962/1232/1210
f 2777/1291/1269 1852/1130/1110 1444/1185/1165
f 2838/1285/1263 1946/1279/1257 1928/1286/1264
f 1953/1289/1267 2561/1290/1268 1944/1131/1111
f 1928/1286/1264 1953/1289/1267 2777/1291/1269
f 1807/1128/1108 1444/1185/1165 1852/1130/1110
f 1898/1272/1250 2628/1259/1237 1949/1282/1260
f 1954/1283/1261 1953/1289/1267 2622/1268/1246
f 1910/1255/1233 2567/1101/1081 1293/1079/1059
f 2838/1285/1263 1927/1288/1266 1951/1287/1265
f 1891/1243/1221 1884/1252/1230 1905/1237/1215
f 2657/1273/1251 2551/1129/1109 2561/1290/1268
f 1958/1258/1236 1946/1279/1257 2838/1285/1263
f 2622/1268/1246 1928/1286/1264 1946/1279/1257
f 2622/1268/1246 1953/1289/1267 1928/1286/1264
f 1925/1281/1259 2504/1278/1256 1927/1288/1266
f 1958/1258/1236 2838/1285/1263 1951/1287/1265
f 1957/1267/1245 1954/1283/1261 2622/1268/1246
f 1444/1185/1165 1934/1284/1262 2777/1291/1269
f 2559/1250/1228 1955/1257/1235 3167/1239/1217
f 2561/1290/1268 2551/1129/1109 1944/1131/1111
f 1266/1240/1218 2783/1099/1079 3167/1239/1217
f 2552/1264/1242 2657/1273/1251 2545/1269/1247
f 1924/1242/1220 1892/1236/1214 1878/1230/1208
f 2637/1187/1167 1937/1280/1258 264/1181/1161
f 1934/1284/1262 1928/1286/1264 2777/1291/1269
f 2587/1064/1044 1420/1041/1021 2576/1063/1043
f 1397/1292/1270 1427/1293/1271 1434/1294/1272
f 2575/1090/1070 2534/1102/1082 2533/1177/1157
f 770/1295/1273 965/1173/1153 976/1049/1029
f 1900/1296/1274 2712/1297/1275 1384/1298/1276
f 2480/1053/1033 1304/1010/990 1298/1013/993
f 1329/1012/992 2480/1053/1033 1298/1013/993
f 1282/1007/987 1302/989/969 3171/995/975
f 2785/987/967 3336/1038/1018 1281/1018/998
f 2038/1299/1277 2786/953/933 2836/952/932
f 2576/1063/1043 2470/1300/1278 3314/1301/1279
f 3255/1042/1022 2470/1300/1278 1468/967/947
f 2576/1063/1043 3314/1301/1279 768/1093/1073
f 3378/943/923 2024/1302/1280 2092/944/924
f 166/1303/337 434/1304/315 2527/1305/1281
f 768/1093/1073 269/1306/1282 770/1295/1273
f 768/1093/1073 770/1295/1273 976/1049/1029
f 344/1307/1283 770/1295/1273 978/1225/1203
f 2069/1308/1284 2079/1309/1285 2084/1196/1176
f 419/1310/1286 184/997/977 344/1307/1283
f 2574/1002/982 2554/1084/1064 2553/1034/1014
f 3102/994/974 3172/993/973 1322/1011/991
f 1370/1311/1287 3521/1312/1288 3000/1313/1289
f 2670/1030/1010 1564/996/976 762/1031/1011
f 183/1067/1047 184/997/977 419/1310/1286
f 181/1314/1290 2527/1305/1281 180/1095/1075
f 1365/1315/1291 3521/1312/1288 1108/1316/1292
f 948/1221/1201 182/1317/1293 344/1307/1283
f 182/1317/1293 988/1223/335 747/1318/334
f 172/1319/338 181/1314/1290 747/1318/334
f 3017/1320/1294 3024/1321/1295 1379/1322/1296
f 2480/1053/1033 3142/1073/1053 1335/1068/1048
f 747/1318/334 181/1314/1290 182/1317/1293
f 2470/1300/1278 2589/965/945 1468/967/947
f 3080/1008/988 1270/1005/985 3078/1046/1026
f 2080/1323/1297 2131/1324/1298 2075/1325/1299
f 1132/1326/1300 1370/1311/1287 1345/1327/1301
f 1438/1328/1302 1365/1315/1291 1108/1316/1292
f 1362/1329/1303 1108/1316/1292 3521/1312/1288
f 2153/973/953 1969/972/952 2004/979/959
f 2170/970/950 2410/974/954 2147/978/958
f 181/1314/1290 172/1319/338 2527/1305/1281
f 3024/1321/1295 1319/1108/1088 3421/1330/1304
f 1992/980/960 1969/972/952 2388/1331/1305
f 2020/950/930 2148/968/948 2171/881/861
f 2003/948/928 2153/973/953 2170/970/950
f 2155/969/949 2148/968/948 2150/977/957
f 1379/1322/1296 3310/1332/1306 1132/1326/1300
f 1364/1333/1307 2064/1334/1308 2147/978/958
f 1132/1326/1300 1373/1335/1309 1370/1311/1287
f 1462/1336/1310 1108/1316/1292 1362/1329/1303
f 1362/1329/1303 1440/1337/1311 1462/1336/1310
f 180/1095/1075 183/1067/1047 181/1314/1290
f 1851/1338/1312 3129/1339/1313 1330/1070/1050
f 3129/1339/1313 1895/1098/1078 1330/1070/1050
f 1112/1340/1314 1440/1337/1311 1370/1311/1287
f 1379/1322/1296 3464/1341/1315 3310/1332/1306
f 3423/1342/1316 3464/1341/1315 3421/1330/1304
f 2126/1343/1317 2094/1344/1318 2078/1345/1319
f 419/1310/1286 181/1314/1290 183/1067/1047
f 2078/1345/1319 2169/1346/1320 2079/1309/1285
f 2410/974/954 2004/979/959 2411/975/955
f 3521/1312/1288 1370/1311/1287 1362/1329/1303
f 1383/1233/1211 1851/1338/1312 1881/1072/1052
f 1929/1347/1321 1900/1296/1274 1384/1298/1276
f 1340/1014/994 1290/1044/1024 1329/1012/992
f 1112/1340/1314 1370/1311/1287 1373/1335/1309
f 1263/986/966 1382/985/965 1343/1027/1007
f 3120/1062/1042 2588/966/946 3181/1036/1016
f 3496/1348/1322 3519/1349/1323 3518/1350/1324
f 1108/1316/1292 1462/1336/1310 3519/1349/1323
f 2170/970/950 2064/1334/1308 2150/977/957
f 2527/1305/1281 172/1319/338 166/1303/337
f 344/1307/1283 184/997/977 965/1173/1153
f 2148/968/948 2141/954/934 2035/945/925
f 2058/908/888 509/911/891 2084/1196/1176
f 1360/1351/1325 3464/1341/1315 3423/1342/1316
f 344/1307/1283 182/1317/1293 419/1310/1286
f 1384/1298/1276 2592/1352/1326 1929/1347/1321
f 3464/1341/1315 1360/1351/1325 3310/1332/1306
f 1263/986/966 1343/1027/1007 1297/1069/1049
f 2170/970/950 2004/979/959 2410/974/954
f 1257/1061/1041 1262/1016/996 1268/1022/1002
f 948/1221/1201 988/1223/335 182/1317/1293
f 182/1317/1293 181/1314/1290 419/1310/1286
f 1929/1347/1321 2592/1352/1326 1922/1353/1327
f 2020/950/930 2003/948/928 2148/968/948
f 1132/1326/1300 3310/1332/1306 1373/1335/1309
f 1396/1354/1328 3129/1339/1313 1851/1338/1312
f 1383/1233/1211 1901/1355/1329 1851/1338/1312
f 3518/1350/1324 1441/1356/1330 3496/1348/1322
f 1288/1050/1030 1262/1016/996 1291/1015/995
f 1462/1336/1310 1112/1340/1314 1374/1357/1331
f 1363/976/956 2411/975/955 1992/980/960
f 2024/1302/1280 3355/1358/1332 2075/1325/1299
f 1992/980/960 2388/1331/1305 1363/976/956
f 2592/1352/1326 1396/1354/1328 1851/1338/1312
f 1305/1054/1034 1335/1068/1048 1837/1057/1037
f 1396/1354/1328 1342/1104/1084 3129/1339/1313
f 1339/1359/1333 1347/1172/1152 3449/1097/1077
f 1349/1360/1334 1360/1351/1325 3423/1342/1316
f 1361/1361/1335 1349/1360/1334 3423/1342/1316
f 502/1110/1090 1361/1361/1335 3423/1342/1316
f 2470/1300/1278 3255/1042/1022 3314/1301/1279
f 2004/979/959 1969/972/952 1992/980/960
f 3356/1362/1336 3355/1358/1332 2024/1302/1280
f 1292/1025/1005 1255/1059/1039 1268/1022/1002
f 2583/1048/1028 966/1047/1027 2579/1052/1032
f 965/1173/1153 770/1295/1273 344/1307/1283
f 1929/1347/1321 1922/1353/1327 1901/1355/1329
f 1348/1363/1337 3449/1097/1077 1357/1055/1035
f 1901/1355/1329 1383/1233/1211 1962/1232/1210
f 1112/1340/1314 522/1364/1338 1490/1365/1339
f 2147/978/958 1363/976/956 1364/1333/1307
f 1384/1298/1276 1842/1366/1340 2592/1352/1326
f 3310/1332/1306 1371/1367/1341 522/1364/1338
f 1441/1356/1330 3518/1350/1324 1426/1368/1342
f 2576/1063/1043 2589/965/945 2470/1300/1278
f 1402/1369/1343 1443/1370/1344 1387/1371/1345
f 3014/1372/1346 2539/1373/1347 2712/1297/1275
f 3449/1097/1077 1348/1363/1337 1339/1359/1333
f 1371/1367/1341 1360/1351/1325 1366/1374/1348
f 1366/1374/1348 1360/1351/1325 1349/1360/1334
f 2786/953/933 3394/1375/1349 2126/1343/1317
f 1440/1337/1311 1112/1340/1314 1462/1336/1310
f 1361/1361/1335 1882/1376/1350 1349/1360/1334
f 770/1295/1273 780/1377/1351 978/1225/1203
f 269/1306/1282 780/1377/1351 770/1295/1273
f 2170/970/950 2147/978/958 2064/1334/1308
f 948/1221/1201 344/1307/1283 978/1225/1203
f 1352/1106/1086 1348/1363/1337 1357/1055/1035
f 3464/1341/1315 3024/1321/1295 3421/1330/1304
f 3013/1378/1352 2633/1379/1353 1906/1380/1354
f 2153/973/953 2004/979/959 2170/970/950
f 2836/952/932 1794/951/931 1719/872/852
f 1918/1381/1355 1409/1382/1356 1391/1383/1357
f 1384/1298/1276 2712/1297/1275 1404/1384/1358
f 522/1364/1338 1442/1385/1359 1490/1365/1339
f 1737/873/853 1719/872/852 1794/951/931
f 1371/1367/1341 1442/1385/1359 522/1364/1338
f 1339/1359/1333 1336/1386/1360 1337/1387/1361
f 1374/1357/1331 1426/1368/1342 3518/1350/1324
f 1336/1386/1360 1348/1363/1337 1352/1106/1086
f 1438/1328/1302 1108/1316/1292 3519/1349/1323
f 1372/1388/1362 1371/1367/1341 1366/1374/1348
f 1708/906/886 1693/903/883 1707/907/887
f 1882/1376/1350 1366/1374/1348 1349/1360/1334
f 1403/1389/1363 1387/1371/1345 1443/1370/1344
f 1361/1361/1335 1355/1390/1364 1882/1376/1350
f 2029/938/918 2031/957/937 2032/964/944
f 1890/1391/1365 1839/1392/1366 1408/1393/1367
f 3014/1372/1346 1900/1296/1274 1901/1355/1329
f 3538/1394/1368 1443/1370/1344 3230/1395/1369
f 3014/1372/1346 1962/1232/1210 2697/1396/1370
f 3421/1330/1304 1319/1108/1088 3423/1342/1316
f 1442/1385/1359 3025/1397/1371 1490/1365/1339
f 1708/906/886 1694/878/858 1693/903/883
f 1374/1357/1331 3539/1398/1372 3034/1399/1373
f 1374/1357/1331 1429/1400/1374 1426/1368/1342
f 1851/1338/1312 1901/1355/1329 1922/1353/1327
f 1424/1116/1096 1426/1368/1342 1429/1400/1374
f 1714/913/893 1796/931/911 1677/1197/1177
f 1372/1388/1362 1366/1374/1348 1377/1401/1375
f 3519/1349/1323 1462/1336/1310 3518/1350/1324
f 1356/1402/1376 1355/1390/1364 1337/1387/1361
f 2364/884/864 2154/886/866 952/919/899
f 1490/1365/1339 1374/1357/1331 1112/1340/1314
f 1366/1374/1348 1882/1376/1350 1377/1401/1375
f 1379/1322/1296 1345/1327/1301 3017/1320/1294
f 1612/1118/1098 3276/1114/1094 1475/1403/1377
f 3478/875/855 1719/872/852 1789/874/854
f 1377/1401/1375 1356/1402/1376 1385/1404/1378
f 1792/958/938 1796/931/911 2001/933/913
f 1416/1405/1379 1475/1403/1377 1507/1117/1097
f 3014/1372/1346 2712/1297/1275 1900/1296/1274
f 2969/898/878 1693/903/883 2687/920/900
f 3014/1372/1346 2697/1396/1370 2539/1373/1347
f 1847/1406/1380 1839/1392/1366 1846/1407/1381
f 1797/899/879 2969/898/878 2687/920/900
f 1445/1408/1382 3025/1397/1371 1442/1385/1359
f 3539/1398/1372 3538/1394/1368 3034/1399/1373
f 3025/1397/1371 3538/1394/1368 3539/1398/1372
f 1900/1296/1274 1929/1347/1321 1901/1355/1329
f 1427/1293/1271 1418/1409/1383 1434/1294/1272
f 1418/1409/1383 1424/1116/1096 1429/1400/1374
f 1374/1357/1331 3518/1350/1324 1462/1336/1310
f 1372/1388/1362 1377/1401/1375 1368/1410/1384
f 3034/1399/1373 1429/1400/1374 1374/1357/1331
f 1796/931/911 1714/913/893 2950/900/880
f 1434/1294/1272 3230/1395/1369 1398/1411/1385
f 1356/1402/1376 1337/1387/1361 1385/1404/1378
f 1882/1376/1350 1356/1402/1376 1377/1401/1375
f 1418/1409/1383 1417/1112/1092 1424/1116/1096
f 1385/1404/1378 1337/1387/1361 1336/1386/1360
f 1475/1403/1377 3276/1114/1094 1507/1117/1097
f 1967/961/941 2580/923/903 2566/1412/1386
f 1799/941/921 1802/936/916 2661/939/919
f 1372/1388/1362 1442/1385/1359 1371/1367/1341
f 1710/1127/1107 1711/1120/1100 1692/879/859
f 1319/1108/1088 502/1110/1090 3423/1342/1316
f 3025/1397/1371 1445/1408/1382 1443/1370/1344
f 1402/1369/1343 1387/1371/1345 1386/1413/1387
f 1901/1355/1329 1962/1232/1210 3014/1372/1346
f 1445/1408/1382 1372/1388/1362 1403/1389/1363
f 932/929/909 2143/946/926 2059/930/910
f 1342/1104/1084 1396/1354/1328 2592/1352/1326
f 1368/1410/1384 1403/1389/1363 1372/1388/1362
f 2539/1373/1347 2697/1396/1370 1924/1242/1220
f 3310/1332/1306 522/1364/1338 1373/1335/1309
f 1427/1293/1271 1417/1112/1092 1418/1409/1383
f 3230/1395/1369 3034/1399/1373 3538/1394/1368
f 1355/1390/1364 1347/1172/1152 1339/1359/1333
f 3538/1394/1368 3025/1397/1371 1443/1370/1344
f 3230/1395/1369 1429/1400/1374 3034/1399/1373
f 1403/1389/1363 1443/1370/1344 1445/1408/1382
f 1336/1386/1360 1842/1366/1340 1385/1404/1378
f 3025/1397/1371 3539/1398/1372 1490/1365/1339
f 1377/1401/1375 1387/1371/1345 1368/1410/1384
f 2592/1352/1326 1352/1106/1086 1342/1104/1084
f 1418/1409/1383 1429/1400/1374 1434/1294/1272
f 1373/1335/1309 522/1364/1338 1112/1340/1314
f 1693/903/883 1703/890/870 2687/920/900
f 1908/1414/1388 2539/1373/1347 1924/1242/1220
f 2539/1373/1347 1906/1380/1354 2712/1297/1275
f 1998/912/892 2026/949/929 2002/883/863
f 1336/1386/1360 1352/1106/1086 2592/1352/1326
f 1403/1389/1363 1368/1410/1384 1387/1371/1345
f 1427/1293/1271 1415/1115/1095 1417/1112/1092
f 1429/1400/1374 3230/1395/1369 1434/1294/1272
f 2633/1379/1353 3013/1378/1352 1846/1407/1381
f 1432/1415/1389 1607/1140/1120 1416/1405/1379
f 1395/1416/1390 1385/1404/1378 1842/1366/1340
f 1856/1417/1391 1806/1418/1392 1694/878/858
f 1846/1407/1381 1839/1392/1366 2633/1379/1353
f 1387/1371/1345 1377/1401/1375 1385/1404/1378
f 1432/1415/1389 1416/1405/1379 1507/1117/1097
f 1390/1419/1393 1938/1420/1394 1854/1421/1395
f 1605/1422/1396 1636/1139/1119 1607/1140/1120
f 1805/937/917 694/1179/1159 1856/1417/1391
f 1908/1414/1388 1924/1242/1220 3013/1378/1352
f 1404/1384/1358 2712/1297/1275 1906/1380/1354
f 1856/1417/1391 1694/878/858 1805/937/917
f 1443/1370/1344 1402/1369/1343 3230/1395/1369
f 1391/1383/1357 1385/1404/1378 1395/1416/1390
f 1387/1371/1345 1385/1404/1378 1391/1383/1357
f 1906/1380/1354 2539/1373/1347 1908/1414/1388
f 1433/1423/1397 1432/1415/1389 1507/1117/1097
f 1636/1139/1119 1624/1424/1398 3490/1191/1171
f 1336/1386/1360 2592/1352/1326 1842/1366/1340
f 3129/1339/1313 1342/1104/1084 1895/1098/1078
f 1607/1140/1120 1432/1415/1389 1605/1422/1396
f 1847/1406/1380 1845/1207/1187 2557/1144/1124
f 1807/1128/1108 1700/963/943 1806/1418/1392
f 1379/1322/1296 3024/1321/1295 3464/1341/1315
f 1415/1115/1095 1397/1292/1270 1421/1425/1399
f 1398/1411/1385 1397/1292/1270 1434/1294/1272
f 1433/1423/1397 1415/1115/1095 1421/1425/1399
f 1431/1113/1093 1433/1423/1397 1507/1117/1097
f 1421/1425/1399 1397/1292/1270 1398/1411/1385
f 1918/1381/1355 1391/1383/1357 1395/1416/1390
f 1872/1426/1400 1840/1427/1401 310/1428/1402
f 3512/1429/1403 2555/1143/1123 2743/1137/1117
f 1938/1420/1394 1605/1422/1396 1432/1415/1389
f 694/1179/1159 1806/1418/1392 1856/1417/1391
f 1477/1430/1404 1399/1431/1405 1386/1413/1387
f 3013/1378/1352 1878/1230/1208 1846/1407/1381
f 1337/1387/1361 1355/1390/1364 1339/1359/1333
f 1842/1366/1340 1384/1298/1276 1404/1384/1358
f 1912/1432/1406 1906/1380/1354 1839/1392/1366
f 1399/1431/1405 1398/1411/1385 1402/1369/1343
f 1444/1185/1165 1806/1418/1392 694/1179/1159
f 1415/1115/1095 1433/1423/1397 1431/1113/1093
f 1372/1388/1362 1445/1408/1382 1442/1385/1359
f 1345/1327/1301 1379/1322/1296 1132/1326/1300
f 1864/1156/1136 1878/1230/1208 1865/1154/1134
f 1854/1421/1395 1433/1423/1397 1421/1425/1399
f 1374/1357/1331 1490/1365/1339 3539/1398/1372
f 1700/963/943 1694/878/858 1806/1418/1392
f 1336/1386/1360 1339/1359/1333 1348/1363/1337
f 502/1110/1090 1347/1172/1152 1355/1390/1364
f 1386/1413/1387 1387/1371/1345 1409/1382/1356
f 1938/1420/1394 1432/1415/1389 1854/1421/1395
f 1605/1422/1396 1938/1420/1394 3490/1191/1171
f 1924/1242/1220 1878/1230/1208 3013/1378/1352
f 1846/1407/1381 1845/1207/1187 1847/1406/1380
f 1444/1185/1165 1807/1128/1108 1806/1418/1392
f 1845/1207/1187 1846/1407/1381 1864/1156/1136
f 1808/1180/1160 694/1179/1159 1805/937/917
f 3519/1349/1323 3496/1348/1322 1438/1328/1302
f 1872/1426/1400 1389/1433/1407 1477/1430/1404
f 2001/933/913 1828/876/856 1792/958/938
f 1362/1329/1303 1370/1311/1287 1440/1337/1311
f 1408/1393/1367 1839/1392/1366 1847/1406/1380
f 2086/882/862 2171/881/861 932/929/909
f 1386/1413/1387 1399/1431/1405 1402/1369/1343
f 1421/1425/1399 1398/1411/1385 1399/1431/1405
f 1840/1427/1401 1408/1393/1367 310/1428/1402
f 1624/1424/1398 1636/1139/1119 1605/1422/1396
f 1798/888/868 2532/942/922 1716/935/915
f 1371/1367/1341 3310/1332/1306 1360/1351/1325
f 1386/1413/1387 1409/1382/1356 1388/1434/1408
f 3486/1192/1172 3490/1191/1171 1938/1420/1394
f 1409/1382/1356 1387/1371/1345 1391/1383/1357
f 3486/1192/1172 3512/1429/1403 2743/1137/1117
f 509/911/891 2058/908/888 642/909/889
f 1395/1416/1390 1842/1366/1340 1404/1384/1358
f 1938/1420/1394 1390/1419/1393 1628/1435/1409
f 1409/1382/1356 1918/1381/1355 1388/1434/1408
f 1390/1419/1393 1389/1433/1407 1872/1426/1400
f 1390/1419/1393 1854/1421/1395 1389/1433/1407
f 1421/1425/1399 1399/1431/1405 1389/1433/1407
f 1388/1434/1408 1918/1381/1355 1625/1436/1410
f 1404/1384/1358 1912/1432/1406 1918/1381/1355
f 1881/1072/1052 1851/1338/1312 1330/1070/1050
f 1477/1430/1404 1386/1413/1387 1388/1434/1408
f 3230/1395/1369 1402/1369/1343 1398/1411/1385
f 2555/1143/1123 3512/1429/1403 2557/1144/1124
f 1872/1426/1400 1628/1435/1409 1390/1419/1393
f 3512/1429/1403 3486/1192/1172 1627/1437/1411
f 1918/1381/1355 1890/1391/1365 1625/1436/1410
f 1827/932/912 1797/899/879 2001/933/913
f 1906/1380/1354 1912/1432/1406 1404/1384/1358
f 1847/1406/1380 2557/1144/1124 310/1428/1402
f 1715/901/881 1692/879/859 1711/1120/1100
f 1389/1433/1407 1399/1431/1405 1477/1430/1404
f 1628/1435/1409 3486/1192/1172 1938/1420/1394
f 1789/874/854 1747/959/939 1792/958/938
f 1356/1402/1376 1882/1376/1350 1355/1390/1364
f 310/1428/1402 1627/1437/1411 1872/1426/1400
f 1627/1437/1411 2557/1144/1124 3512/1429/1403
f 1918/1381/1355 1395/1416/1390 1404/1384/1358
f 1408/1393/1367 1625/1436/1410 1890/1391/1365
f 1625/1436/1410 1477/1430/1404 1388/1434/1408
f 3486/1192/1172 1628/1435/1409 1627/1437/1411
f 1605/1422/1396 3490/1191/1171 1624/1424/1398
f 1320/1111/1091 1347/1172/1152 502/1110/1090
f 1839/1392/1366 1906/1380/1354 2633/1379/1353
f 1890/1391/1365 1918/1381/1355 1839/1392/1366
f 1627/1437/1411 310/1428/1402 2557/1144/1124
f 1415/1115/1095 1427/1293/1271 1397/1292/1270
f 1625/1436/1410 1840/1427/1401 1477/1430/1404
f 1828/876/856 1789/874/854 1792/958/938
f 3013/1378/1352 1906/1380/1354 1908/1414/1388
f 2578/915/895 2031/957/937 2580/923/903
f 1628/1435/1409 1872/1426/1400 1627/1437/1411
f 1922/1353/1327 2592/1352/1326 1851/1338/1312
f 1692/879/859 1700/963/943 1710/1127/1107
f 3000/1313/1289 1345/1327/1301 1370/1311/1287
f 1912/1432/1406 1839/1392/1366 1918/1381/1355
f 1747/959/939 1789/874/854 1737/873/853
f 502/1110/1090 1355/1390/1364 1361/1361/1335
f 1477/1430/1404 1840/1427/1401 1872/1426/1400
f 2578/915/895 1967/961/941 529/896/876
f 2697/1396/1370 1962/1232/1210 1924/1242/1220
f 1607/1140/1120 1646/1152/1132 1416/1405/1379
f 1840/1427/1401 1625/1436/1410 1408/1393/1367
f 1433/1423/1397 1854/1421/1395 1432/1415/1389
f 1854/1421/1395 1421/1425/1399 1389/1433/1407
f 1847/1406/1380 310/1428/1402 1408/1393/1367
f 1846/1407/1381 1878/1230/1208 1864/1156/1136
f 2058/908/888 2166/892/872 2142/894/874
f 2032/964/944 2578/915/895 2160/885/865
f 2364/884/864 2142/894/874 2033/893/873
f 562/927/907 2086/882/862 582/934/914
f 1801/916/896 1691/891/871 1803/925/905
f 2002/883/863 2020/950/930 2171/881/861
f 1967/961/941 2566/1412/1386 531/897/877
f 2143/946/926 3378/943/923 2059/930/910
f 2836/952/932 1719/872/852 3478/875/855
f 1799/941/921 2029/938/918 2032/964/944
f 1802/936/916 2933/940/920 2661/939/919
f 2586/922/902 2585/921/901 1715/901/881
f 1735/877/857 1801/916/896 3478/875/855
f 952/919/899 2058/908/888 2364/884/864
f 2687/920/900 1703/890/870 1691/891/871
f 1801/916/896 1717/918/898 3478/875/855
f 2836/952/932 2532/942/922 2038/1299/1277
f 2160/885/865 2578/915/895 2154/886/866
f 1691/891/871 1801/916/896 1735/877/857
f 1717/918/898 2532/942/922 1734/962/942
f 2003/948/928 2938/947/927 2153/973/953
f 1828/876/856 2001/933/913 1735/877/857
f 2563/902/882 2585/921/901 2933/940/920
f 2035/945/925 2141/954/934 2143/946/926
f 2036/917/897 1799/941/921 1717/918/898
f 1799/941/921 2661/939/919 2029/938/918
f 2038/1299/1277 2532/942/922 1730/887/867
f 2031/957/937 2578/915/895 2032/964/944
f 2564/956/936 2580/923/903 2031/957/937
f 2580/923/903 1967/961/941 2578/915/895
f 2160/885/865 2030/904/884 2032/964/944
f 1734/962/942 2836/952/932 3478/875/855
f 3394/1375/1349 2786/953/933 2038/1299/1277
f 2438/889/869 2094/1344/1318 1730/887/867
f 2169/1346/1320 2438/889/869 2166/892/872
f 2169/1346/1320 2094/1344/1318 2438/889/869
f 2098/1438/1412 2169/1346/1320 2166/892/872
f 922/1439/1413 2071/1195/1175 2072/1440/1414
f 2098/1438/1412 2058/908/888 2084/1196/1176
f 2132/1441/1415 2039/971/951 2073/1442/1416
f 509/911/891 610/910/890 2071/1195/1175
f 2072/1440/1414 2071/1195/1175 610/910/890
f 2071/1195/1175 922/1439/1413 477/1443/1417
f 3386/928/908 2072/1440/1414 610/910/890
f 2024/1302/1280 2087/1444/1418 2092/944/924
f 2072/1440/1414 3385/1445/1419 922/1439/1413
f 488/1446/1420 922/1439/1413 2131/1324/1298
f 2084/1196/1176 477/1443/1417 2069/1308/1284
f 3386/928/908 2092/944/924 3385/1445/1419
f 2087/1444/1418 922/1439/1413 3385/1445/1419
f 2094/1344/1318 2169/1346/1320 2078/1345/1319
f 3386/928/908 3385/1445/1419 2072/1440/1414
f 2024/1302/1280 2075/1325/1299 2131/1324/1298
f 2079/1309/1285 2098/1438/1412 2084/1196/1176
f 490/1447/1421 2080/1323/1297 3355/1358/1332
f 2038/1299/1277 1730/887/867 3394/1375/1349
f 1730/887/867 2094/1344/1318 3394/1375/1349
f 2092/944/924 2087/1444/1418 3385/1445/1419
f 3356/1362/1336 490/1447/1421 3355/1358/1332
f 100/1448/1422 2577/1449/1423 940/1450/1424
f 2566/1412/1386 2580/923/903 2577/1449/1423
f 2546/1123/1103 2598/1265/1243 2577/1449/1423
f 2562/1121/1101 2577/1449/1423 2580/923/903
f 2540/1263/1241 1569/1451/1425 2972/1452/1426
f 2972/1452/1426 1571/1453/1427 2598/1265/1243
f 2598/1265/1243 2540/1263/1241 2972/1452/1426
f 2566/1412/1386 2577/1449/1423 100/1448/1422
f 2577/1449/1423 2598/1265/1243 940/1450/1424
f 2566/1412/1386 100/1448/1422 531/897/877
f 2598/1265/1243 1571/1453/1427 940/1450/1424
f 2562/1121/1101 2546/1123/1103 2577/1449/1423
f 1810/1186/1166 1695/1454/1428 1835/1190/1170
f 1697/1455/1429 1679/955/935 1695/1454/1428
f 1685/1204/1184 1695/1454/1428 1678/1211/1191
f 1810/1186/1166 1809/1183/1163 1697/1455/1429
f 1695/1454/1428 1810/1186/1166 1697/1455/1429
f 1835/1190/1170 1695/1454/1428 1685/1204/1184
f 1679/955/935 1678/1211/1191 1695/1454/1428
f 1809/1183/1163 1688/1456/1430 1697/1455/1429
f 1697/1455/1429 1688/1456/1430 1679/955/935
f 1805/937/917 1809/1183/1163 1808/1180/1160
f 1708/906/886 1688/1456/1430 1805/937/917
f 1688/1456/1430 1809/1183/1163 1805/937/917
f 1689/905/885 1688/1456/1430 1708/906/886
f 3491/1170/1150 1684/1217/1197 2923/1184/1164
f 337/1457/1431 2923/1184/1164 1684/1217/1197
f 3491/1170/1150 2864/1200/1180 1684/1217/1197
f 1689/905/885 1679/955/935 1688/1456/1430
f 2930/1216/1196 337/1457/1431 1684/1217/1197
f 488/1446/1420 477/1443/1417 922/1439/1413
f 2078/1345/1319 2079/1309/1285 2069/1308/1284
f 2091/1458/1432 3356/1362/1336 2024/1302/1280
f 2166/892/872 2058/908/888 2098/1438/1412
f 2079/1309/1285 2169/1346/1320 2098/1438/1412
f 2126/1343/1317 3394/1375/1349 2094/1344/1318
f 2024/1302/1280 2073/1442/1416 2091/1458/1432
f 3378/943/923 2132/1441/1415 2073/1442/1416
f 3378/943/923 2039/971/951 2132/1441/1415
f 530/1459/1433 199/1460/1434 193/1461/1435
f 530/1459/1433 939/1462/1436 199/1460/1434
f 1571/1453/1427 2972/1452/1426 1569/1451/1425
f 192/1463/1437 199/1460/1434 200/1464/1438
f 530/1459/1433 526/1465/1439 528/1466/1440
f 193/1461/1435 526/1465/1439 530/1459/1433
f 526/1465/1439 1968/1467/1441 2947/1468/1442
f 2947/1468/1442 2043/1469/1443 528/1466/1440
f 504/1470/1444 943/1471/1445 190/1472/1446
f 200/1464/1438 749/1473/1447 192/1463/1437
f 749/1473/1447 999/1474/1448 773/1475/1449
f 943/1471/1445 760/1476/1450 1569/1451/1425
f 2061/1477/1451 1970/1478/1452 2938/947/927
f 224/1479/1453 186/1480/1454 999/1474/1448
f 526/1465/1439 2947/1468/1442 528/1466/1440
f 774/1481/1455 1017/1482/1456 773/1475/1449
f 526/1465/1439 750/1483/1457 751/1484/1458
f 1970/1478/1452 2061/1477/1451 1979/1485/1459
f 200/1464/1438 760/1476/1450 504/1470/1444
f 224/1479/1453 999/1474/1448 200/1464/1438
f 440/1486/1460 217/1487/1461 999/1474/1448
f 757/1488/1462 199/1460/1434 939/1462/1436
f 749/1473/1447 767/1489/1463 750/1483/1457
f 199/1460/1434 757/1488/1462 760/1476/1450
f 526/1465/1439 751/1484/1458 1968/1467/1441
f 207/1490/1464 440/1486/1460 186/1480/1454
f 528/1466/1440 523/895/875 530/1459/1433
f 750/1483/1457 526/1465/1439 192/1463/1437
f 1569/1451/1425 2544/1271/1249 766/1491/1465
f 504/1470/1444 760/1476/1450 943/1471/1445
f 1979/1485/1459 2043/1469/1443 1970/1478/1452
f 1970/1478/1452 2043/1469/1443 2947/1468/1442
f 774/1481/1455 773/1475/1449 217/1487/1461
f 530/1459/1433 523/895/875 531/897/877
f 1569/1451/1425 757/1488/1462 1571/1453/1427
f 940/1450/1424 757/1488/1462 939/1462/1436
f 531/897/877 100/1448/1422 939/1462/1436
f 504/1470/1444 224/1479/1453 200/1464/1438
f 532/1492/1466 1968/1467/1441 751/1484/1458
f 939/1462/1436 530/1459/1433 531/897/877
f 1979/1485/1459 2061/1477/1451 2026/949/929
f 749/1473/1447 200/1464/1438 999/1474/1448
f 1016/1493/1467 2388/1331/1305 1017/1482/1456
f 1017/1482/1456 751/1484/1458 767/1489/1463
f 760/1476/1450 200/1464/1438 199/1460/1434
f 523/895/875 528/1466/1440 1964/926/906
f 999/1474/1448 217/1487/1461 773/1475/1449
f 774/1481/1455 1016/1493/1467 1017/1482/1456
f 757/1488/1462 940/1450/1424 1571/1453/1427
f 939/1462/1436 100/1448/1422 940/1450/1424
f 1968/1467/1441 1970/1478/1452 2947/1468/1442
f 757/1488/1462 1569/1451/1425 760/1476/1450
f 767/1489/1463 749/1473/1447 773/1475/1449
f 2043/1469/1443 1964/926/906 528/1466/1440
f 532/1492/1466 751/1484/1458 1017/1482/1456
f 193/1461/1435 199/1460/1434 192/1463/1437
f 532/1492/1466 1969/972/952 1968/1467/1441
f 440/1486/1460 999/1474/1448 186/1480/1454
f 943/1471/1445 1569/1451/1425 766/1491/1465
f 224/1479/1453 504/1470/1444 190/1472/1446
f 2061/1477/1451 2938/947/927 2026/949/929
f 943/1471/1445 766/1491/1465 190/1472/1446
f 1970/1478/1452 1968/1467/1441 1969/972/952
f 1017/1482/1456 2388/1331/1305 532/1492/1466
f 1969/972/952 532/1492/1466 2388/1331/1305
f 1964/926/906 2043/1469/1443 1979/1485/1459
f 3378/943/923 2073/1442/1416 2024/1302/1280
f 217/1487/1461 756/1494/1468 774/1481/1455
f 2938/947/927 1970/1478/1452 1969/972/952
f 1998/912/892 1964/926/906 1979/1485/1459
f 1016/1493/1467 774/1481/1455 756/1494/1468
f 2540/1263/1241 2544/1271/1249 1569/1451/1425
f 1979/1485/1459 2026/949/929 1998/912/892
f 192/1463/1437 526/1465/1439 193/1461/1435
f 751/1484/1458 750/1483/1457 767/1489/1463
f 2087/1444/1418 2024/1302/1280 922/1439/1413
f 773/1475/1449 1017/1482/1456 767/1489/1463
f 192/1463/1437 749/1473/1447 750/1483/1457
f 427/1089/1069 426/1210/1190 2575/1090/1070
f 426/1210/1190 3261/1194/1174 2575/1090/1070
f 2575/1090/1070 3258/1495/1469 2569/1083/1063
f 2575/1090/1070 3261/1194/1174 3258/1495/1469
f 426/1210/1190 1267/1092/1072 2554/1084/1064
f 426/1210/1190 2554/1084/1064 3261/1194/1174
f 3261/1194/1174 2554/1084/1064 2574/1002/982
f 3261/1194/1174 1274/1001/981 3258/1495/1469
f 3258/1495/1469 1274/1001/981 2569/1083/1063
f 2528/1246/1224 2547/1496/1470 211/1497/1471
f 746/1498/1472 196/1499/1473 223/1500/1474
f 224/1479/1453 223/1500/1474 186/1480/1454
f 2547/1496/1470 2528/1246/1224 2533/1177/1157
f 744/1501/1475 216/1502/1476 167/1503/1477
f 167/1503/1477 761/1094/1074 744/1501/1475
f 196/1499/1473 203/1504/1478 223/1500/1474
f 744/1501/1475 180/1095/1075 2527/1305/1281
f 2528/1246/1224 766/1491/1465 2544/1271/1249
f 169/1505/1479 168/1506/313 782/1507/311
f 2570/1508/1480 765/1178/1158 197/1509/1481
f 169/1505/1479 204/1510/310 171/1511/1482
f 197/1509/1481 765/1178/1158 215/1512/1483
f 2084/1196/1176 2071/1195/1175 477/1443/1417
f 170/1513/1484 745/1514/1485 171/1511/1482
f 2131/1324/1298 922/1439/1413 2024/1302/1280
f 766/1491/1465 2528/1246/1224 211/1497/1471
f 203/1504/1478 745/1514/1485 170/1513/1484
f 198/1515/1486 215/1512/1483 167/1503/1477
f 195/1516/1487 745/1514/1485 203/1504/1478
f 204/1510/310 169/1505/1479 782/1507/311
f 216/1502/1476 744/1501/1475 2527/1305/1281
f 203/1504/1478 170/1513/1484 204/1510/310
f 216/1502/1476 171/1511/1482 745/1514/1485
f 197/1509/1481 2533/1177/1157 2570/1508/1480
f 1438/1328/1302 3496/1348/1322 3532/1517/1488
f 167/1503/1477 216/1502/1476 745/1514/1485
f 1438/1328/1302 1110/1518/1489 1365/1315/1291
f 3532/1517/1488 1407/1519/1490 1110/1518/1489
f 211/1497/1471 190/1472/1446 766/1491/1465
f 167/1503/1477 215/1512/1483 765/1178/1158
f 1110/1518/1489 1438/1328/1302 3532/1517/1488
f 2080/1323/1297 2075/1325/1299 3355/1358/1332
f 186/1480/1454 439/1520/1491 207/1490/1464
f 189/1521/1492 197/1509/1481 198/1515/1486
f 3536/1522/1493 1099/1523/1494 1407/1519/1490
f 1099/1523/1494 1110/1518/1489 1407/1519/1490
f 2570/1508/1480 764/1032/1012 765/1178/1158
f 223/1500/1474 224/1479/1453 746/1498/1472
f 186/1480/1454 223/1500/1474 439/1520/1491
f 195/1516/1487 203/1504/1478 196/1499/1473
f 189/1521/1492 746/1498/1472 190/1472/1446
f 215/1512/1483 198/1515/1486 197/1509/1481
f 224/1479/1453 190/1472/1446 746/1498/1472
f 439/1520/1491 203/1504/1478 204/1510/310
f 197/1509/1481 189/1521/1492 2547/1496/1470
f 189/1521/1492 198/1515/1486 196/1499/1473
f 180/1095/1075 744/1501/1475 761/1094/1074
f 434/1304/315 168/1506/313 2527/1305/1281
f 167/1503/1477 765/1178/1158 761/1094/1074
f 190/1472/1446 211/1497/1471 189/1521/1492
f 198/1515/1486 167/1503/1477 745/1514/1485
f 746/1498/1472 189/1521/1492 196/1499/1473
f 170/1513/1484 171/1511/1482 204/1510/310
f 211/1497/1471 2547/1496/1470 189/1521/1492
f 196/1499/1473 198/1515/1486 195/1516/1487
f 171/1511/1482 216/1502/1476 2527/1305/1281
f 197/1509/1481 2547/1496/1470 2533/1177/1157
f 198/1515/1486 745/1514/1485 195/1516/1487
f 2570/1508/1480 2533/1177/1157 764/1032/1012
f 223/1500/1474 203/1504/1478 439/1520/1491
f 168/1506/313 169/1505/1479 171/1511/1482
f 171/1511/1482 2527/1305/1281 168/1506/313
f 3527/1524/1495 1500/1525/1496 3555/1526/1497
f 1407/1527/1490 1447/1528/1498 1406/1529/1499
f 1447/1528/1498 1405/1530/1500 1448/1531/1501
f 3555/1526/1497 3496/1532/1322 3527/1524/1495
f 1406/1529/1499 1307/1533/1502 3536/1534/1493
f 1435/1535/1503 1500/1525/1496 1405/1530/1500
f 1406/1529/1499 3536/1534/1493 1407/1527/1490
f 3532/1536/1488 1435/1535/1503 1447/1528/1498
f 1406/1529/1499 1447/1528/1498 1448/1531/1501
f 3006/1537/1504 1461/1538/1505 1448/1531/1501
f 3532/1536/1488 1447/1528/1498 1407/1527/1490
f 1405/1530/1500 1447/1528/1498 1435/1535/1503
f 3006/1537/1504 1448/1531/1501 1405/1530/1500
f 3532/1536/1488 3555/1526/1497 1435/1535/1503
f 1448/1531/1501 1461/1538/1505 1463/1539/1506
f 1751/1540/1507 1736/1541/1508 1720/1542/1509
f 3496/1532/1322 3555/1526/1497 3532/1536/1488
f 3006/1537/1504 1405/1530/1500 1500/1525/1496
f 1435/1535/1503 3555/1526/1497 1500/1525/1496
f 1738/1543/1510 3361/1544/1511 1751/1540/1507
f 1728/1545/1512 1724/1546/1513 2139/1547/1514
f 3242/1548/1515 2672/1549/1516 3265/1550/1517
f 3462/1551/1518 3087/1552/1519 3459/1553/1520
f 3248/1554/1521 3254/1555/1522 3251/1556/1523
f 2672/1549/1516 3242/1548/1515 3248/1554/1521
f 3168/1557/1524 3480/1558/1525 3267/1559/1526
f 3254/1555/1522 3100/1560/1527 3298/1561/1528
f 3254/1555/1522 3248/1554/1521 2993/1562/1529
f 3242/1548/1515 2993/1562/1529 3248/1554/1521
f 3462/1551/1518 3260/1563/1530 3087/1552/1519
f 3087/1552/1519 3260/1563/1530 3463/1564/1531
f 3227/1565/1532 3087/1552/1519 3263/1566/1533
f 3260/1563/1530 3480/1558/1525 3463/1564/1531
f 3480/1558/1525 3168/1557/1524 3097/1567/1534
f 3227/1565/1532 3263/1566/1533 3265/1550/1517
f 3100/1560/1527 2107/1568/1535 3298/1561/1528
f 3309/1569/1536 3242/1548/1515 3278/1570/1537
f 3318/1571/1538 2107/1568/1535 3100/1560/1527
f 3309/1569/1536 3249/1572/1539 2993/1562/1529
f 3278/1570/1537 3242/1548/1515 3076/1573/1540
f 3267/1559/1526 3480/1558/1525 3260/1563/1530
f 371/1574/1541 3263/1566/1533 3463/1564/1531
f 3097/1567/1534 3119/1575/1542 3463/1564/1531
f 3264/1576/1543 3263/1566/1533 371/1574/1541
f 3076/1573/1540 3541/1577/1544 3278/1570/1537
f 3541/1577/1544 3264/1576/1543 3252/1578/1545
f 3287/1579/1546 3081/1580/1547 1875/1581/1548
f 3119/1575/1542 3321/1582/1549 3177/1583/1550
f 3463/1564/1531 3480/1558/1525 3097/1567/1534
f 371/1574/1541 3252/1578/1545 3264/1576/1543
f 1857/1584/1551 3393/1585/1552 3479/1586/1553
f 3455/1587/1554 3318/1571/1538 3281/1588/1555
f 3481/1589/1556 3307/1590/1557 3177/1583/1550
f 3430/1591/1558 3241/1592/1559 3416/1593/1560
f 3466/1594/1561 3318/1571/1538 3455/1587/1554
f 3074/1595/1562 3033/1596/1563 3252/1578/1545
f 2993/1562/1529 3249/1572/1539 3100/1560/1527
f 3177/1583/1550 1732/1597/1564 3291/1598/1565
f 3447/1599/1566 3331/1600/1567 3488/1601/1568
f 2044/1602/1569 1831/1603/1570 3393/1585/1552
f 3481/1589/1556 3252/1578/1545 371/1574/1541
f 371/1574/1541 3463/1564/1531 3307/1590/1557
f 3288/1604/1571 3177/1583/1550 3291/1598/1565
f 3074/1595/1562 3288/1604/1571 3041/1605/1572
f 3342/1606/1573 1732/1597/1564 3516/1607/1574
f 3466/1594/1561 3438/1608/1575 3318/1571/1538
f 3287/1579/1546 3466/1594/1561 3455/1587/1554
f 3298/1561/1528 3430/1591/1558 3254/1555/1522
f 1741/1609/1576 1732/1597/1564 3342/1606/1573
f 1732/1597/1564 1741/1609/1576 3291/1598/1565
f 3076/1573/1540 3264/1576/1543 3541/1577/1544
f 3281/1588/1555 3249/1572/1539 3309/1569/1536
f 3290/1610/1577 3093/1611/1578 3296/1612/1579
f 2044/1602/1569 1733/1613/1580 3384/1614/1581
f 3087/1552/1519 3227/1565/1532 3459/1553/1520
f 3438/1608/1575 3466/1594/1561 3413/1615/1582
f 2044/1602/1569 3393/1585/1552 1857/1584/1551
f 1741/1609/1576 3363/1616/1583 3291/1598/1565
f 1831/1603/1570 3391/1617/1584 3393/1585/1552
f 3033/1596/1563 3041/1605/1572 3046/1618/1585
f 3318/1571/1538 3100/1560/1527 3249/1572/1539
f 3516/1607/1574 1733/1613/1580 3342/1606/1573
f 3291/1598/1565 3363/1616/1583 3288/1604/1571
f 3295/1619/1586 3035/1620/1587 3036/1621/1588
f 3342/1606/1573 3376/1622/1589 1741/1609/1576
f 3481/1589/1556 371/1574/1541 3307/1590/1557
f 3481/1589/1556 3074/1595/1562 3252/1578/1545
f 2044/1602/1569 1857/1584/1551 1733/1613/1580
f 3391/1617/1584 3479/1586/1553 3393/1585/1552
f 3438/1608/1575 3413/1615/1582 3066/1623/1590
f 3047/1624/1591 3066/1623/1590 3413/1615/1582
f 3265/1550/1517 3263/1566/1533 3264/1576/1543
f 3287/1579/1546 1875/1581/1548 3413/1615/1582
f 3267/1559/1526 3260/1563/1530 3462/1551/1518
f 3081/1580/1547 3299/1625/1592 3446/1626/1593
f 3041/1605/1572 3284/1627/1594 3046/1618/1585
f 3287/1579/1546 3413/1615/1582 3466/1594/1561
f 3284/1627/1594 3041/1605/1572 3303/1628/1595
f 3363/1616/1583 3303/1628/1595 3288/1604/1571
f 3248/1554/1521 3416/1593/1560 2672/1549/1516
f 3463/1564/1531 3119/1575/1542 3307/1590/1557
f 3376/1622/1589 3342/1606/1573 1733/1613/1580
f 3391/1617/1584 3011/1629/1596 3479/1586/1553
f 3311/1630/1597 3447/1599/1566 3488/1601/1568
f 3541/1577/1544 3252/1578/1545 3278/1570/1537
f 1733/1613/1580 1857/1584/1551 3283/1631/1598
f 3376/1622/1589 3363/1616/1583 1741/1609/1576
f 3290/1610/1577 3036/1621/1588 3381/1632/1599
f 3417/1633/1600 3047/1624/1591 3015/1634/1601
f 3283/1631/1598 3036/1621/1588 3376/1622/1589
f 3413/1615/1582 1875/1581/1548 3047/1624/1591
f 3033/1596/1563 3074/1595/1562 3041/1605/1572
f 3482/1635/1602 3010/1636/1603 3311/1630/1597
f 3479/1586/1553 3011/1629/1596 3488/1601/1568
f 3046/1618/1585 3081/1580/1547 3287/1579/1546
f 3303/1628/1595 3035/1620/1587 3284/1627/1594
f 3283/1631/1598 3376/1622/1589 1733/1613/1580
f 3252/1578/1545 3033/1596/1563 3278/1570/1537
f 3290/1610/1577 3299/1625/1592 3036/1621/1588
f 3242/1548/1515 3265/1550/1517 3076/1573/1540
f 3046/1618/1585 3284/1627/1594 3295/1619/1586
f 3251/1556/1523 3430/1591/1558 3416/1593/1560
f 3331/1600/1567 3479/1586/1553 3488/1601/1568
f 3482/1635/1602 3311/1630/1597 3191/1637/1604
f 3088/1638/1605 3191/1637/1604 3353/1639/1606
f 3098/1640/1607 3430/1591/1558 3298/1561/1528
f 3288/1604/1571 3303/1628/1595 3041/1605/1572
f 3430/1591/1558 3251/1556/1523 3254/1555/1522
f 3081/1580/1547 3046/1618/1585 3295/1619/1586
f 3295/1619/1586 3284/1627/1594 3035/1620/1587
f 1875/1581/1548 3446/1626/1593 3015/1634/1601
f 3035/1620/1587 3303/1628/1595 3363/1616/1583
f 3381/1632/1599 3331/1600/1567 3447/1599/1566
f 3047/1624/1591 3417/1633/1600 3435/1641/1608
f 3265/1550/1517 3264/1576/1543 3076/1573/1540
f 3283/1631/1598 3331/1600/1567 3381/1632/1599
f 3010/1636/1603 3482/1635/1602 3093/1611/1578
f 3376/1622/1589 3036/1621/1588 3363/1616/1583
f 3177/1583/1550 3307/1590/1557 3119/1575/1542
f 3015/1634/1601 3299/1625/1592 3296/1612/1579
f 3488/1601/1568 3011/1629/1596 3311/1630/1597
f 3248/1554/1521 3251/1556/1523 3416/1593/1560
f 2993/1562/1529 3100/1560/1527 3254/1555/1522
f 1857/1584/1551 3331/1600/1567 3283/1631/1598
f 3311/1630/1597 3011/1629/1596 3191/1637/1604
f 3318/1571/1538 3249/1572/1539 3281/1588/1555
f 1857/1584/1551 3479/1586/1553 3331/1600/1567
f 3047/1624/1591 1875/1581/1548 3015/1634/1601
f 3446/1626/1593 1875/1581/1548 3081/1580/1547
f 3036/1621/1588 3283/1631/1598 3381/1632/1599
f 3177/1583/1550 3288/1604/1571 3481/1589/1556
f 3036/1621/1588 3035/1620/1587 3363/1616/1583
f 3036/1621/1588 3299/1625/1592 3295/1619/1586
f 3381/1632/1599 3447/1599/1566 3290/1610/1577
f 3281/1588/1555 3309/1569/1536 3278/1570/1537
f 3447/1599/1566 3311/1630/1597 3010/1636/1603
f 3241/1592/1559 3430/1591/1558 3098/1640/1607
f 3295/1619/1586 3299/1625/1592 3081/1580/1547
f 3074/1595/1562 3481/1589/1556 3288/1604/1571
f 3384/1614/1581 1733/1613/1580 3516/1607/1574
f 3263/1566/1533 3087/1552/1519 3463/1564/1531
f 3290/1610/1577 3010/1636/1603 3093/1611/1578
f 3290/1610/1577 3447/1599/1566 3010/1636/1603
f 3242/1548/1515 3309/1569/1536 2993/1562/1529
f 3015/1634/1601 3446/1626/1593 3299/1625/1592
f 3482/1635/1602 3191/1637/1604 3088/1638/1605
f 3296/1612/1579 3299/1625/1592 3290/1610/1577
f 3046/1618/1585 3287/1579/1546 3455/1587/1554
f 3046/1618/1585 3455/1587/1554 3033/1596/1563
f 3033/1596/1563 3281/1588/1555 3278/1570/1537
f 3455/1587/1554 3281/1588/1555 3033/1596/1563
f 2139/1547/1514 510/1642/1609 1728/1545/1512
f 335/1643/1610 1941/1644/1611 337/1645/1431
f 337/1645/1431 2930/1646/1196 335/1643/1610
f 1750/1647/1612 1794/1648/931 1726/1649/1613
f 335/1643/1610 1672/1650/1614 1941/1644/1611
f 2923/1651/1164 337/1645/1431 1941/1644/1611
f 2930/1646/1196 1672/1650/1614 335/1643/1610
f 1672/1650/1614 1659/1652/1615 1941/1644/1611
f 1454/1653/1616 1115/1654/1617 1452/1655/1618
f 3623/1656/1619 3439/1657/1620 3549/1658/1621
f 3549/1658/1621 3439/1657/1620 3525/1659/1622
f 1163/1660/1623 1117/1661/1624 1344/1662/1625
f 1307/1533/1502 1125/1663/1626 1344/1662/1625
f 3525/1659/1622 1076/1664/1627 3549/1658/1621
f 397/1665/1628 1307/1533/1502 1344/1662/1625
f 3514/1666/1629 1123/1667/1630 343/1668/1631
f 2667/1669/1632 1097/1670/1633 2794/1671/1634
f 3439/1657/1620 3528/1672/1635 3525/1659/1622
f 1097/1670/1633 2801/1673/1636 2794/1671/1634
f 1163/1660/1623 1106/1674/1637 3604/1675/1638
f 1115/1654/1617 1106/1674/1637 1344/1662/1625
f 1483/1676/1639 1499/1677/1640 3428/1678/1641
f 3523/1679/1642 3492/1680/1643 3509/1681/1644
f 1107/1682/1645 1104/1683/1646 1120/1684/1647
f 1100/1685/1648 2667/1669/1632 3623/1656/1619
f 1486/1686/1649 3527/1524/1495 1487/1687/1650
f 1098/1688/1651 2667/1669/1632 1104/1683/1646
f 3523/1679/1642 3509/1681/1644 1493/1689/1652
f 1100/1685/1648 1104/1683/1646 2667/1669/1632
f 3439/1657/1620 3623/1656/1619 2667/1669/1632
f 1115/1654/1617 1125/1663/1626 1452/1655/1618
f 3620/1690/1653 3006/1537/1504 1486/1686/1649
f 3361/1544/1511 1738/1543/1510 3383/1691/1654
f 2131/1692/1298 2080/1693/1297 478/1694/1655
f 511/1695/1656 510/1642/1609 477/1696/1417
f 1500/1525/1496 3527/1524/1495 1486/1686/1649
f 3359/1697/1657 3383/1691/1654 1738/1543/1510
f 3516/1607/1574 1732/1597/1564 3517/1698/1658
f 1120/1684/1647 1105/1699/1659 1128/1700/1660
f 2667/1669/1632 3526/1701/1661 3439/1657/1620
f 490/1702/1421 2089/1703/1662 482/1704/1663
f 3526/1701/1661 3528/1672/1635 3439/1657/1620
f 2667/1669/1632 2794/1671/1634 3526/1701/1661
f 1123/1667/1630 1454/1653/1616 1461/1538/1505
f 1104/1683/1646 1100/1685/1648 1105/1699/1659
f 2089/1703/1662 3352/1705/1664 482/1704/1663
f 1100/1685/1648 1128/1700/1660 1105/1699/1659
f 1123/1667/1630 1121/1706/1665 1101/1707/1666
f 1101/1707/1666 1107/1682/1645 1106/1674/1637
f 1120/1684/1647 1128/1700/1660 3604/1675/1638
f 2080/1693/1297 490/1702/1421 478/1694/1655
f 1120/1684/1647 1104/1683/1646 1105/1699/1659
f 2139/1547/1514 2069/1708/1284 477/1696/1417
f 1307/1533/1502 1406/1529/1499 1125/1663/1626
f 3390/1709/1667 3517/1698/1658 3359/1697/1657
f 1098/1688/1651 1097/1670/1633 2667/1669/1632
f 488/1710/1420 2131/1692/1298 478/1694/1655
f 2139/1547/1514 1724/1546/1513 2069/1708/1284
f 1494/1711/1668 3428/1678/1641 3429/1712/1669
f 1078/1713/1670 3526/1701/1661 2794/1671/1634
f 1125/1663/1626 1115/1654/1617 1344/1662/1625
f 3474/1714/1671 3361/1544/1511 3119/1575/1542
f 1494/1711/1668 1483/1676/1639 3428/1678/1641
f 2126/1715/1317 2078/1716/1319 1724/1546/1513
f 3006/1537/1504 1449/1717/1672 1461/1538/1505
f 510/1642/1609 2139/1547/1514 477/1696/1417
f 343/1668/1631 3547/1718/1673 3514/1666/1629
f 2881/1719/1674 1728/1545/1512 510/1642/1609
f 511/1695/1656 483/1720/1675 510/1642/1609
f 1439/1721/1676 1460/1722/1677 3428/1678/1641
f 3604/1675/1638 1118/1723/1678 1163/1660/1623
f 1098/1688/1651 2801/1673/1636 1097/1670/1633
f 3604/1675/1638 1107/1682/1645 1120/1684/1647
f 3509/1681/1644 3547/1718/1673 1449/1717/1672
f 1750/1647/1612 1726/1649/1613 2082/1724/1679
f 1118/1723/1678 1117/1661/1624 1163/1660/1623
f 2786/1725/933 2126/1715/1317 2077/1726/1680
f 1493/1689/1652 1499/1677/1640 1483/1676/1639
f 1726/1649/1613 2077/1726/1680 2082/1724/1679
f 1794/1648/931 2786/1725/933 1726/1649/1613
f 2082/1724/1679 1738/1543/1510 1750/1647/1612
f 2077/1726/1680 3370/1727/1681 3390/1709/1667
f 2082/1724/1679 3390/1709/1667 3359/1697/1657
f 3321/1582/1549 1732/1597/1564 3177/1583/1550
f 1794/1648/931 1750/1647/1612 1737/1728/853
f 1750/1647/1612 1738/1543/1510 1751/1540/1507
f 1738/1543/1510 2082/1724/1679 3359/1697/1657
f 3384/1614/1581 3370/1727/1681 2077/1726/1680
f 3370/1727/1681 3517/1698/1658 3390/1709/1667
f 1750/1647/1612 1720/1542/1509 1737/1728/853
f 1720/1542/1509 1750/1647/1612 1751/1540/1507
f 3516/1607/1574 3370/1727/1681 3384/1614/1581
f 3517/1698/1658 3383/1691/1654 3359/1697/1657
f 1747/1729/939 1737/1728/853 1720/1542/1509
f 3321/1582/1549 3383/1691/1654 3517/1698/1658
f 3321/1582/1549 3361/1544/1511 3383/1691/1654
f 1725/1730/1682 1720/1542/1509 1736/1541/1508
f 1736/1541/1508 1751/1540/1507 1772/1731/1683
f 3321/1582/1549 3517/1698/1658 1732/1597/1564
f 3321/1582/1549 3119/1575/1542 3361/1544/1511
f 3474/1714/1671 3119/1575/1542 3096/1732/1684
f 3474/1714/1671 3372/1733/1685 3361/1544/1511
f 3474/1714/1671 3096/1732/1684 3097/1567/1534
f 3372/1733/1685 1754/1734/1686 3361/1544/1511
f 3372/1733/1685 3474/1714/1671 3164/1735/1687
f 3096/1732/1684 3119/1575/1542 3097/1567/1534
f 1463/1539/1506 1461/1538/1505 1454/1653/1616
f 1121/1706/1665 1107/1682/1645 1101/1707/1666
f 1107/1682/1645 3604/1675/1638 1106/1674/1637
f 1107/1682/1645 1121/1706/1665 1104/1683/1646
f 1101/1707/1666 1106/1674/1637 1123/1667/1630
f 1344/1662/1625 1106/1674/1637 1163/1660/1623
f 397/1665/1628 1344/1662/1625 1117/1661/1624
f 1106/1674/1637 1115/1654/1617 1454/1653/1616
f 1454/1653/1616 1123/1667/1630 1106/1674/1637
f 3514/1666/1629 1121/1706/1665 1123/1667/1630
f 1486/1686/1649 3006/1537/1504 1500/1525/1496
f 1461/1538/1505 343/1668/1631 1123/1667/1630
f 1454/1653/1616 1452/1655/1618 1463/1539/1506
f 1493/1689/1652 3509/1681/1644 1449/1717/1672
f 1452/1655/1618 1125/1663/1626 1406/1529/1499
f 1452/1655/1618 1448/1531/1501 1463/1539/1506
f 1406/1529/1499 1448/1531/1501 1452/1655/1618
f 1461/1538/1505 1449/1717/1672 343/1668/1631
f 1449/1717/1672 3547/1718/1673 343/1668/1631
f 1495/1736/1688 3514/1666/1629 3547/1718/1673
f 3547/1718/1673 3492/1680/1643 1495/1736/1688
f 3006/1537/1504 3620/1690/1653 1449/1717/1672
f 3492/1680/1643 3547/1718/1673 3509/1681/1644
f 1493/1689/1652 1449/1717/1672 3620/1690/1653
f 1493/1689/1652 3620/1690/1653 1499/1677/1640
f 1486/1686/1649 1499/1677/1640 3620/1690/1653
f 1486/1686/1649 1487/1687/1650 1499/1677/1640
f 1487/1687/1650 3428/1678/1641 1499/1677/1640
f 1487/1687/1650 3527/1524/1495 1439/1721/1676
f 3428/1678/1641 1487/1687/1650 1439/1721/1676
f 3527/1524/1495 1460/1722/1677 1439/1721/1676
f 1460/1722/1677 3429/1712/1669 3428/1678/1641
f 1098/1688/1651 1104/1683/1646 1121/1706/1665
f 1609/1737/1689 1904/1738/1690 1668/1739/1691
f 1480/1740/1692 1482/1741/1693 1476/1742/1694
f 1426/1743/1342 1422/1744/1695 1479/1745/1696
f 2604/1746/1697 1529/1747/1698 1474/1748/1699
f 3429/1712/1669 1423/1749/1700 1505/1750/1701
f 2604/1746/1697 1510/1751/1702 1509/1752/1703
f 1609/1737/1689 1412/1753/1704 1416/1754/1379
f 1416/1754/1379 1412/1753/1704 1475/1755/1377
f 1526/1756/1705 1467/1757/1706 1472/1758/1707
f 1518/1759/1708 1648/1760/1709 1521/1761/1710
f 1770/1762/1711 1520/1763/1712 1547/1764/1713
f 1770/1762/1711 1539/1765/1714 1520/1763/1712
f 1467/1757/1706 1474/1748/1699 1535/1766/1715
f 24/1767/1716 1520/1763/1712 1539/1765/1714
f 1547/1764/1713 24/1767/1716 1511/1768/1717
f 1474/1748/1699 1529/1747/1698 1535/1766/1715
f 24/1767/1716 1547/1764/1713 1520/1763/1712
f 1535/1766/1715 1529/1747/1698 1534/1769/1718
f 1511/1768/1717 24/1767/1716 1538/1770/1719
f 1534/1769/1718 1523/1771/1720 1538/1770/1719
f 1534/1769/1718 1538/1770/1719 1535/1766/1715
f 1535/1766/1715 1515/1772/1721 3504/1773/1722
f 1535/1766/1715 3504/1773/1722 1467/1757/1706
f 1523/1771/1720 1511/1768/1717 1538/1770/1719
f 1524/1774/1723 1535/1766/1715 1538/1770/1719
f 1524/1774/1723 1515/1772/1721 1535/1766/1715
f 1725/1730/1682 1722/1775/1192 1747/1729/939
f 3398/1776/1724 1743/1777/1725 1786/1778/1726
f 1580/1779/1727 3380/1780/1728 1542/1781/1729
f 1743/1777/1725 3476/1782/1730 1786/1778/1726
f 1754/1734/1686 1743/1777/1725 3398/1776/1724
f 3398/1776/1724 1736/1541/1508 1772/1731/1683
f 1736/1541/1508 3398/1776/1724 1786/1778/1726
f 3459/1553/1520 491/1783/1731 3462/1551/1518
f 3164/1735/1687 1754/1734/1686 3372/1733/1685
f 1739/1784/1732 1788/1785/1733 1786/1778/1726
f 1786/1778/1726 3476/1782/1730 1739/1784/1732
f 3462/1551/1518 492/1786/1734 3165/1787/1735
f 1722/1775/1192 1725/1730/1682 1788/1785/1733
f 1743/1777/1725 1754/1734/1686 3164/1735/1687
f 491/1783/1731 492/1786/1734 3462/1551/1518
f 1580/1779/1727 1542/1781/1729 1581/1788/1736
f 1754/1734/1686 3398/1776/1724 1772/1731/1683
f 1754/1734/1686 1772/1731/1683 1751/1540/1507
f 3168/1557/1524 3267/1559/1526 3165/1787/1735
f 3267/1559/1526 3462/1551/1518 3165/1787/1735
f 1720/1542/1509 1725/1730/1682 1747/1729/939
f 1542/1781/1729 3380/1780/1728 1576/1789/1737
f 3168/1557/1524 3165/1787/1735 3380/1780/1728
f 1581/1788/1736 3164/1735/1687 3168/1557/1524
f 3097/1567/1534 3168/1557/1524 3164/1735/1687
f 1736/1541/1508 1786/1778/1726 1788/1785/1733
f 1581/1788/1736 1743/1777/1725 3164/1735/1687
f 3361/1544/1511 1754/1734/1686 1751/1540/1507
f 3165/1787/1735 492/1786/1734 3380/1780/1728
f 3168/1557/1524 3380/1780/1728 1580/1779/1727
f 1581/1788/1736 3168/1557/1524 1580/1779/1727
f 3474/1714/1671 3097/1567/1534 3164/1735/1687
f 1581/1788/1736 3476/1782/1730 1743/1777/1725
f 1576/1789/1737 3380/1780/1728 492/1786/1734
f 1788/1785/1733 1725/1730/1682 1736/1541/1508
f 1581/1788/1736 1542/1781/1729 3476/1782/1730
f 1644/1790/1738 1610/1791/1739 1609/1737/1689
f 588/1792/1740 3585/1793/1741 3099/1794/1742
f 1481/1795/1743 1880/1796/1744 3441/1797/1745
f 607/1798/1746 606/1799/1747 56/1800/1748
f 3038/1801/1749 3045/1802/1750 1579/1803/1751
f 3482/1635/1602 3442/1804/1752 3093/1611/1578
f 56/1800/1748 606/1799/1747 603/1805/1753
f 3056/1806/1754 3435/1641/1608 1496/1807/1755
f 3055/1808/1756 1481/1795/1743 3433/1809/1757
f 1880/1796/1744 3064/1810/1758 3039/1811/1759
f 3045/1802/1750 3037/1812/1760 3015/1634/1601
f 3009/1813/1761 3324/1814/1762 3585/1793/1741
f 3585/1793/1741 3442/1804/1752 3099/1794/1742
f 3082/1815/1763 3039/1811/1759 1804/1816/1764
f 1481/1795/1743 3441/1797/1745 3433/1809/1757
f 1728/1545/1512 2881/1719/1674 2065/1817/1765
f 2065/1817/1765 1831/1603/1570 1728/1545/1512
f 2065/1817/1765 2881/1719/1674 3358/1818/1766
f 3353/1639/1606 3358/1818/1766 2881/1719/1674
f 3322/1819/1767 2065/1817/1765 3369/1820/1768
f 2065/1817/1765 3358/1818/1766 3369/1820/1768
f 1831/1603/1570 2065/1817/1765 3391/1617/1584
f 3322/1819/1767 3391/1617/1584 2065/1817/1765
f 3369/1820/1768 3358/1818/1766 3353/1639/1606
f 3322/1819/1767 3369/1820/1768 3353/1639/1606
f 3391/1617/1584 3322/1819/1767 3011/1629/1596
f 3011/1629/1596 3322/1819/1767 3191/1637/1604
f 1724/1546/1513 1728/1545/1512 1831/1603/1570
f 3191/1637/1604 3322/1819/1767 3353/1639/1606
f 1514/1821/1769 1638/1822/1770 1513/1823/1771
f 1412/1753/1704 1626/1824/1772 1641/1825/1773
f 1412/1753/1704 1609/1737/1689 1489/1826/1774
f 1485/1827/1775 1480/1740/1692 1623/1828/1776
f 2604/1746/1697 1476/1742/1694 1529/1747/1698
f 1422/1744/1695 1426/1743/1342 1424/1829/1096
f 1512/1830/1777 1518/1759/1708 1521/1761/1710
f 321/1831/1778 1472/1758/1707 3523/1679/1642
f 1594/1832/1779 1528/1833/1780 1656/1834/1781
f 1668/1739/1691 1904/1738/1690 1647/1835/1782
f 1484/1836/1783 1638/1822/1770 1480/1740/1692
f 1641/1825/1773 1626/1824/1772 1484/1836/1783
f 1614/1837/1784 1638/1822/1770 1484/1836/1783
f 1668/1739/1691 1647/1835/1782 1660/1838/1785
f 1413/1839/1786 1612/1840/1098 1475/1755/1377
f 1609/1737/1689 1416/1754/1379 1646/1841/1132
f 1504/1842/1787 1505/1750/1701 1491/1843/1788
f 1641/1825/1773 1413/1839/1786 1412/1753/1704
f 1904/1738/1690 1609/1737/1689 1610/1791/1739
f 1644/1790/1738 1609/1737/1689 1646/1841/1132
f 1475/1755/1377 1412/1753/1704 1413/1839/1786
f 1523/1771/1720 1514/1821/1769 1640/1844/1789
f 1534/1769/1718 1529/1747/1698 1514/1821/1769
f 1614/1837/1784 1619/1845/1790 1652/1846/1791
f 1485/1827/1775 1484/1836/1783 1480/1740/1692
f 1491/1843/1788 1623/1828/1776 1504/1842/1787
f 1509/1752/1703 1494/1711/1668 1504/1842/1787
f 1523/1771/1720 1640/1844/1789 1511/1768/1717
f 1489/1826/1774 1626/1824/1772 1412/1753/1704
f 1502/1847/1792 1622/1848/1793 1423/1749/1700
f 1609/1737/1689 1668/1739/1691 1489/1826/1774
f 1641/1825/1773 1502/1847/1792 1413/1839/1786
f 1612/1840/1098 1413/1839/1786 1502/1847/1792
f 1770/1762/1711 1547/1764/1713 1518/1759/1708
f 1502/1847/1792 1422/1744/1695 1424/1829/1096
f 1844/1849/1794 1521/1761/1710 1660/1838/1785
f 1484/1836/1783 1626/1824/1772 1489/1826/1774
f 1614/1837/1784 1489/1826/1774 1668/1739/1691
f 321/1831/1778 3510/1850/1795 1510/1751/1702
f 1844/1849/1794 1904/1738/1690 1610/1791/1739
f 1641/1825/1773 1485/1827/1775 1502/1847/1792
f 1424/1829/1096 1612/1840/1098 1502/1847/1792
f 1622/1848/1793 1485/1827/1775 1623/1828/1776
f 1423/1749/1700 1422/1744/1695 1502/1847/1792
f 1479/1745/1696 1422/1744/1695 3429/1712/1669
f 1426/1743/1342 1479/1745/1696 1460/1722/1677
f 1441/1851/1330 1426/1743/1342 1460/1722/1677
f 1640/1844/1789 1516/1852/1796 1648/1760/1709
f 1489/1826/1774 1614/1837/1784 1484/1836/1783
f 1619/1845/1790 1614/1837/1784 1668/1739/1691
f 1663/1853/1797 1844/1849/1794 1610/1791/1739
f 1513/1823/1771 1516/1852/1796 1640/1844/1789
f 1904/1738/1690 1844/1849/1794 1660/1838/1785
f 1484/1836/1783 1485/1827/1775 1641/1825/1773
f 1648/1760/1709 1547/1764/1713 1640/1844/1789
f 1660/1838/1785 1519/1854/1798 1619/1845/1790
f 1423/1749/1700 3429/1712/1669 1422/1744/1695
f 3510/1850/1795 321/1831/1778 1493/1689/1652
f 1460/1722/1677 1479/1745/1696 3429/1712/1669
f 1460/1722/1677 3527/1524/1495 1441/1851/1330
f 3527/1524/1495 3496/1532/1322 1441/1851/1330
f 1594/1832/1779 1512/1830/1777 1528/1833/1780
f 1668/1739/1691 1660/1838/1785 1619/1845/1790
f 1647/1835/1782 1904/1738/1690 1660/1838/1785
f 3523/1679/1642 1493/1689/1652 321/1831/1778
f 1656/1834/1781 1844/1849/1794 1663/1853/1797
f 1505/1750/1701 1423/1749/1700 1622/1848/1793
f 1516/1852/1796 1513/1823/1771 1652/1846/1791
f 1614/1837/1784 1652/1846/1791 1638/1822/1770
f 1619/1845/1790 1516/1852/1796 1652/1846/1791
f 1656/1834/1781 1663/1853/1797 1651/1855/1799
f 1844/1849/1794 1656/1834/1781 1528/1833/1780
f 1482/1741/1693 1529/1747/1698 1476/1742/1694
f 3429/1712/1669 1505/1750/1701 1494/1711/1668
f 1505/1750/1701 1622/1848/1793 1491/1843/1788
f 1638/1822/1770 1482/1741/1693 1480/1740/1692
f 1638/1822/1770 1652/1846/1791 1513/1823/1771
f 1516/1852/1796 1619/1845/1790 1519/1854/1798
f 1521/1761/1710 1844/1849/1794 1528/1833/1780
f 1623/1828/1776 1480/1740/1692 1476/1742/1694
f 1514/1821/1769 1482/1741/1693 1638/1822/1770
f 1504/1842/1787 1494/1711/1668 1505/1750/1701
f 1623/1828/1776 1491/1843/1788 1622/1848/1793
f 1648/1760/1709 1516/1852/1796 1519/1854/1798
f 1528/1833/1780 1512/1830/1777 1521/1761/1710
f 1509/1752/1703 1623/1828/1776 1476/1742/1694
f 1534/1769/1718 1514/1821/1769 1523/1771/1720
f 1514/1821/1769 1529/1747/1698 1482/1741/1693
f 1513/1823/1771 1640/1844/1789 1514/1821/1769
f 1660/1838/1785 1648/1760/1709 1519/1854/1798
f 1476/1742/1694 2604/1746/1697 1509/1752/1703
f 1623/1828/1776 1509/1752/1703 1504/1842/1787
f 1509/1752/1703 3510/1850/1795 1494/1711/1668
f 1521/1761/1710 1648/1760/1709 1660/1838/1785
f 1518/1759/1708 1512/1830/1777 1770/1762/1711
f 3510/1850/1795 1483/1676/1639 1494/1711/1668
f 1509/1752/1703 1510/1751/1702 3510/1850/1795
f 1640/1844/1789 1547/1764/1713 1511/1768/1717
f 1547/1764/1713 1648/1760/1709 1518/1759/1708
f 2604/1746/1697 1474/1748/1699 1510/1751/1702
f 1493/1689/1652 1483/1676/1639 3510/1850/1795
f 1526/1756/1705 1510/1751/1702 1474/1748/1699
f 1472/1758/1707 321/1831/1778 1510/1751/1702
f 1474/1748/1699 1467/1757/1706 1526/1756/1705
f 1472/1758/1707 1510/1751/1702 1526/1756/1705
f 1485/1827/1775 1622/1848/1793 1502/1847/1792
f 2028/1856/1800 1587/1857/1801 1773/1858/1802
f 2861/1859/1803 1587/1857/1801 2863/1860/1804
f 1782/1861/1198 1722/1775/1192 2615/1862/1805
f 1781/1863/1195 1672/1650/1614 2930/1646/1196
f 1645/1864/1806 1659/1652/1615 2825/1865/1807
f 1780/1866/1200 2615/1862/1805 1775/1867/1808
f 1769/1868/1809 1637/1869/1810 1667/1870/1151
f 1769/1868/1809 1667/1870/1151 2923/1651/1164
f 1758/1871/1811 1661/1872/1812 1764/1873/1813
f 1659/1652/1615 1775/1867/1808 2825/1865/1807
f 1661/1872/1812 1600/1874/1814 3487/1875/1815
f 2825/1865/1807 1764/1873/1813 1645/1864/1806
f 1566/1876/1816 1594/1832/1779 1603/1877/1817
f 1773/1858/1802 2825/1865/1807 1775/1867/1808
f 1775/1867/1808 1781/1863/1195 1780/1866/1200
f 1659/1652/1615 1645/1864/1806 1673/1878/1818
f 1672/1650/1614 1775/1867/1808 1659/1652/1615
f 2825/1865/1807 1773/1858/1802 2861/1859/1803
f 1773/1858/1802 1775/1867/1808 2615/1862/1805
f 1773/1858/1802 1587/1857/1801 2861/1859/1803
f 2615/1862/1805 1722/1775/1192 2028/1856/1800
f 2861/1859/1803 1764/1873/1813 2825/1865/1807
f 1764/1873/1813 2861/1859/1803 2863/1860/1804
f 307/1879/1819 1767/1880/1820 1776/1881/1821
f 1781/1863/1195 1775/1867/1808 1672/1650/1614
f 1587/1857/1801 1658/1882/1822 2863/1860/1804
f 1769/1868/1809 2923/1651/1164 1941/1644/1611
f 1673/1878/1818 1814/1883/1823 1767/1880/1820
f 1764/1873/1813 1661/1872/1812 1645/1864/1806
f 1673/1878/1818 1645/1864/1806 1661/1872/1812
f 1673/1878/1818 1941/1644/1611 1659/1652/1615
f 1773/1858/1802 2615/1862/1805 2028/1856/1800
f 1748/1884/1824 2863/1860/1804 1658/1882/1822
f 1758/1871/1811 1748/1884/1824 1588/1885/1825
f 1673/1878/1818 1661/1872/1812 3487/1875/1815
f 1595/1886/1826 1594/1832/1779 1656/1834/1781
f 1595/1886/1826 1656/1834/1781 1651/1855/1799
f 1566/1876/1816 1603/1877/1817 2982/1887/1827
f 1661/1872/1812 1758/1871/1811 1588/1885/1825
f 3487/1875/1815 1814/1883/1823 1673/1878/1818
f 1673/1878/1818 1769/1868/1809 1941/1644/1611
f 1769/1868/1809 1673/1878/1818 1767/1880/1820
f 1600/1874/1814 1661/1872/1812 1588/1885/1825
f 1610/1791/1739 2239/1888/1828 1663/1853/1797
f 1588/1885/1825 1748/1884/1824 3495/1889/1829
f 3487/1875/1815 1600/1874/1814 1599/1890/1830
f 3495/1889/1829 1592/1891/1831 2982/1887/1827
f 1814/1883/1823 3487/1875/1815 1911/1892/1832
f 307/1879/1819 1769/1868/1809 1767/1880/1820
f 1814/1883/1823 1911/1892/1832 1767/1880/1820
f 1600/1874/1814 1588/1885/1825 3495/1889/1829
f 3495/1889/1829 1748/1884/1824 1589/1893/1833
f 1651/1855/1799 1663/1853/1797 1911/1892/1832
f 2277/1894/1834 3384/1614/1581 2077/1726/1680
f 1761/1895/1835 2037/1896/1836 1762/1897/1837
f 1761/1895/1835 2277/1894/1834 1729/1898/1838
f 2037/1896/1836 2044/1602/1569 1762/1897/1837
f 2037/1896/1836 1831/1603/1570 2044/1602/1569
f 2037/1896/1836 1761/1895/1835 1729/1898/1838
f 1724/1546/1513 1831/1603/1570 1729/1898/1838
f 2277/1894/1834 2126/1715/1317 1729/1898/1838
f 2044/1602/1569 3384/1614/1581 1762/1897/1837
f 1724/1546/1513 1729/1898/1838 2126/1715/1317
f 2277/1894/1834 1761/1895/1835 3384/1614/1581
f 1762/1897/1837 3384/1614/1581 1761/1895/1835
f 2077/1726/1680 2126/1715/1317 2277/1894/1834
f 1729/1898/1838 1831/1603/1570 2037/1896/1836
f 3495/1889/1829 1599/1890/1830 1600/1874/1814
f 1610/1791/1739 1644/1790/1738 2239/1888/1828
f 307/1879/1819 1637/1869/1810 1769/1868/1809
f 1758/1871/1811 2863/1860/1804 1748/1884/1824
f 3487/1875/1815 1599/1890/1830 1595/1886/1826
f 1595/1886/1826 1911/1892/1832 3487/1875/1815
f 1758/1871/1811 1764/1873/1813 2863/1860/1804
f 1782/1861/1198 2615/1862/1805 1780/1866/1200
f 1776/1881/1821 1767/1880/1820 1663/1853/1797
f 1589/1893/1833 1592/1891/1831 3495/1889/1829
f 1599/1890/1830 3495/1889/1829 2982/1887/1827
f 1595/1886/1826 1599/1890/1830 1594/1832/1779
f 1663/1853/1797 1767/1880/1820 1911/1892/1832
f 1651/1855/1799 1911/1892/1832 1595/1886/1826
f 1776/1881/1821 1637/1869/1810 307/1879/1819
f 1667/1870/1151 1637/1869/1810 1818/1899/1144
f 1594/1832/1779 1599/1890/1830 1603/1877/1817
f 2982/1887/1827 1603/1877/1817 1599/1890/1830
f 1776/1881/1821 1655/1900/1145 1637/1869/1810
f 1663/1853/1797 2239/1888/1828 1776/1881/1821
f 1637/1869/1810 1655/1900/1145 1818/1899/1144
f 2784/1901/1839 1655/1900/1145 1776/1881/1821
f 2784/1901/1839 1776/1881/1821 2239/1888/1828
f 1634/1902/1131 1655/1900/1145 2784/1901/1839
f 2239/1888/1828 1644/1790/1738 2784/1901/1839
f 2784/1901/1839 1646/1841/1132 1634/1902/1131
f 1646/1841/1132 2784/1901/1839 1644/1790/1738
f 1774/1903/1840 1567/1904/1841 240/1905/1842
f 1555/1906/1843 1563/1907/1844 1561/1908/1845
f 1555/1906/1843 1561/1908/1845 1567/1904/1841
f 242/1909/1846 1541/1910/1847 1774/1903/1840
f 240/1905/1842 1546/1911/1848 242/1909/1846
f 1536/1912/1849 1604/1913/1850 1541/1910/1847
f 2982/1887/1827 1586/1914/1851 1566/1876/1816
f 1540/1915/1852 242/1909/1846 1539/1765/1714
f 1541/1910/1847 242/1909/1846 1536/1912/1849
f 1541/1910/1847 1556/1916/1853 1774/1903/1840
f 1548/1917/1854 1566/1876/1816 1604/1913/1850
f 1548/1917/1854 1536/1912/1849 1540/1915/1852
f 1556/1916/1853 1555/1906/1843 1567/1904/1841
f 1541/1910/1847 1553/1918/1855 1556/1916/1853
f 1774/1903/1840 1556/1916/1853 1567/1904/1841
f 1548/1917/1854 1540/1915/1852 1770/1762/1711
f 1555/1906/1843 1553/1918/1855 1554/1919/1856
f 1556/1916/1853 1553/1918/1855 1555/1906/1843
f 242/1909/1846 1774/1903/1840 240/1905/1842
f 2853/1920/1857 1121/1706/1665 1457/1921/1858
f 2901/1922/1859 1459/1923/1860 1456/1924/1861
f 2801/1673/1636 1456/1924/1861 1459/1923/1860
f 2853/1920/1857 2801/1673/1636 1098/1688/1651
f 1455/1925/1862 3514/1666/1629 1495/1736/1688
f 1455/1925/1862 1121/1706/1665 3514/1666/1629
f 1456/1924/1861 2853/1920/1857 1457/1921/1858
f 1471/1926/1863 1455/1925/1862 1495/1736/1688
f 1121/1706/1665 1455/1925/1862 1457/1921/1858
f 2853/1920/1857 1098/1688/1651 1121/1706/1665
f 2876/1927/1864 2901/1922/1859 1456/1924/1861
f 2853/1920/1857 1456/1924/1861 2801/1673/1636
f 1456/1924/1861 1457/1921/1858 1455/1925/1862
f 1471/1926/1863 1456/1924/1861 1455/1925/1862
f 2876/1927/1864 1456/1924/1861 1471/1926/1863
f 1578/1928/1865 3083/1929/1866 1568/1930/1867
f 1755/1931/1868 1568/1930/1867 3529/1932/1869
f 1568/1930/1867 152/1933/1870 3529/1932/1869
f 1539/1765/1714 1680/1934/1871 24/1767/1716
f 3524/1935/1872 3122/1936/1873 3029/1937/1874
f 616/1938/1875 618/1939/1876 3071/1940/1877
f 3529/1932/1869 3029/1937/1874 2988/1941/1878
f 616/1938/1875 1549/1942/1879 3083/1929/1866
f 3529/1932/1869 3131/1943/1880 1755/1931/1868
f 3122/1936/1873 3524/1935/1872 1533/1944/1881
f 1578/1928/1865 1755/1931/1868 618/1939/1876
f 1578/1928/1865 616/1938/1875 3083/1929/1866
f 1551/1945/1882 1567/1904/1841 3071/1940/1877
f 3029/1937/1874 3529/1932/1869 152/1933/1870
f 1533/1944/1881 1537/1946/1883 1531/1947/1884
f 1531/1947/1884 3122/1936/1873 1533/1944/1881
f 3115/1948/1885 1763/1949/1886 2988/1941/1878
f 1539/1765/1714 1546/1911/1848 1680/1934/1871
f 3115/1948/1885 1537/1946/1883 1524/1774/1723
f 2988/1941/1878 3131/1943/1880 3529/1932/1869
f 2988/1941/1878 1763/1949/1886 3128/1950/1887
f 1537/1946/1883 3115/1948/1885 1531/1947/1884
f 1755/1931/1868 3131/1943/1880 618/1939/1876
f 1549/1942/1879 616/1938/1875 3071/1940/1877
f 1567/1904/1841 1551/1945/1882 240/1905/1842
f 1531/1947/1884 2988/1941/1878 3122/1936/1873
f 618/1939/1876 616/1938/1875 1578/1928/1865
f 3071/1940/1877 618/1939/1876 1551/1945/1882
f 1763/1949/1886 1680/1934/1871 1546/1911/1848
f 1680/1934/1871 3115/1948/1885 1524/1774/1723
f 1763/1949/1886 3115/1948/1885 1680/1934/1871
f 2988/1941/1878 618/1939/1876 3131/1943/1880
f 2988/1941/1878 3029/1937/1874 3122/1936/1873
f 1524/1774/1723 1538/1770/1719 24/1767/1716
f 3115/1948/1885 2988/1941/1878 1531/1947/1884
f 1680/1934/1871 1524/1774/1723 24/1767/1716
f 1546/1911/1848 240/1905/1842 1763/1949/1886
f 3128/1950/1887 618/1939/1876 2988/1941/1878
f 1578/1928/1865 1568/1930/1867 1755/1931/1868
f 240/1905/1842 3128/1950/1887 1763/1949/1886
f 1551/1945/1882 618/1939/1876 3128/1950/1887
f 240/1905/1842 1551/1945/1882 3128/1950/1887
f 1604/1913/1850 1536/1912/1849 1548/1917/1854
f 1539/1765/1714 242/1909/1846 1546/1911/1848
f 1549/1942/1879 3071/1940/1877 1561/1908/1845
f 1604/1913/1850 1553/1918/1855 1541/1910/1847
f 1548/1917/1854 1770/1762/1711 1512/1830/1777
f 1770/1762/1711 1540/1915/1852 1539/1765/1714
f 1574/1951/1888 1592/1891/1831 1554/1919/1856
f 2818/1952/1889 2841/1953/1890 2892/1954/1891
f 2801/1673/1636 1459/1923/1860 2794/1671/1634
f 1459/1923/1860 2998/1955/1892 2794/1671/1634
f 2998/1955/1892 1459/1923/1860 2841/1953/1890
f 2998/1955/1892 2841/1953/1890 2818/1952/1889
f 2901/1922/1859 2841/1953/1890 1459/1923/1860
f 2901/1922/1859 3502/1956/1893 2841/1953/1890
f 2781/1957/1894 3016/1958/1895 2769/1959/1896
f 2769/1959/1896 3533/1960/1897 2781/1957/1894
f 2607/1961/1898 3016/1958/1895 2781/1957/1894
f 2607/1961/1898 2781/1957/1894 2601/1962/1899
f 2582/1963/1900 3016/1958/1895 2607/1961/1898
f 2607/1961/1898 2608/1964/1901 2581/1965/1902
f 2791/1966/1903 2601/1962/1899 2781/1957/1894
f 2608/1964/1901 2601/1962/1899 2644/1967/1904
f 2582/1963/1900 2607/1961/1898 2581/1965/1902
f 2791/1966/1903 2644/1967/1904 2601/1962/1899
f 2608/1964/1901 2607/1961/1898 2601/1962/1899
f 2643/1968/1905 2581/1965/1902 2608/1964/1901
f 2644/1967/1904 2643/1968/1905 2608/1964/1901
f 3505/1969/1906 2791/1966/1903 2781/1957/1894
f 2522/1970/1907 3558/1971/1908 2459/1972/1909
f 3551/1973/1910 2437/1974/1911 3542/1975/1912
f 2042/1976/1913 2437/1974/1911 2459/1972/1909
f 2437/1974/1911 2042/1976/1913 3542/1975/1912
f 3582/1977/1914 2014/1978/1915 3543/1979/1916
f 2522/1970/1907 2459/1972/1909 2437/1974/1911
f 3582/1977/1914 3542/1975/1912 2042/1976/1913
f 2723/1980/1917 2721/1981/1918 2708/1982/1919
f 2721/1981/1918 2713/1983/1920 2708/1982/1919
f 2713/1983/1920 2721/1981/1918 2584/1984/1921
f 2723/1980/1917 2708/1982/1919 3483/1985/1922
f 3494/1986/1923 3505/1969/1906 1545/1987/1924
f 2793/1988/1925 2750/1989/1926 2791/1966/1903
f 2750/1989/1926 2782/1990/1927 2692/1991/1928
f 2791/1966/1903 3505/1969/1906 3494/1986/1923
f 2644/1967/1904 2791/1966/1903 2750/1989/1926
f 3494/1986/1923 2793/1988/1925 2791/1966/1903
f 2642/1992/1929 2644/1967/1904 2750/1989/1926
f 2642/1992/1929 2643/1968/1905 2644/1967/1904
f 2750/1989/1926 2692/1991/1928 2642/1992/1929
f 2818/1952/1889 1078/1713/1670 2998/1955/1892
f 2817/1993/1930 2818/1952/1889 2892/1954/1891
f 2818/1952/1889 2817/1993/1930 1078/1713/1670
f 2998/1955/1892 1078/1713/1670 2794/1671/1634
f 1567/1904/1841 1561/1908/1845 3071/1940/1877
f 1604/1913/1850 1586/1914/1851 1553/1918/1855
f 1548/1917/1854 1512/1830/1777 1566/1876/1816
f 1553/1918/1855 1574/1951/1888 1554/1919/1856
f 1555/1906/1843 1554/1919/1856 1563/1907/1844
f 1586/1914/1851 2982/1887/1827 1574/1951/1888
f 1561/1908/1845 1563/1907/1844 1549/1942/1879
f 1586/1914/1851 1604/1913/1850 1566/1876/1816
f 1553/1918/1855 1586/1914/1851 1574/1951/1888
f 1512/1830/1777 1594/1832/1779 1566/1876/1816
f 1592/1891/1831 1574/1951/1888 2982/1887/1827
f 1536/1912/1849 242/1909/1846 1540/1915/1852
f 1078/1713/1670 2817/1993/1930 3506/1994/1931
f 3572/1995/1932 1075/1996/1933 3573/1997/1934
f 3501/1998/1935 2582/1963/1900 2526/1999/1936
f 2934/2000/1937 2954/2001/1938 3028/2002/1939
f 3572/1995/1932 3573/1997/1934 3497/2003/1940
f 2558/2004/1941 3573/1997/1934 1075/1996/1933
f 2987/2005/1942 2925/2006/1943 2937/2007/1944
f 2441/2008/1945 2609/2009/1946 2558/2004/1941
f 2769/1959/1896 2537/2010/1947 305/2011/1948
f 2531/2012/1949 2582/1963/1900 3501/1998/1935
f 2816/2013/1950 3531/2014/1951 305/2011/1948
f 3507/2015/1952 2688/2016/1953 1082/2017/1954
f 2609/2009/1946 2441/2008/1945 3500/2018/1955
f 2769/1959/1896 3016/1958/1895 2537/2010/1947
f 1136/2019/1956 2014/1978/1915 2476/2020/1957
f 3526/1701/1661 1077/2021/1958 3528/1672/1635
f 3530/2022/1959 3577/2023/1960 1093/2024/1961
f 2560/2025/1962 3540/2026/1963 3497/2003/1940
f 3498/2027/1964 3535/2028/1965 3497/2003/1940
f 3537/2029/1966 2496/2030/1967 3572/1995/1932
f 3572/1995/1932 2496/2030/1967 1075/1996/1933
f 1093/2024/1961 3610/2031/1968 1092/2032/1969
f 1075/1996/1933 3592/2033/1970 2441/2008/1945
f 2441/2008/1945 1073/2034/1971 3500/2018/1955
f 1092/2032/1969 1082/2017/1954 1084/2035/1972
f 3533/1960/1897 2937/2007/1944 2781/1957/1894
f 3507/2015/1952 1077/2021/1958 2688/2016/1953
f 3551/1973/1910 3537/2029/1966 1062/2036/1973
f 3497/2003/1940 1062/2036/1973 3572/1995/1932
f 1073/2034/1971 3592/2033/1970 2508/2037/1974
f 2987/2005/1942 2937/2007/1944 3533/1960/1897
f 3550/2038/1975 1136/2019/1956 3537/2029/1966
f 2816/2013/1950 2892/1954/1891 2841/1953/1890
f 3499/2039/1976 3506/1994/1931 2833/2040/1977
f 2760/2041/1978 2610/2042/1979 3237/2043/1980
f 2609/2009/1946 2526/1999/1936 2760/2041/1978
f 2937/2007/1944 2925/2006/1943 2954/2001/1938
f 1075/1996/1933 2496/2030/1967 1085/2044/1981
f 3551/1973/1910 3535/2028/1965 3498/2027/1964
f 3551/1973/1910 3550/2038/1975 3537/2029/1966
f 3573/1997/1934 2558/2004/1941 2609/2009/1946
f 1077/2021/1958 1078/1713/1670 3506/1994/1931
f 2876/1927/1864 2954/2001/1938 2925/2006/1943
f 2496/2030/1967 3537/2029/1966 1136/2019/1956
f 3534/2045/1982 1085/2044/1981 2496/2030/1967
f 1085/2044/1981 2508/2037/1974 3592/2033/1970
f 2558/2004/1941 1075/1996/1933 2441/2008/1945
f 2610/2042/1979 2760/2041/1978 2526/1999/1936
f 3525/1659/1622 3511/2046/1983 3610/2031/1968
f 3500/2018/1955 2597/2047/1984 3501/1998/1935
f 3572/1995/1932 1062/2036/1973 3537/2029/1966
f 1082/2017/1954 1073/2034/1971 2508/2037/1974
f 3498/2027/1964 3540/2026/1963 3548/2048/1985
f 2496/2030/1967 1136/2019/1956 3534/2045/1982
f 3534/2045/1982 1086/2049/1986 1085/2044/1981
f 1084/2035/1972 2508/2037/1974 1085/2044/1981
f 3592/2033/1970 1075/1996/1933 1085/2044/1981
f 3573/1997/1934 2609/2009/1946 2560/2025/1962
f 2582/1963/1900 2581/1965/1902 2526/1999/1936
f 2526/1999/1936 2581/1965/1902 2610/2042/1979
f 1092/2032/1969 3511/2046/1983 3507/2015/1952
f 1136/2019/1956 3550/2038/1975 2014/1978/1915
f 3550/2038/1975 3542/1975/1912 3582/1977/1914
f 3501/1998/1935 2597/2047/1984 3499/2039/1976
f 3542/1975/1912 3550/2038/1975 3551/1973/1910
f 3534/2045/1982 1136/2019/1956 2476/2020/1957
f 3533/1960/1897 2769/1959/1896 305/2011/1948
f 1085/2044/1981 1086/2049/1986 1084/2035/1972
f 2892/1954/1891 2816/2013/1950 2817/1993/1930
f 3530/2022/1959 1086/2049/1986 3534/2045/1982
f 2508/2037/1974 1084/2035/1972 1082/2017/1954
f 2597/2047/1984 1073/2034/1971 1082/2017/1954
f 3551/1973/1910 1062/2036/1973 3535/2028/1965
f 2610/2042/1979 2581/1965/1902 3237/2043/1980
f 2531/2012/1949 3016/1958/1895 2582/1963/1900
f 3501/1998/1935 3499/2039/1976 2531/2012/1949
f 2841/1953/1890 3502/1956/1893 3531/2014/1951
f 1076/1664/1627 3525/1659/1622 3610/2031/1968
f 3505/1969/1906 2781/1957/1894 2934/2000/1937
f 3499/2039/1976 2597/2047/1984 2688/2016/1953
f 3550/2038/1975 3543/1979/1916 2014/1978/1915
f 3582/1977/1914 3543/1979/1916 3550/2038/1975
f 1092/2032/1969 1084/2035/1972 1086/2049/1986
f 3610/2031/1968 3511/2046/1983 1092/2032/1969
f 3500/2018/1955 3501/1998/1935 2526/1999/1936
f 1093/2024/1961 1086/2049/1986 3530/2022/1959
f 2597/2047/1984 1082/2017/1954 2688/2016/1953
f 2537/2010/1947 3016/1958/1895 2531/2012/1949
f 3237/2043/1980 2581/1965/1902 2643/1968/1905
f 2531/2012/1949 3499/2039/1976 2537/2010/1947
f 2987/2005/1942 3502/1956/1893 2925/2006/1943
f 2688/2016/1953 3506/1994/1931 3499/2039/1976
f 1082/2017/1954 1092/2032/1969 3507/2015/1952
f 2833/2040/1977 2816/2013/1950 305/2011/1948
f 2833/2040/1977 2537/2010/1947 3499/2039/1976
f 2817/1993/1930 2816/2013/1950 2833/2040/1977
f 2537/2010/1947 2833/2040/1977 305/2011/1948
f 3535/2028/1965 1062/2036/1973 3497/2003/1940
f 2817/1993/1930 2833/2040/1977 3506/1994/1931
f 3497/2003/1940 3573/1997/1934 2560/2025/1962
f 1076/1664/1627 3610/2031/1968 1093/2024/1961
f 2526/1999/1936 2609/2009/1946 3500/2018/1955
f 3507/2015/1952 3511/2046/1983 3528/1672/1635
f 3507/2015/1952 3528/1672/1635 1077/2021/1958
f 2441/2008/1945 3592/2033/1970 1073/2034/1971
f 3577/2023/1960 1076/1664/1627 1093/2024/1961
f 3324/1814/1762 3009/1813/1761 3327/2050/1987
f 3497/2003/1940 3540/2026/1963 3498/2027/1964
f 3528/1672/1635 3511/2046/1983 3525/1659/1622
f 3506/1994/1931 2688/2016/1953 1077/2021/1958
f 305/2011/1948 3531/2014/1951 3533/1960/1897
f 2841/1953/1890 3531/2014/1951 2816/2013/1950
f 3533/1960/1897 3531/2014/1951 2987/2005/1942
f 2987/2005/1942 3531/2014/1951 3502/1956/1893
f 2925/2006/1943 3502/1956/1893 2901/1922/1859
f 3045/1802/1750 3038/1801/1749 3037/1812/1760
f 2937/2007/1944 2954/2001/1938 2781/1957/1894
f 3082/1815/1763 3327/2050/1987 3063/2051/1988
f 2925/2006/1943 2901/1922/1859 2876/1927/1864
f 2954/2001/1938 2934/2000/1937 2781/1957/1894
f 1093/2024/1961 1092/2032/1969 1086/2049/1986
f 3085/2052/1989 2954/2001/1938 2876/1927/1864
f 3085/2052/1989 3028/2002/1939 2954/2001/1938
f 3028/2002/1939 3085/2052/1989 2966/2053/1990
f 2966/2053/1990 2934/2000/1937 3028/2002/1939
f 2560/2025/1962 2609/2009/1946 3540/2026/1963
f 1077/2021/1958 3526/1701/1661 1078/1713/1670
f 2597/2047/1984 3500/2018/1955 1073/2034/1971
f 56/1800/1748 59/2054/1991 55/2055/1992
f 3015/1634/1601 3296/1612/1579 3045/1802/1750
f 3326/2056/1993 3082/1815/1763 1804/1816/1764
f 3082/1815/1763 3326/2056/1993 3327/2050/1987
f 3009/1813/1761 595/2057/1994 90/2058/1995
f 3585/1793/1741 588/1792/1740 595/2057/1994
f 595/2057/1994 37/2059/1996 90/2058/1995
f 3433/1809/1757 3410/2060/1997 3055/1808/1756
f 56/1800/1748 603/1805/1753 62/2061/1998
f 591/2062/1999 37/2059/1996 588/1792/1740
f 1579/1803/1751 1804/1816/1764 3038/1801/1749
f 3323/2063/2000 3585/1793/1741 3324/1814/1762
f 37/2059/1996 607/1798/1746 90/2058/1995
f 37/2059/1996 595/2057/1994 588/1792/1740
f 3009/1813/1761 3585/1793/1741 595/2057/1994
f 3099/1794/1742 3124/2064/2001 588/1792/1740
f 3326/2056/1993 3324/1814/1762 3327/2050/1987
f 55/2055/1992 607/1798/1746 56/1800/1748
f 3099/1794/1742 3442/1804/1752 3482/1635/1602
f 1804/1816/1764 1579/1803/1751 3323/2063/2000
f 3124/2064/2001 3482/1635/1602 3088/1638/1605
f 3099/1794/1742 3482/1635/1602 3124/2064/2001
f 61/2065/2002 607/1798/1746 37/2059/1996
f 3585/1793/1741 1579/1803/1751 3442/1804/1752
f 3323/2063/2000 3324/1814/1762 3326/2056/1993
f 3441/1797/1745 1880/1796/1744 3012/2066/2003
f 3056/1806/1754 1496/1807/1755 3055/1808/1756
f 37/2059/1996 591/2062/1999 61/2065/2002
f 3093/1611/1578 3442/1804/1752 3045/1802/1750
f 1579/1803/1751 3045/1802/1750 3442/1804/1752
f 3585/1793/1741 3323/2063/2000 1579/1803/1751
f 3124/2064/2001 591/2062/1999 588/1792/1740
f 3296/1612/1579 3093/1611/1578 3045/1802/1750
f 3039/1811/1759 3064/1810/1758 1804/1816/1764
f 3039/1811/1759 3012/2066/2003 1880/1796/1744
f 1496/1807/1755 3064/1810/1758 1880/1796/1744
f 3082/1815/1763 3063/2051/1988 3012/2066/2003
f 3037/1812/1760 3038/1801/1749 3064/1810/1758
f 1804/1816/1764 3323/2063/2000 3326/2056/1993
f 55/2055/1992 90/2058/1995 607/1798/1746
f 606/1799/1747 607/1798/1746 61/2065/2002
f 3417/1633/1600 3015/1634/1601 3037/1812/1760
f 3417/1633/1600 1496/1807/1755 3435/1641/1608
f 3038/1801/1749 1804/1816/1764 3064/1810/1758
f 62/2061/1998 59/2054/1991 56/1800/1748
f 3055/1808/1756 1496/1807/1755 1481/1795/1743
f 1496/1807/1755 1880/1796/1744 1481/1795/1743
f 3056/1806/1754 3055/1808/1756 3410/2060/1997
f 1496/1807/1755 3037/1812/1760 3064/1810/1758
f 477/1696/1417 488/1710/1420 511/1695/1656
f 3012/2066/2003 3039/1811/1759 3082/1815/1763
f 3516/1607/1574 3517/1698/1658 3370/1727/1681
f 478/1694/1655 490/1702/1421 482/1704/1663
f 3037/1812/1760 1496/1807/1755 3417/1633/1600
f 591/2062/1999 3124/2064/2001 3088/1638/1605
f 1557/2067/2004 3179/2068/2005 489/2069/2006
f 1726/1649/1613 2786/1725/933 2077/1726/1680
f 1560/2070/2007 1558/2071/2008 1552/2072/2009
f 1722/1775/1192 1756/2073/2010 2028/1856/1800
f 3179/2068/2005 1565/2074/2011 489/2069/2006
f 1650/2075/2012 1739/1784/1732 3277/2076/2013
f 2077/1726/1680 3390/1709/1667 2082/1724/1679
f 1560/2070/2007 2980/2077/2014 489/2069/2006
f 1650/2075/2012 1768/2078/2015 3389/2079/2016
f 3277/2076/2013 2860/2080/2017 2980/2077/2014
f 2565/2081/2018 3112/2082/2019 2992/2083/2020
f 1724/1546/1513 2078/1716/1319 2069/1708/1284
f 1560/2070/2007 1591/2084/2021 2980/2077/2014
f 1557/2067/2004 489/2069/2006 2980/2077/2014
f 912/2085/2022 606/1799/1747 61/2065/2002
f 3197/2086/2023 3199/2087/2024 3200/2088/2025
f 1739/1784/1732 1650/2075/2012 1756/2073/2010
f 464/2089/2026 461/2090/2027 462/2091/2028
f 1650/2075/2012 3277/2076/2013 1768/2078/2015
f 3389/2079/2016 1768/2078/2015 1658/1882/1822
f 486/2092/2029 3197/2086/2023 3110/2093/2030
f 3179/2068/2005 3109/2094/2031 1565/2074/2011
f 483/1720/1675 488/1710/1420 3397/2095/2032
f 912/2085/2022 462/2091/2028 923/2096/2033
f 464/2089/2026 912/2085/2022 316/2097/2034
f 591/2062/1999 463/2098/2035 316/2097/2034
f 3048/2099/2036 3197/2086/2023 491/1783/1731
f 465/2100/2037 463/2098/2035 3590/2101/2038
f 2881/1719/1674 483/1720/1675 460/2102/2039
f 461/2090/2027 464/2089/2026 480/2103/2040
f 1552/2072/2009 1570/2104/2041 1589/1893/1833
f 462/2091/2028 912/2085/2022 464/2089/2026
f 3199/2087/2024 3197/2086/2023 3048/2099/2036
f 3364/2105/2042 603/1805/1753 923/2096/2033
f 464/2089/2026 463/2098/2035 465/2100/2037
f 3170/2106/2043 1601/2107/2044 2860/2080/2017
f 480/2103/2040 481/2108/2045 3397/2095/2032
f 483/1720/1675 2881/1719/1674 510/1642/1609
f 606/1799/1747 912/2085/2022 923/2096/2033
f 1573/2109/2046 1552/2072/2009 1589/1893/1833
f 3590/2101/2038 3088/1638/1605 3353/1639/1606
f 591/2062/1999 3590/2101/2038 463/2098/2035
f 465/2100/2037 3353/1639/1606 460/2102/2039
f 61/2065/2002 316/2097/2034 912/2085/2022
f 2980/2077/2014 1601/2107/2044 1557/2067/2004
f 462/2091/2028 3364/2105/2042 923/2096/2033
f 1563/1907/1844 1558/2071/2008 3118/2110/2047
f 603/1805/1753 606/1799/1747 923/2096/2033
f 603/1805/1753 3364/2105/2042 3073/2111/2048
f 461/2090/2027 3364/2105/2042 462/2091/2028
f 3088/1638/1605 3590/2101/2038 591/2062/1999
f 1565/2074/2011 3109/2094/2031 3189/2112/2049
f 464/2089/2026 316/2097/2034 463/2098/2035
f 460/2102/2039 464/2089/2026 465/2100/2037
f 3365/2113/2050 3073/2111/2048 3364/2105/2042
f 3365/2113/2050 3364/2105/2042 461/2090/2027
f 316/2097/2034 61/2065/2002 591/2062/1999
f 3353/1639/1606 465/2100/2037 3590/2101/2038
f 3397/2095/2032 482/1704/1663 480/2103/2040
f 481/2108/2045 464/2089/2026 460/2102/2039
f 3367/2114/2051 461/2090/2027 480/2103/2040
f 480/2103/2040 464/2089/2026 481/2108/2045
f 488/1710/1420 483/1720/1675 511/1695/1656
f 3365/2113/2050 461/2090/2027 3352/1705/1664
f 1748/1884/1824 1658/1882/1822 1582/2115/2052
f 481/2108/2045 460/2102/2039 483/1720/1675
f 2881/1719/1674 460/2102/2039 3353/1639/1606
f 461/2090/2027 3367/2114/2051 3352/1705/1664
f 481/2108/2045 483/1720/1675 3397/2095/2032
f 3277/2076/2013 2980/2077/2014 1591/2084/2021
f 3367/2114/2051 480/2103/2040 482/1704/1663
f 3367/2114/2051 482/1704/1663 3352/1705/1664
f 478/1694/1655 482/1704/1663 3397/2095/2032
f 1554/1919/1856 1570/2104/2041 1558/2071/2008
f 3397/2095/2032 488/1710/1420 478/1694/1655
f 1939/2116/2053 2648/2117/2054 3095/2118/2055
f 3409/2119/2056 2636/2120/2057 2634/2121/2058
f 3456/2122/2059 2107/1568/1535 3318/1571/1538
f 2128/2123/2060 2111/2124/2061 3049/2125/2062
f 2446/2126/2063 2639/2127/2064 2590/2128/2065
f 1591/2084/2021 1582/2115/2052 1658/1882/1822
f 3050/2129/2066 3458/2130/2067 2133/2131/2068
f 3436/2132/2069 2634/2121/2058 2636/2120/2057
f 3118/2110/2047 1565/2074/2011 3189/2112/2049
f 1917/2133/2070 3544/2134/2071 3493/2135/2072
f 1916/2136/2073 3473/2137/2074 1939/2116/2053
f 2129/2138/2075 1961/2139/2076 2128/2123/2060
f 2860/2080/2017 3277/2076/2013 1739/1784/1732
f 2107/1568/1535 3465/2140/2077 2111/2124/2061
f 3409/2119/2056 3406/2141/2078 3408/2142/2079
f 3456/2122/2059 3458/2130/2067 3465/2140/2077
f 3072/2143/2080 3065/2144/2081 3060/2145/2082
f 3468/2146/2083 2107/1568/1535 2111/2124/2061
f 1554/1919/1856 1558/2071/2008 1563/1907/1844
f 1917/2133/2070 3493/2135/2072 1961/2139/2076
f 1914/2147/2084 2648/2117/2054 3473/2137/2074
f 3050/2129/2066 2129/2138/2075 3049/2125/2062
f 1582/2115/2052 1591/2084/2021 1560/2070/2007
f 3118/2110/2047 1549/1942/1879 1563/1907/1844
f 3060/2145/2082 3065/2144/2081 3066/1623/1590
f 3189/2112/2049 1593/2148/2085 3118/2110/2047
f 2980/2077/2014 2860/2080/2017 1601/2107/2044
f 2638/2149/2086 2636/2120/2057 3409/2119/2056
f 3189/2112/2049 487/2150/2087 3110/2093/2030
f 2120/2151/2088 2133/2131/2068 3077/2152/2089
f 2590/2128/2065 2538/2153/2090 2446/2126/2063
f 1557/2067/2004 1601/2107/2044 3471/2154/2091
f 1601/2107/2044 3170/2106/2043 3471/2154/2091
f 2128/2123/2060 1961/2139/2076 3493/2135/2072
f 1582/2115/2052 1560/2070/2007 1573/2109/2046
f 3433/1809/1757 3077/2152/2089 3410/2060/1997
f 1560/2070/2007 489/2069/2006 1558/2071/2008
f 3084/2155/2092 3072/2143/2080 3060/2145/2082
f 3077/2152/2089 3084/2155/2092 3410/2060/1997
f 3435/1641/1608 3066/1623/1590 3047/1624/1591
f 3438/1608/1575 3072/2143/2080 3456/2122/2059
f 3458/2130/2067 3049/2125/2062 3465/2140/2077
f 3050/2129/2066 2133/2131/2068 2120/2151/2088
f 2133/2131/2068 3084/2155/2092 3077/2152/2089
f 2613/2156/2093 2745/2157/2094 2617/2158/2095
f 2133/2131/2068 3072/2143/2080 3084/2155/2092
f 3072/2143/2080 2133/2131/2068 3458/2130/2067
f 1591/2084/2021 1768/2078/2015 3277/2076/2013
f 3050/2129/2066 3049/2125/2062 3458/2130/2067
f 3084/2155/2092 3435/1641/1608 3056/1806/1754
f 3465/2140/2077 2107/1568/1535 3456/2122/2059
f 3050/2129/2066 2120/2151/2088 2129/2138/2075
f 2128/2123/2060 3049/2125/2062 2129/2138/2075
f 3456/2122/2059 3072/2143/2080 3458/2130/2067
f 3435/1641/1608 3084/2155/2092 3060/2145/2082
f 1570/2104/2041 1592/1891/1831 1589/1893/1833
f 3049/2125/2062 2111/2124/2061 3465/2140/2077
f 3065/2144/2081 3072/2143/2080 3438/1608/1575
f 3435/1641/1608 3060/2145/2082 3066/1623/1590
f 3468/2146/2083 2111/2124/2061 2128/2123/2060
f 3318/1571/1538 3438/1608/1575 3456/2122/2059
f 3065/2144/2081 3438/1608/1575 3066/1623/1590
f 3493/2135/2072 3406/2141/2078 2128/2123/2060
f 3468/2146/2083 2128/2123/2060 3406/2141/2078
f 3406/2141/2078 3493/2135/2072 3408/2142/2079
f 1939/2116/2053 1917/2133/2070 1948/2159/2096
f 3406/2141/2078 3409/2119/2056 3468/2146/2083
f 1939/2116/2053 3544/2134/2071 1917/2133/2070
f 3408/2142/2079 3493/2135/2072 3544/2134/2071
f 1939/2116/2053 1948/2159/2096 1916/2136/2073
f 2634/2121/2058 3468/2146/2083 3409/2119/2056
f 3408/2142/2079 3544/2134/2071 1939/2116/2053
f 3409/2119/2056 3408/2142/2079 3095/2118/2055
f 1939/2116/2053 3095/2118/2055 3408/2142/2079
f 3409/2119/2056 3095/2118/2055 2638/2149/2086
f 1914/2147/2084 3473/2137/2074 1916/2136/2073
f 1570/2104/2041 1554/1919/1856 1592/1891/1831
f 3473/2137/2074 2648/2117/2054 1939/2116/2053
f 2636/2120/2057 2638/2149/2086 3436/2132/2069
f 3189/2112/2049 2418/2160/2097 1593/2148/2085
f 3084/2155/2092 3056/1806/1754 3410/2060/1997
f 2979/2161/2098 2966/2053/1990 3085/2052/1989
f 1544/2162/2099 1533/1944/1881 2916/2163/2100
f 3298/1561/1528 3425/2164/2101 3098/1640/1607
f 1545/1987/1924 3489/2165/2102 257/2166/2103
f 3489/2165/2102 255/2167/2104 257/2166/2103
f 2522/1970/1907 2439/2168/2105 2521/2169/2106
f 2981/2170/2107 1515/1772/1721 1524/1774/1723
f 1544/2162/2099 1537/1946/1883 1533/1944/1881
f 1537/1946/1883 2981/2170/2107 1524/1774/1723
f 1515/1772/1721 2981/2170/2107 1543/2171/2108
f 2692/1991/1928 3483/1985/1922 2708/1982/1919
f 450/2172/2109 1488/2173/2110 1467/1757/1706
f 2053/2174/2111 3552/2175/2112 2451/2176/2113
f 3237/2043/1980 2975/2177/2114 2760/2041/1978
f 1543/2171/2108 1544/2162/2099 1545/1987/1924
f 1543/2171/2108 2999/2178/2115 2966/2053/1990
f 2979/2161/2098 450/2172/2109 3504/1773/1722
f 3029/1937/1874 152/1933/1870 256/2179/2116
f 1515/1772/1721 2979/2161/2098 3504/1773/1722
f 2437/1974/1911 3551/1973/1910 2500/2180/2117
f 1545/1987/1924 2999/2178/2115 1543/2171/2108
f 2999/2178/2115 1545/1987/1924 2966/2053/1990
f 3079/2181/2118 3483/1985/1922 1585/2182/2119
f 2966/2053/1990 2979/2161/2098 1515/1772/1721
f 3095/2118/2055 2648/2117/2054 2645/2183/2120
f 1544/2162/2099 3489/2165/2102 1545/1987/1924
f 2979/2161/2098 1471/1926/1863 450/2172/2109
f 1543/2171/2108 2981/2170/2107 1544/2162/2099
f 152/1933/1870 1568/1930/1867 3484/2184/2121
f 2876/1927/1864 1471/1926/1863 2979/2161/2098
f 3484/2184/2121 1583/2185/2122 1585/2182/2119
f 2723/1980/1917 3483/1985/1922 3079/2181/2118
f 1495/1736/1688 450/2172/2109 1471/1926/1863
f 3524/1935/1872 3508/2186/2123 2916/2163/2100
f 1544/2162/2099 2981/2170/2107 1537/1946/1883
f 2975/2177/2114 3237/2043/1980 280/2187/2124
f 1544/2162/2099 2916/2163/2100 3508/2186/2123
f 2975/2177/2114 2713/1983/1920 2584/1984/1921
f 1472/1758/1707 1467/1757/1706 1488/2173/2110
f 3298/1561/1528 2107/1568/1535 3452/2188/2125
f 1582/2115/2052 1573/2109/2046 1589/1893/1833
f 3489/2165/2102 3508/2186/2123 255/2167/2104
f 450/2172/2109 1467/1757/1706 3504/1773/1722
f 3508/2186/2123 3029/1937/1874 255/2167/2104
f 450/2172/2109 1495/1736/1688 3492/1680/1643
f 2721/1981/1918 2725/2189/2126 2929/2190/2127
f 257/2166/2103 2793/1988/1925 3494/1986/1923
f 3546/2191/2128 3548/2048/1985 3520/2192/2129
f 3546/2191/2128 3545/2193/2130 248/2194/2131
f 3559/2195/2132 2500/2180/2117 248/2194/2131
f 2107/1568/1535 3468/2146/2083 2623/2196/2133
f 1543/2171/2108 2966/2053/1990 1515/1772/1721
f 2793/1988/1925 257/2166/2103 2782/1990/1927
f 2708/1982/1919 2713/1983/1920 2642/1992/1929
f 255/2167/2104 3029/1937/1874 256/2179/2116
f 3079/2181/2118 2646/2197/2134 2723/1980/1917
f 3492/1680/1643 3523/1679/1642 1488/2173/2110
f 1576/1789/1737 3223/2198/2135 3179/2068/2005
f 1557/2067/2004 3471/2154/2091 1576/1789/1737
f 3179/2068/2005 3223/2198/2135 3109/2094/2031
f 3189/2112/2049 3109/2094/2031 487/2150/2087
f 1557/2067/2004 1576/1789/1737 3179/2068/2005
f 1549/1942/1879 3118/2110/2047 1593/2148/2085
f 2617/2158/2095 3075/2199/2136 2613/2156/2093
f 2646/2197/2134 3079/2181/2118 2565/2081/2018
f 3109/2094/2031 3223/2198/2135 3232/2200/2137
f 3118/2110/2047 1558/2071/2008 1565/2074/2011
f 3110/2093/2030 3112/2082/2019 2418/2160/2097
f 1589/1893/1833 1748/1884/1824 1582/2115/2052
f 1576/1789/1737 3471/2154/2091 1542/1781/1729
f 2565/2081/2018 2992/2083/2020 2646/2197/2134
f 3389/2079/2016 1658/1882/1822 1587/1857/1801
f 3110/2093/2030 3197/2086/2023 2992/2083/2020
f 1570/2104/2041 1552/2072/2009 1558/2071/2008
f 3232/2200/2137 3223/2198/2135 1576/1789/1737
f 487/2150/2087 3109/2094/2031 3232/2200/2137
f 1593/2148/2085 3083/1929/1866 1549/1942/1879
f 486/2092/2029 487/2150/2087 491/1783/1731
f 1756/2073/2010 1650/2075/2012 2028/1856/1800
f 3189/2112/2049 3110/2093/2030 2418/2160/2097
f 491/1783/1731 3459/1553/1520 3048/2099/2036
f 1560/2070/2007 1552/2072/2009 1573/2109/2046
f 2860/2080/2017 1739/1784/1732 3170/2106/2043
f 1768/2078/2015 1591/2084/2021 1658/1882/1822
f 3476/1782/1730 1542/1781/1729 3471/2154/2091
f 487/2150/2087 486/2092/2029 3110/2093/2030
f 1576/1789/1737 492/1786/1734 3232/2200/2137
f 487/2150/2087 3232/2200/2137 491/1783/1731
f 1650/2075/2012 3389/2079/2016 2028/1856/1800
f 491/1783/1731 3232/2200/2137 492/1786/1734
f 2750/1989/1926 2793/1988/1925 2782/1990/1927
f 2556/2201/2138 3522/2202/2139 3520/2192/2129
f 1488/2173/2110 3523/1679/1642 1472/1758/1707
f 3042/2203/2140 2782/1990/1927 256/2179/2116
f 3559/2195/2132 2439/2168/2105 2500/2180/2117
f 152/1933/1870 3484/2184/2121 256/2179/2116
f 3042/2203/2140 256/2179/2116 3484/2184/2121
f 2556/2201/2138 2727/2204/2141 3503/2205/2142
f 2515/2206/2143 2634/2121/2058 3426/2207/2144
f 1545/1987/1924 3505/1969/1906 2934/2000/1937
f 2713/1983/1920 2975/2177/2114 280/2187/2124
f 3524/1935/1872 3029/1937/1874 3508/2186/2123
f 3042/2203/2140 3483/1985/1922 2692/1991/1928
f 3484/2184/2121 1585/2182/2119 3483/1985/1922
f 2584/1984/1921 2680/2208/2145 2975/2177/2114
f 3492/1680/1643 1488/2173/2110 450/2172/2109
f 1544/2162/2099 3508/2186/2123 3489/2165/2102
f 2680/2208/2145 2929/2190/2127 2727/2204/2141
f 3522/2202/2139 3545/2193/2130 3520/2192/2129
f 2708/1982/1919 2642/1992/1929 2692/1991/1928
f 2725/2189/2126 2745/2157/2094 3503/2205/2142
f 2522/1970/1907 2521/2169/2106 3552/2175/2112
f 2646/2197/2134 2745/2157/2094 2725/2189/2126
f 2782/1990/1927 257/2166/2103 256/2179/2116
f 3425/2164/2101 3452/2188/2125 2515/2206/2143
f 3083/1929/1866 1585/2182/2119 1583/2185/2122
f 3083/1929/1866 2418/2160/2097 1585/2182/2119
f 2646/2197/2134 2992/2083/2020 2745/2157/2094
f 3170/2106/2043 1739/1784/1732 3476/1782/1730
f 2584/1984/1921 2929/2190/2127 2680/2208/2145
f 1986/2209/2146 1081/2210/2147 3589/2211/2148
f 3083/1929/1866 1593/2148/2085 2418/2160/2097
f 1585/2182/2119 2418/2160/2097 3079/2181/2118
f 2713/1983/1920 2643/1968/1905 2642/1992/1929
f 3484/2184/2121 3483/1985/1922 3042/2203/2140
f 3545/2193/2130 2590/2128/2065 3559/2195/2132
f 2418/2160/2097 3112/2082/2019 3079/2181/2118
f 3471/2154/2091 3170/2106/2043 3476/1782/1730
f 2992/2083/2020 3112/2082/2019 3110/2093/2030
f 1587/1857/1801 2028/1856/1800 3389/2079/2016
f 1756/2073/2010 1788/1785/1733 1739/1784/1732
f 2723/1980/1917 2646/2197/2134 2721/1981/1918
f 2876/1927/1864 2979/2161/2098 3085/2052/1989
f 491/1783/1731 3197/2086/2023 486/2092/2029
f 2672/1549/1516 3075/2199/2136 3259/2212/2149
f 3079/2181/2118 3112/2082/2019 2565/2081/2018
f 2643/1968/1905 2713/1983/1920 280/2187/2124
f 1756/2073/2010 1722/1775/1192 1788/1785/1733
f 2992/2083/2020 3197/2086/2023 3200/2088/2025
f 2646/2197/2134 2725/2189/2126 2721/1981/1918
f 2617/2158/2095 2992/2083/2020 3200/2088/2025
f 1545/1987/1924 257/2166/2103 3494/1986/1923
f 3237/2043/1980 2643/1968/1905 280/2187/2124
f 3229/2213/2150 3199/2087/2024 3048/2099/2036
f 2500/2180/2117 3551/1973/1910 3498/2027/1964
f 1565/2074/2011 1558/2071/2008 489/2069/2006
f 2645/2183/2120 2648/2117/2054 1081/2210/2147
f 2745/2157/2094 2992/2083/2020 2617/2158/2095
f 2975/2177/2114 2081/2214/2151 2760/2041/1978
f 2680/2208/2145 2081/2214/2151 2975/2177/2114
f 3075/2199/2136 2617/2158/2095 3200/2088/2025
f 3200/2088/2025 3199/2087/2024 3229/2213/2150
f 3259/2212/2149 3075/2199/2136 3200/2088/2025
f 3200/2088/2025 3229/2213/2150 3259/2212/2149
f 3503/2205/2142 2745/2157/2094 2613/2156/2093
f 2725/2189/2126 2727/2204/2141 2929/2190/2127
f 2081/2214/2151 1060/2215/2152 2760/2041/1978
f 3241/1592/1559 2613/2156/2093 3075/2199/2136
f 2081/2214/2151 2680/2208/2145 1060/2215/2152
f 2727/2204/2141 2556/2201/2138 3520/2192/2129
f 3259/2212/2149 3229/2213/2150 3227/1565/1532
f 2446/2126/2063 3503/2205/2142 2613/2156/2093
f 3241/1592/1559 3426/2207/2144 2613/2156/2093
f 3075/2199/2136 3416/1593/1560 3241/1592/1559
f 2556/2201/2138 3503/2205/2142 2538/2153/2090
f 2725/2189/2126 3503/2205/2142 2727/2204/2141
f 3075/2199/2136 2672/1549/1516 3416/1593/1560
f 3265/1550/1517 2672/1549/1516 3259/2212/2149
f 3259/2212/2149 3227/1565/1532 3265/1550/1517
f 2760/2041/1978 1060/2215/2152 2609/2009/1946
f 2446/2126/2063 2613/2156/2093 2639/2127/2064
f 2538/2153/2090 3503/2205/2142 2446/2126/2063
f 2613/2156/2093 3426/2207/2144 2639/2127/2064
f 3098/1640/1607 3426/2207/2144 3241/1592/1559
f 2649/2216/2153 2590/2128/2065 2639/2127/2064
f 2782/1990/1927 3042/2203/2140 2692/1991/1928
f 3459/1553/1520 3227/1565/1532 3229/2213/2150
f 2515/2206/2143 3452/2188/2125 2623/2196/2133
f 3520/2192/2129 2680/2208/2145 2727/2204/2141
f 2721/1981/1918 2929/2190/2127 2584/1984/1921
f 2568/2217/2154 2638/2149/2086 3475/2218/2155
f 3548/2048/1985 1060/2215/2152 2680/2208/2145
f 2538/2153/2090 3522/2202/2139 2556/2201/2138
f 255/2167/2104 256/2179/2116 257/2166/2103
f 2609/2009/1946 1060/2215/2152 3540/2026/1963
f 3520/2192/2129 3548/2048/1985 2680/2208/2145
f 3484/2184/2121 1568/1930/1867 1583/2185/2122
f 3548/2048/1985 3540/2026/1963 1060/2215/2152
f 1568/1930/1867 3083/1929/1866 1583/2185/2122
f 2590/2128/2065 3522/2202/2139 2538/2153/2090
f 3520/2192/2129 3545/2193/2130 3546/2191/2128
f 2590/2128/2065 3545/2193/2130 3522/2202/2139
f 3548/2048/1985 3546/2191/2128 3498/2027/1964
f 3546/2191/2128 248/2194/2131 3498/2027/1964
f 3545/2193/2130 3559/2195/2132 248/2194/2131
f 3559/2195/2132 2590/2128/2065 2649/2216/2153
f 2500/2180/2117 3498/2027/1964 248/2194/2131
f 1986/2209/2146 3559/2195/2132 2649/2216/2153
f 3589/2211/2148 2451/2176/2113 2521/2169/2106
f 3559/2195/2132 1986/2209/2146 2439/2168/2105
f 2500/2180/2117 2439/2168/2105 2437/1974/1911
f 2439/2168/2105 1986/2209/2146 2521/2169/2106
f 2437/1974/1911 2439/2168/2105 2522/1970/1907
f 1533/1944/1881 3524/1935/1872 2916/2163/2100
f 2521/2169/2106 1986/2209/2146 3589/2211/2148
f 2521/2169/2106 2451/2176/2113 3552/2175/2112
f 3589/2211/2148 1914/2147/2084 2451/2176/2113
f 2451/2176/2113 1914/2147/2084 2053/2174/2111
f 2645/2183/2120 2649/2216/2153 2568/2217/2154
f 3589/2211/2148 1081/2210/2147 1914/2147/2084
f 1916/2136/2073 2053/2174/2111 1914/2147/2084
f 1081/2210/2147 2648/2117/2054 1914/2147/2084
f 3475/2218/2155 3095/2118/2055 2645/2183/2120
f 2568/2217/2154 2639/2127/2064 3436/2132/2069
f 2645/2183/2120 2568/2217/2154 3475/2218/2155
f 3475/2218/2155 2638/2149/2086 3095/2118/2055
f 3436/2132/2069 2638/2149/2086 2568/2217/2154
f 3436/2132/2069 2639/2127/2064 3426/2207/2144
f 2634/2121/2058 3436/2132/2069 3426/2207/2144
f 2634/2121/2058 2515/2206/2143 2623/2196/2133
f 3425/2164/2101 2515/2206/2143 3426/2207/2144
f 3468/2146/2083 2634/2121/2058 2623/2196/2133
f 3425/2164/2101 3426/2207/2144 3098/1640/1607
f 2107/1568/1535 2623/2196/2133 3452/2188/2125
f 3425/2164/2101 3298/1561/1528 3452/2188/2125
f 3558/1971/1908 2522/1970/1907 3552/2175/2112
f 1986/2209/2146 2649/2216/2153 1081/2210/2147
f 2649/2216/2153 2645/2183/2120 1081/2210/2147
f 2649/2216/2153 2639/2127/2064 2568/2217/2154
f 3048/2099/2036 3459/1553/1520 3229/2213/2150
f 2934/2000/1937 2966/2053/1990 1545/1987/1924
f 3206/2219/2156 3190/2220/2157 3163/2221/2158
f 2245/2222/2159 3273/2223/2160 3216/2224/2161
f 2375/2225/2162 3193/2226/2163 3273/2223/2160
f 2278/2227/2164 3216/2224/2161 2215/2228/2165
f 1982/2229/2166 1983/2230/2167 2605/2231/2168
f 977/2232/2169 217/2233/1461 417/2234/2170
f 2297/2235/2171 1975/2236/2172 2465/2237/2173
f 715/2238/2174 1978/2239/2175 775/2240/2176
f 140/2241/2177 709/2242/2178 708/2243/2179
f 218/2244/2180 131/2245/2181 408/2246/2182
f 1981/2247/2183 2350/2248/2184 2530/2249/2185
f 417/2234/2170 755/2250/2186 445/2251/2187
f 712/2252/2188 711/2253/2189 769/2254/2190
f 1977/2255/2191 2605/2231/2168 2009/2256/2192
f 138/2257/2193 708/2243/2179 147/2258/2194
f 138/2257/2193 370/2259/2195 372/2260/2196
f 2655/2261/2197 2640/2262/2198 758/2263/2199
f 710/2264/2200 2650/2265/2201 776/2266/2202
f 1971/2267/2203 1993/2268/2204 1972/2269/2205
f 214/2270/2206 210/2271/2207 408/2246/2182
f 772/2272/2208 715/2238/2174 775/2240/2176
f 737/2273/2209 147/2258/2194 712/2252/2188
f 708/2243/2179 707/2274/2210 140/2241/2177
f 2465/2237/2173 1975/2236/2172 2243/2275/2211
f 707/2274/2210 139/2276/2212 140/2241/2177
f 709/2242/2178 711/2253/2189 712/2252/2188
f 2640/2262/2198 2297/2235/2171 1974/2277/2213
f 710/2264/2200 776/2266/2202 711/2253/2189
f 214/2270/2206 207/2278/1464 210/2271/2207
f 709/2242/2178 710/2264/2200 711/2253/2189
f 409/2279/2214 737/2273/2209 218/2244/2180
f 214/2270/2206 755/2250/2186 207/2278/1464
f 712/2252/2188 147/2258/2194 709/2242/2178
f 776/2266/2202 772/2272/2208 711/2253/2189
f 769/2254/2190 775/2240/2176 2461/2280/2215
f 217/2233/1461 440/2281/1460 417/2234/2170
f 941/2282/2216 131/2245/2181 218/2244/2180
f 769/2254/2190 941/2282/2216 712/2252/2188
f 2388/2283/1305 1972/2269/2205 1993/2268/2204
f 776/2266/2202 2650/2265/2201 715/2238/2174
f 207/2278/1464 755/2250/2186 440/2281/1460
f 772/2272/2208 775/2240/2176 769/2254/2190
f 772/2272/2208 776/2266/2202 715/2238/2174
f 772/2272/2208 769/2254/2190 711/2253/2189
f 708/2243/2179 372/2260/2196 707/2274/2210
f 210/2271/2207 409/2279/2214 408/2246/2182
f 1978/2239/2175 1503/2284/2217 775/2240/2176
f 710/2264/2200 778/2285/2218 2650/2265/2201
f 2334/2286/2219 2009/2256/2192 1983/2230/2167
f 214/2270/2206 131/2245/2181 446/2287/2220
f 218/2244/2180 712/2252/2188 941/2282/2216
f 408/2246/2182 131/2245/2181 214/2270/2206
f 372/2260/2196 708/2243/2179 138/2257/2193
f 1973/2288/2221 977/2232/2169 445/2251/2187
f 218/2244/2180 408/2246/2182 409/2279/2214
f 140/2241/2177 710/2264/2200 709/2242/2178
f 440/2281/1460 755/2250/2186 417/2234/2170
f 446/2287/2220 755/2250/2186 214/2270/2206
f 147/2258/2194 708/2243/2179 709/2242/2178
f 130/2289/2222 143/2290/2223 129/2291/2224
f 130/2289/2222 129/2291/2224 678/2292/2225
f 129/2291/2224 175/2293/519 678/2292/2225
f 1975/2236/2172 2006/2294/2226 2174/2295/2227
f 175/2293/519 129/2291/2224 173/2296/507
f 132/2297/2228 130/2289/2222 678/2292/2225
f 682/2298/2229 679/2299/2230 133/2300/2231
f 758/2263/2199 2640/2262/2198 445/2251/2187
f 2655/2261/2197 2653/2301/2232 1984/2302/2233
f 129/2291/2224 134/2303/2234 173/2296/507
f 769/2254/2190 2393/2304/2235 941/2282/2216
f 1966/2305/2236 1971/2267/2203 1996/2306/2237
f 679/2299/2230 143/2290/2223 130/2289/2222
f 2350/2248/2184 1972/2269/2205 756/2307/1468
f 134/2303/2234 129/2291/2224 143/2290/2223
f 1974/2277/2213 2017/2308/2238 1981/2247/2183
f 869/2309/2239 279/2310/2240 7/2311/2241
f 2350/2248/2184 1996/2306/2237 1971/2267/2203
f 608/2312/2242 60/2313/2243 62/2314/1998
f 1005/2315/2244 594/2316/2245 585/2317/2246
f 545/2318/2247 993/2319/2248 917/2320/2249
f 7/2311/2241 279/2310/2240 585/2317/2246
f 593/2321/2250 539/2322/2251 869/2309/2239
f 604/2323/2252 3044/2324/2253 625/2325/2254
f 2047/2326/2255 2015/2327/2256 2012/2328/2257
f 7/2311/2241 594/2316/2245 593/2321/2250
f 135/2329/2258 134/2303/2234 143/2290/2223
f 325/2330/2259 585/2317/2246 586/2331/2260
f 542/2332/2261 545/2318/2247 1005/2315/2244
f 5/2333/2262 469/2334/2263 6/2335/2264
f 720/2336/2265 143/2290/2223 679/2299/2230
f 33/2337/117 279/2310/2240 278/2338/174
f 545/2318/2247 594/2316/2245 1005/2315/2244
f 775/2240/2176 1503/2284/2217 2334/2286/2219
f 539/2322/2251 71/2339/2266 601/2340/175
f 467/2341/2267 1005/2315/2244 325/2330/2259
f 132/2297/2228 678/2292/2225 2660/2342/472
f 2872/2343/2268 2083/2344/2269 2140/2345/2270
f 543/2346/2271 1005/2315/2244 467/2341/2267
f 2872/2343/2268 3420/2347/2272 3335/2348/2273
f 543/2346/2271 542/2332/2261 1005/2315/2244
f 594/2316/2245 545/2318/2247 917/2320/2249
f 593/2321/2250 869/2309/2239 7/2311/2241
f 325/2330/2259 586/2331/2260 326/2349/2274
f 2085/2350/2275 2199/2351/2276 2093/2352/2277
f 326/2349/2274 315/2353/116 296/2354/173
f 3031/2355/2278 3419/2356/2279 3329/2357/2280
f 3141/2358/2281 993/2319/2248 3343/2359/2282
f 3313/2360/2283 3141/2358/2281 3312/2361/2284
f 594/2316/2245 3044/2324/2253 593/2321/2250
f 2113/2362/2285 3188/2363/2286 2799/2364/2287
f 469/2334/2263 326/2349/2274 6/2335/2264
f 543/2346/2271 467/2341/2267 889/2365/2288
f 586/2331/2260 315/2353/116 326/2349/2274
f 889/2365/2288 469/2334/2263 473/2366/2289
f 326/2349/2274 467/2341/2267 325/2330/2259
f 133/2300/2231 679/2299/2230 130/2289/2222
f 295/2367/2290 296/2354/173 888/2368/120
f 3654/2369/2291 2056/2370/2292 1727/2371/2293
f 469/2334/2263 5/2333/2262 473/2366/2289
f 143/2290/2223 720/2336/2265 135/2329/2258
f 3044/2324/2253 917/2320/2249 3141/2358/2281
f 2238/2372/2294 3155/2373/2295 2236/2374/2296
f 559/2375/2297 3155/2373/2295 2238/2372/2294
f 3153/2376/2298 2236/2374/2296 3154/2377/2299
f 3155/2373/2295 559/2375/2297 2060/2378/2300
f 3154/2377/2299 3155/2373/2295 2060/2378/2300
f 2236/2374/2296 3155/2373/2295 3154/2377/2299
f 539/2322/2251 601/2340/175 869/2309/2239
f 3374/2379/2301 3339/2380/2302 3375/2381/2303
f 3374/2379/2301 3338/2382/2304 3339/2380/2302
f 542/2332/2261 1392/2383/2305 472/2384/2306
f 1392/2383/2305 535/2385/2307 3640/2386/2308
f 2483/2387/2309 3246/2388/2310 3247/2389/2311
f 3203/2390/2312 3246/2388/2310 2483/2387/2309
f 2377/2391/2313 3247/2389/2311 3246/2388/2310
f 2283/2392/2314 2309/2393/2315 2377/2391/2313
f 2483/2387/2309 3247/2389/2311 2308/2394/2316
f 2377/2391/2313 3246/2388/2310 2305/2395/2317
f 2377/2391/2313 2305/2395/2317 2275/2396/2318
f 2483/2387/2309 3354/2397/826 3203/2390/2312
f 2305/2395/2317 2629/2398/2319 2275/2396/2318
f 2305/2395/2317 3246/2388/2310 3203/2390/2312
f 2283/2392/2314 2377/2391/2313 2275/2396/2318
f 3338/2382/2304 3640/2386/2308 470/2399/2320
f 535/2385/2307 1392/2383/2305 542/2332/2261
f 3640/2386/2308 535/2385/2307 470/2399/2320
f 3338/2382/2304 470/2399/2320 3339/2380/2302
f 543/2346/2271 535/2385/2307 542/2332/2261
f 471/2400/2321 470/2399/2320 535/2385/2307
f 470/2399/2320 471/2400/2321 3306/2401/2322
f 3234/2402/2323 3339/2380/2302 3108/2403/2324
f 543/2346/2271 3157/2404/2325 471/2400/2321
f 3113/2405/2326 5/2333/2262 897/2406/2327
f 889/2365/2288 3157/2404/2325 543/2346/2271
f 3108/2403/2324 3157/2404/2325 3315/2407/2328
f 3234/2402/2323 3108/2403/2324 3316/2408/2329
f 918/2409/2330 897/2406/2327 904/2410/2331
f 3108/2403/2324 3306/2401/2322 471/2400/2321
f 3301/2411/2332 3315/2407/2328 3113/2405/2326
f 889/2365/2288 3315/2407/2328 3157/2404/2325
f 3157/2404/2325 3108/2403/2324 471/2400/2321
f 3301/2411/2332 3316/2408/2329 3315/2407/2328
f 543/2346/2271 471/2400/2321 535/2385/2307
f 3108/2403/2324 3315/2407/2328 3316/2408/2329
f 470/2399/2320 3306/2401/2322 3339/2380/2302
f 3339/2380/2302 3306/2401/2322 3108/2403/2324
f 473/2366/2289 3113/2405/2326 3315/2407/2328
f 5/2333/2262 3113/2405/2326 473/2366/2289
f 473/2366/2289 3315/2407/2328 889/2365/2288
f 3301/2411/2332 3113/2405/2326 918/2409/2330
f 3301/2411/2332 3234/2402/2323 3316/2408/2329
f 3234/2402/2323 3375/2381/2303 3339/2380/2302
f 3113/2405/2326 897/2406/2327 918/2409/2330
f 2104/2412/2333 3432/2413/2334 3366/2414/2335
f 2074/2415/2336 3158/2416/2337 2076/2417/2338
f 2660/2342/472 678/2292/2225 175/2293/519
f 210/2271/2207 207/2278/1464 438/2418/312
f 485/2419/2339 3357/2420/2340 3454/2421/2341
f 2055/2422/2342 2056/2370/2292 2090/2423/2343
f 132/2297/2228 133/2300/2231 130/2289/2222
f 3412/2424/2344 3411/2425/2345 3654/2369/2291
f 2872/2343/2268 3329/2357/2280 3419/2356/2279
f 3454/2421/2341 3647/2426/2346 3412/2424/2344
f 3337/2427/2347 2083/2344/2269 2872/2343/2268
f 2660/2342/472 732/2428/2348 132/2297/2228
f 1705/2429/2349 3198/2430/2350 3209/2431/2351
f 3139/2432/2352 3198/2430/2350 2023/2433/2353
f 3335/2348/2273 3375/2381/2303 3234/2402/2323
f 3161/2434/2354 3365/2435/2050 3305/2436/2355
f 3161/2434/2354 3032/2437/2356 3365/2435/2050
f 3234/2402/2323 3337/2427/2347 3335/2348/2273
f 3360/2438/2357 3403/2439/2358 3317/2440/2359
f 2083/2344/2269 3337/2427/2347 3317/2440/2359
f 3349/2441/2360 485/2419/2339 3628/2442/2361
f 3305/2436/2355 3357/2420/2340 3161/2434/2354
f 3360/2438/2357 3317/2440/2359 3349/2441/2360
f 2083/2344/2269 3317/2440/2359 3403/2439/2358
f 484/2443/2362 3348/2444/2363 3564/2445/2364
f 3234/2402/2323 3301/2411/2332 3564/2445/2364
f 3348/2444/2363 3317/2440/2359 3337/2427/2347
f 484/2443/2362 960/2446/2365 485/2419/2339
f 3032/2437/2356 3161/2434/2354 904/2410/2331
f 904/2410/2331 960/2446/2365 918/2409/2330
f 3348/2444/2363 3337/2427/2347 3564/2445/2364
f 3360/2438/2357 3349/2441/2360 3628/2442/2361
f 3154/2377/2299 319/2447/2366 577/2448/2367
f 3317/2440/2359 3348/2444/2363 3349/2441/2360
f 3234/2402/2323 3564/2445/2364 3337/2427/2347
f 904/2410/2331 3357/2420/2340 960/2446/2365
f 3161/2434/2354 3357/2420/2340 904/2410/2331
f 3564/2445/2364 918/2409/2330 960/2446/2365
f 3349/2441/2360 3348/2444/2363 484/2443/2362
f 3357/2420/2340 485/2419/2339 960/2446/2365
f 484/2443/2362 485/2419/2339 3349/2441/2360
f 918/2409/2330 3564/2445/2364 3301/2411/2332
f 540/2449/2368 554/2450/2369 524/2451/2370
f 484/2443/2362 3564/2445/2364 960/2446/2365
f 2093/2352/2277 2102/2452/2371 2116/2453/2372
f 2010/2454/2373 3158/2416/2337 2023/2433/2353
f 3159/2455/2374 2340/2456/2375 3158/2416/2337
f 3145/2457/2376 578/2458/2377 508/2459/2378
f 438/2418/312 439/2460/1491 204/2461/310
f 207/2278/1464 439/2460/1491 438/2418/312
f 2093/2352/2277 2116/2453/2372 2088/2462/2379
f 3420/2347/2272 3375/2381/2303 3335/2348/2273
f 910/2463/757 911/2464/758 559/2375/2297
f 3454/2421/2341 3357/2420/2340 3647/2426/2346
f 213/2465/316 210/2271/2207 438/2418/312
f 493/2466/2380 3185/2467/2381 3292/2468/2382
f 15/2469/2383 524/2451/2370 553/2470/2384
f 553/2470/2384 1915/2471/2385 15/2469/2383
f 3185/2467/2381 3183/2472/2386 3292/2468/2382
f 12/2473/2387 85/2474/2388 34/2475/2389
f 3145/2457/2376 1915/2471/2385 3143/2476/2390
f 3139/2432/2352 3292/2468/2382 3183/2472/2386
f 3257/2477/2391 2149/2478/2392 2571/2479/2393
f 3215/2480/2394 3216/2224/2161 2299/2481/2395
f 2756/2482/2396 2200/2483/2397 3182/2484/2398
f 3215/2480/2394 2299/2481/2395 3160/2485/2399
f 3182/2484/2398 3183/2472/2386 2756/2482/2396
f 573/2486/183 88/2487/181 48/2488/2400
f 2571/2479/2393 2656/2489/2401 3257/2477/2391
f 2656/2489/2401 2336/2490/2402 3294/2491/2403
f 3160/2485/2399 2336/2490/2402 3215/2480/2394
f 3183/2472/2386 3185/2467/2381 2756/2482/2396
f 29/2492/2404 2335/2493/2405 49/2494/2406
f 1705/2429/2349 3245/2495/2407 3400/2496/2408
f 2278/2227/2164 2215/2228/2165 2603/2497/2409
f 2242/2498/2410 2348/2499/2411 2215/2228/2165
f 2010/2454/2373 1705/2429/2349 3400/2496/2408
f 2299/2481/2395 3140/2500/2412 3160/2485/2399
f 2215/2228/2165 3215/2480/2394 2336/2490/2402
f 3272/2501/2413 3209/2431/2351 3182/2484/2398
f 2372/2502/2414 2348/2499/2411 2242/2498/2410
f 3243/2503/2415 2336/2490/2402 2656/2489/2401
f 2149/2478/2392 3257/2477/2391 3213/2504/2416
f 3216/2224/2161 3215/2480/2394 2215/2228/2165
f 1915/2471/2385 508/2459/2378 50/2505/2417
f 3400/2496/2408 3243/2503/2415 2656/2489/2401
f 3294/2491/2403 3257/2477/2391 2656/2489/2401
f 3243/2503/2415 2215/2228/2165 2336/2490/2402
f 2242/2498/2410 3285/2506/2418 2372/2502/2414
f 3243/2503/2415 3400/2496/2408 3245/2495/2407
f 3182/2484/2398 3209/2431/2351 3183/2472/2386
f 3160/2485/2399 3294/2491/2403 2336/2490/2402
f 1705/2429/2349 3209/2431/2351 3245/2495/2407
f 3257/2477/2391 3294/2491/2403 3140/2500/2412
f 1874/2507/2419 552/2508/2420 541/2509/2421
f 911/2464/758 2060/2378/2300 559/2375/2297
f 3209/2431/2351 3272/2501/2413 3285/2506/2418
f 3160/2485/2399 3140/2500/2412 3294/2491/2403
f 3245/2495/2407 3285/2506/2418 2242/2498/2410
f 3285/2506/2418 3245/2495/2407 3209/2431/2351
f 336/2510/753 334/2511/185 573/2486/183
f 572/2512/2422 336/2510/753 573/2486/183
f 911/2464/758 319/2447/2366 2060/2378/2300
f 3257/2477/2391 3140/2500/2412 3213/2504/2416
f 2200/2483/2397 2756/2482/2396 3185/2467/2381
f 3272/2501/2413 3182/2484/2398 2200/2483/2397
f 3285/2506/2418 3272/2501/2413 2372/2502/2414
f 3243/2503/2415 3245/2495/2407 2242/2498/2410
f 45/2513/2423 577/2448/2367 319/2447/2366
f 2338/2514/2424 493/2466/2380 3292/2468/2382
f 3133/2515/2425 3149/2516/2426 578/2458/2377
f 2242/2498/2410 2215/2228/2165 3243/2503/2415
f 3183/2472/2386 3209/2431/2351 3139/2432/2352
f 568/2517/2427 1874/2507/2419 541/2509/2421
f 2656/2489/2401 2571/2479/2393 3400/2496/2408
f 12/2473/2387 36/2518/2428 85/2474/2388
f 2010/2454/2373 3400/2496/2408 2571/2479/2393
f 2215/2228/2165 2348/2499/2411 2603/2497/2409
f 2343/2519/2429 2327/2520/2430 2344/2521/2431
f 3313/2360/2283 1843/2522/2432 575/2523/2433
f 2344/2521/2431 2327/2520/2430 2324/2524/2434
f 36/2518/2428 88/2487/181 85/2474/2388
f 2324/2524/2434 3297/2525/2435 2281/2526/2436
f 3275/2527/2437 2342/2528/2438 2341/2529/2439
f 3153/2376/2298 3149/2516/2426 3133/2515/2425
f 577/2448/2367 578/2458/2377 3149/2516/2426
f 598/2530/710 572/2512/2422 947/2531/2440
f 553/2470/2384 552/2508/2420 3143/2476/2390
f 2335/2493/2405 947/2531/2440 49/2494/2406
f 2342/2528/2438 3297/2525/2435 2341/2529/2439
f 2303/2532/2441 2341/2529/2439 3297/2525/2435
f 2315/2533/2442 2396/2534/2443 2286/2535/2444
f 1915/2471/2385 50/2505/2417 15/2469/2383
f 2245/2222/2159 2396/2534/2443 2303/2532/2441
f 11/2536/2445 546/2537/2446 547/2538/2447
f 3143/2476/2390 1915/2471/2385 553/2470/2384
f 2344/2521/2431 2324/2524/2434 2281/2526/2436
f 2373/2539/2448 3238/2540/2449 2367/2541/2450
f 2335/2493/2405 50/2505/2417 577/2448/2367
f 554/2450/2369 541/2509/2421 552/2508/2420
f 2220/2542/2451 2284/2543/2452 2373/2539/2448
f 48/2488/2400 36/2518/2428 35/2544/2453
f 2402/2545/2454 2284/2543/2452 2406/2546/2455
f 2225/2547/2456 2396/2534/2443 2245/2222/2159
f 2371/2548/2457 2370/2549/2458 2367/2541/2450
f 2367/2541/2450 2189/2550/2459 2220/2542/2451
f 47/2551/696 947/2531/2440 2335/2493/2405
f 50/2505/2417 29/2492/2404 15/2469/2383
f 2403/2552/2460 2412/2553/2461 2449/2554/2462
f 2371/2548/2457 2245/2222/2159 2278/2227/2164
f 2371/2548/2457 2209/2555/2463 2370/2549/2458
f 572/2512/2422 598/2530/710 336/2510/753
f 3313/2360/2283 575/2523/2433 520/2556/2464
f 50/2505/2417 2335/2493/2405 29/2492/2404
f 2284/2543/2452 2220/2542/2451 2406/2546/2455
f 29/2492/2404 524/2451/2370 15/2469/2383
f 2403/2552/2460 1380/2557/2465 110/2558/2466
f 49/2494/2406 572/2512/2422 1020/2559/2467
f 2220/2542/2451 2189/2550/2459 2226/2560/2468
f 35/2544/2453 540/2449/2368 524/2451/2370
f 2226/2560/2468 2189/2550/2459 110/2558/2466
f 88/2487/181 86/2561/180 85/2474/2388
f 1020/2559/2467 48/2488/2400 49/2494/2406
f 29/2492/2404 49/2494/2406 35/2544/2453
f 521/2562/2469 34/2475/2389 625/2325/2254
f 47/2551/696 45/2513/2423 584/2563/697
f 541/2509/2421 554/2450/2369 540/2449/2368
f 541/2509/2421 540/2449/2368 568/2517/2427
f 546/2537/2446 540/2449/2368 35/2544/2453
f 49/2494/2406 48/2488/2400 35/2544/2453
f 545/2318/2247 542/2332/2261 472/2384/2306
f 2404/2564/2470 2403/2552/2460 110/2558/2466
f 36/2518/2428 547/2538/2447 35/2544/2453
f 947/2531/2440 47/2551/696 598/2530/710
f 2412/2553/2461 2404/2564/2470 2223/2565/2471
f 2278/2227/2164 2603/2497/2409 3221/2566/2472
f 472/2384/2306 993/2319/2248 545/2318/2247
f 578/2458/2377 3145/2457/2376 3133/2515/2425
f 34/2475/2389 85/2474/2388 625/2325/2254
f 2352/2567/2473 2209/2555/2463 3221/2566/2472
f 2345/2568/2474 2209/2555/2463 2352/2567/2473
f 2371/2548/2457 2225/2547/2456 2245/2222/2159
f 11/2536/2445 521/2562/2469 566/2569/2475
f 36/2518/2428 12/2473/2387 547/2538/2447
f 110/2558/2466 2345/2568/2474 2212/2570/2476
f 625/2325/2254 520/2556/2464 521/2562/2469
f 2331/2571/2477 2345/2568/2474 2353/2572/2478
f 35/2544/2453 524/2451/2370 29/2492/2404
f 1876/2573/2479 1843/2522/2432 1894/2574/2480
f 11/2536/2445 12/2473/2387 34/2475/2389
f 295/2367/2290 537/2575/169 41/2576/2481
f 552/2508/2420 1874/2507/2419 1876/2573/2479
f 3146/2577/2482 3145/2457/2376 3143/2476/2390
f 47/2551/696 2335/2493/2405 45/2513/2423
f 41/2576/2481 60/2313/2243 6/2335/2264
f 577/2448/2367 508/2459/2378 578/2458/2377
f 1860/2578/2483 3387/2579/2484 1894/2574/2480
f 48/2488/2400 1020/2559/2467 573/2486/183
f 1874/2507/2419 1843/2522/2432 1876/2573/2479
f 319/2447/2366 3154/2377/2299 2060/2378/2300
f 12/2473/2387 11/2536/2445 547/2538/2447
f 2345/2568/2474 2221/2580/2485 2212/2570/2476
f 3399/2581/2486 2182/2582/2487 2176/2583/2488
f 575/2523/2433 1874/2507/2419 568/2517/2427
f 2208/2584/2489 3219/2585/2490 2223/2565/2471
f 566/2569/2475 568/2517/2427 546/2537/2446
f 2206/2586/2491 2212/2570/2476 2219/2587/2492
f 48/2488/2400 88/2487/181 36/2518/2428
f 2348/2499/2411 2353/2572/2478 2352/2567/2473
f 3145/2457/2376 508/2459/2378 1915/2471/2385
f 520/2556/2464 575/2523/2433 521/2562/2469
f 2331/2571/2477 2353/2572/2478 3236/2588/2493
f 1843/2522/2432 3313/2360/2283 1860/2578/2483
f 2331/2571/2477 2221/2580/2485 2345/2568/2474
f 2182/2582/2487 2112/2589/2494 2176/2583/2488
f 2182/2582/2487 3399/2581/2486 2109/2590/2495
f 3219/2585/2490 2208/2584/2489 2407/2591/2496
f 3153/2376/2298 3154/2377/2299 3149/2516/2426
f 1843/2522/2432 1874/2507/2419 575/2523/2433
f 3236/2588/2493 2353/2572/2478 2348/2499/2411
f 2331/2571/2477 3236/2588/2493 3240/2592/2497
f 2192/2593/2498 2221/2580/2485 2331/2571/2477
f 86/2561/180 71/2339/2266 85/2474/2388
f 85/2474/2388 71/2339/2266 625/2325/2254
f 584/2563/697 319/2447/2366 911/2464/758
f 3180/2594/2499 1860/2578/2483 3312/2361/2284
f 3221/2566/2472 2371/2548/2457 2278/2227/2164
f 2221/2580/2485 2219/2587/2492 2212/2570/2476
f 3180/2594/2499 3387/2579/2484 1860/2578/2483
f 2219/2587/2492 2221/2580/2485 2192/2593/2498
f 3149/2516/2426 3154/2377/2299 577/2448/2367
f 60/2313/2243 608/2312/2242 63/2595/2500
f 553/2470/2384 554/2450/2369 552/2508/2420
f 572/2512/2422 49/2494/2406 947/2531/2440
f 3312/2361/2284 1860/2578/2483 3313/2360/2283
f 625/2325/2254 3044/2324/2253 520/2556/2464
f 521/2562/2469 11/2536/2445 34/2475/2389
f 2182/2582/2487 2109/2590/2495 2112/2589/2494
f 2219/2587/2492 2337/2596/2501 2407/2591/2496
f 2229/2597/2502 2407/2591/2496 2337/2596/2501
f 3222/2598/2503 3240/2592/2497 3236/2588/2493
f 3240/2592/2497 2192/2593/2498 2331/2571/2477
f 554/2450/2369 553/2470/2384 524/2451/2370
f 42/2599/2504 59/2600/1991 41/2576/2481
f 521/2562/2469 575/2523/2433 566/2569/2475
f 2192/2593/2498 2213/2601/2505 2219/2587/2492
f 540/2449/2368 546/2537/2446 568/2517/2427
f 508/2459/2378 577/2448/2367 50/2505/2417
f 2109/2590/2495 2119/2602/2506 2114/2603/2507
f 546/2537/2446 11/2536/2445 566/2569/2475
f 2335/2493/2405 577/2448/2367 45/2513/2423
f 3201/2604/2508 2162/2605/2509 3018/2606/2510
f 547/2538/2447 546/2537/2446 35/2544/2453
f 566/2569/2475 575/2523/2433 568/2517/2427
f 2447/2607/2511 2407/2591/2496 2229/2597/2502
f 3313/2360/2283 520/2556/2464 3044/2324/2253
f 3401/2608/2512 2202/2609/2513 2330/2610/2514
f 1860/2578/2483 1894/2574/2480 1843/2522/2432
f 3052/2611/2515 1721/2612/2516 2332/2613/2517
f 573/2486/183 1020/2559/2467 572/2512/2422
f 45/2513/2423 319/2447/2366 584/2563/697
f 3222/2598/2503 3236/2588/2493 2372/2502/2414
f 71/2339/2266 86/2561/180 601/2340/175
f 1380/2557/2465 2403/2552/2460 2402/2545/2454
f 3146/2577/2482 3133/2515/2425 3145/2457/2376
f 466/2614/2518 62/2314/1998 603/2615/1753
f 2871/2616/2519 3350/2617/2520 2117/2618/2521
f 6/2335/2264 326/2349/2274 295/2367/2290
f 586/2331/2260 279/2310/2240 33/2337/117
f 62/2314/1998 60/2313/2243 59/2600/1991
f 6/2335/2264 295/2367/2290 41/2576/2481
f 325/2330/2259 1005/2315/2244 585/2317/2246
f 3240/2592/2497 2213/2601/2505 2192/2593/2498
f 2396/2534/2443 2373/2539/2448 2286/2535/2444
f 3032/2437/2356 608/2312/2242 3073/2619/2048
f 897/2406/2327 63/2595/2500 904/2410/2331
f 3073/2619/2048 608/2312/2242 466/2614/2518
f 2367/2541/2450 2220/2542/2451 2373/2539/2448
f 2108/2620/2522 2366/2621/2523 2109/2590/2495
f 585/2317/2246 594/2316/2245 7/2311/2241
f 63/2595/2500 608/2312/2242 904/2410/2331
f 2205/2622/2524 2337/2596/2501 2213/2601/2505
f 33/2337/117 315/2353/116 586/2331/2260
f 2884/2623/2525 2205/2622/2524 2217/2624/2526
f 869/2309/2239 601/2340/175 278/2338/174
f 3272/2501/2413 3222/2598/2503 2372/2502/2414
f 2168/2625/2527 2214/2626/2528 2118/2627/2529
f 3313/2360/2283 3044/2324/2253 3141/2358/2281
f 2226/2560/2468 110/2558/2466 1380/2557/2465
f 3180/2594/2499 3312/2361/2284 3343/2359/2282
f 3312/2361/2284 3141/2358/2281 3343/2359/2282
f 2200/2483/2397 3222/2598/2503 3272/2501/2413
f 3240/2592/2497 3220/2628/2530 2362/2629/2531
f 42/2599/2504 41/2576/2481 537/2575/169
f 604/2323/2252 625/2325/2254 539/2322/2251
f 2362/2629/2531 2213/2601/2505 3240/2592/2497
f 2198/2630/2532 2213/2601/2505 2362/2629/2531
f 2108/2620/2522 3371/2631/2533 3330/2632/2534
f 2315/2533/2442 2341/2529/2439 2303/2532/2441
f 2214/2626/2528 2110/2633/2535 2118/2627/2529
f 466/2614/2518 608/2312/2242 62/2314/1998
f 2217/2624/2526 2213/2601/2505 2198/2630/2532
f 2357/2634/2536 2884/2623/2525 2217/2624/2526
f 3220/2628/2530 2198/2630/2532 2362/2629/2531
f 63/2595/2500 897/2406/2327 5/2333/2262
f 71/2339/2266 539/2322/2251 625/2325/2254
f 2281/2526/2436 3297/2525/2435 2342/2528/2438
f 3371/2631/2533 3201/2604/2508 3330/2632/2534
f 2347/2635/2537 2119/2602/2506 2109/2590/2495
f 3141/2358/2281 917/2320/2249 993/2319/2248
f 917/2320/2249 3044/2324/2253 594/2316/2245
f 3371/2631/2533 2110/2633/2535 3201/2604/2508
f 3044/2324/2253 604/2323/2252 593/2321/2250
f 2214/2626/2528 2123/2636/2538 2110/2633/2535
f 2222/2637/2539 2210/2638/2540 2216/2639/2541
f 2348/2499/2411 2372/2502/2414 3236/2588/2493
f 2222/2637/2539 2123/2636/2538 2121/2640/2542
f 888/2368/120 537/2575/169 295/2367/2290
f 2217/2624/2526 2198/2630/2532 2357/2634/2536
f 2363/2641/2543 2289/2642/2544 2329/2643/2545
f 2357/2634/2536 2188/2644/2546 2884/2623/2525
f 5/2333/2262 60/2313/2243 63/2595/2500
f 3018/2606/2510 3330/2632/2534 3201/2604/2508
f 2116/2453/2372 3403/2439/2358 3132/2645/2547
f 2110/2633/2535 2134/2646/2548 3201/2604/2508
f 3320/2647/2549 3187/2648/2550 2113/2362/2285
f 2315/2533/2442 2303/2532/2441 2396/2534/2443
f 2123/2636/2538 2134/2646/2548 2110/2633/2535
f 2140/2345/2270 3329/2357/2280 2872/2343/2268
f 904/2410/2331 608/2312/2242 3032/2437/2356
f 3477/2649/2551 3412/2424/2344 1727/2371/2293
f 3240/2592/2497 3222/2598/2503 3220/2628/2530
f 585/2317/2246 279/2310/2240 586/2331/2260
f 2140/2345/2270 3379/2650/2552 2066/2651/2553
f 2108/2620/2522 2114/2603/2507 3371/2631/2533
f 2218/2652/2554 2188/2644/2546 2211/2653/2555
f 2124/2654/2556 2066/2651/2553 2871/2616/2519
f 1380/2557/2465 2402/2545/2454 2406/2546/2455
f 2112/2589/2494 2066/2651/2553 2124/2654/2556
f 2114/2603/2507 2119/2602/2506 2118/2627/2529
f 60/2313/2243 41/2576/2481 59/2600/1991
f 3320/2647/2549 3233/2655/2557 3187/2648/2550
f 2183/2656/2558 2121/2640/2542 2214/2626/2528
f 2021/2657/2559 2960/2658/2560 2113/2362/2285
f 3337/2427/2347 2872/2343/2268 3335/2348/2273
f 3379/2650/2552 2083/2344/2269 3347/2659/2561
f 2202/2609/2513 2222/2637/2539 2216/2639/2541
f 3379/2650/2552 2140/2345/2270 2083/2344/2269
f 467/2341/2267 326/2349/2274 889/2365/2288
f 278/2338/174 279/2310/2240 869/2309/2239
f 2021/2657/2559 3031/2355/2278 2366/2621/2523
f 2219/2587/2492 2407/2591/2496 2206/2586/2491
f 3420/2347/2272 3374/2379/2301 3375/2381/2303
f 469/2334/2263 889/2365/2288 326/2349/2274
f 2357/2634/2536 2329/2643/2545 2289/2642/2544
f 2110/2633/2535 3371/2631/2533 2118/2627/2529
f 2357/2634/2536 2289/2642/2544 2188/2644/2546
f 2093/2352/2277 2199/2351/2276 2871/2616/2519
f 2021/2657/2559 3330/2632/2534 2960/2658/2560
f 2363/2641/2543 2211/2653/2555 2289/2642/2544
f 539/2322/2251 593/2321/2250 604/2323/2252
f 2200/2483/2397 2329/2643/2545 2198/2630/2532
f 2123/2636/2538 3401/2608/2512 2068/2660/2562
f 2201/2661/2563 2313/2662/2564 2246/2663/2565
f 2225/2547/2456 2371/2548/2457 3238/2540/2449
f 494/2664/2566 2332/2613/2517 493/2466/2380
f 2073/2665/1416 2095/2666/2567 2104/2412/2333
f 3477/2649/2551 3454/2421/2341 3412/2424/2344
f 296/2354/173 295/2367/2290 326/2349/2274
f 3329/2357/2280 2140/2345/2270 2105/2667/2568
f 2960/2658/2560 3186/2668/2569 3320/2647/2549
f 6/2335/2264 60/2313/2243 5/2333/2262
f 2112/2589/2494 2105/2667/2568 2066/2651/2553
f 493/2466/2380 2313/2662/2564 3185/2467/2381
f 3347/2659/2561 2102/2452/2371 2117/2618/2521
f 2218/2652/2554 2211/2653/2555 2216/2639/2541
f 3117/2669/2570 2330/2610/2514 2363/2641/2543
f 3073/2619/2048 466/2614/2518 603/2615/1753
f 2113/2362/2285 2799/2364/2287 2021/2657/2559
f 2212/2570/2476 2206/2586/2491 2208/2584/2489
f 3018/2606/2510 2162/2605/2509 2960/2658/2560
f 2357/2634/2536 2198/2630/2532 2329/2643/2545
f 2068/2660/2562 3401/2608/2512 1721/2612/2516
f 2208/2584/2489 2206/2586/2491 2407/2591/2496
f 2960/2658/2560 3330/2632/2534 3018/2606/2510
f 3419/2356/2279 3031/2355/2278 2799/2364/2287
f 2210/2638/2540 2222/2637/2539 2121/2640/2542
f 3117/2669/2570 2246/2663/2565 493/2466/2380
f 2371/2548/2457 3221/2566/2472 2209/2555/2463
f 2345/2568/2474 2352/2567/2473 2353/2572/2478
f 3419/2356/2279 3374/2379/2301 3420/2347/2272
f 2162/2605/2509 3201/2604/2508 2134/2646/2548
f 3403/2439/2358 3360/2438/2357 3132/2645/2547
f 2134/2646/2548 2123/2636/2538 2068/2660/2562
f 2329/2643/2545 2200/2483/2397 2201/2661/2563
f 2091/2670/1432 2090/2423/2343 3356/2671/1336
f 2095/2666/2567 2073/2665/1416 2039/2672/951
f 2121/2640/2542 2123/2636/2538 2214/2626/2528
f 2212/2570/2476 2223/2565/2471 2404/2564/2470
f 3186/2668/2569 494/2664/2566 3233/2655/2557
f 2366/2621/2523 2105/2667/2568 2112/2589/2494
f 3401/2608/2512 2123/2636/2538 2222/2637/2539
f 2229/2597/2502 2337/2596/2501 2205/2622/2524
f 2183/2656/2558 2210/2638/2540 2121/2640/2542
f 2406/2546/2455 2220/2542/2451 2226/2560/2468
f 3330/2632/2534 2366/2621/2523 2108/2620/2522
f 2229/2597/2502 2884/2623/2525 2228/2673/2571
f 2345/2568/2474 2189/2550/2459 2209/2555/2463
f 2200/2483/2397 2313/2662/2564 2201/2661/2563
f 2313/2662/2564 2200/2483/2397 3185/2467/2381
f 2226/2560/2468 1380/2557/2465 2406/2546/2455
f 110/2558/2466 2189/2550/2459 2345/2568/2474
f 2960/2658/2560 2162/2605/2509 3186/2668/2569
f 2366/2621/2523 2112/2589/2494 2109/2590/2495
f 2162/2605/2509 2134/2646/2548 2068/2660/2562
f 2332/2613/2517 494/2664/2566 3186/2668/2569
f 2407/2591/2496 2447/2607/2511 3219/2585/2490
f 2200/2483/2397 2198/2630/2532 3220/2628/2530
f 3401/2608/2512 2330/2610/2514 1721/2612/2516
f 3238/2540/2449 2373/2539/2448 2396/2534/2443
f 2118/2627/2529 3371/2631/2533 2114/2603/2507
f 2329/2643/2545 2246/2663/2565 2363/2641/2543
f 3401/2608/2512 2222/2637/2539 2202/2609/2513
f 2068/2660/2562 3052/2611/2515 2162/2605/2509
f 2214/2626/2528 2168/2625/2527 2183/2656/2558
f 2223/2565/2471 2449/2554/2462 2412/2553/2461
f 2118/2627/2529 2119/2602/2506 2347/2635/2537
f 2200/2483/2397 3220/2628/2530 3222/2598/2503
f 110/2558/2466 2212/2570/2476 2404/2564/2470
f 493/2466/2380 2246/2663/2565 2313/2662/2564
f 3073/2619/2048 3365/2435/2050 3032/2437/2356
f 3052/2611/2515 3186/2668/2569 2162/2605/2509
f 2229/2597/2502 2228/2673/2571 2447/2607/2511
f 2884/2623/2525 2218/2652/2554 2228/2673/2571
f 2884/2623/2525 2188/2644/2546 2218/2652/2554
f 1721/2612/2516 3052/2611/2515 2068/2660/2562
f 2332/2613/2517 2330/2610/2514 3117/2669/2570
f 3399/2581/2486 2347/2635/2537 2109/2590/2495
f 2118/2627/2529 2347/2635/2537 2168/2625/2527
f 2315/2533/2442 3275/2527/2437 2341/2529/2439
f 2403/2552/2460 2404/2564/2470 2412/2553/2461
f 2330/2610/2514 2211/2653/2555 2363/2641/2543
f 3221/2566/2472 2603/2497/2409 2352/2567/2473
f 2202/2609/2513 2216/2639/2541 2211/2653/2555
f 2217/2624/2526 2205/2622/2524 2213/2601/2505
f 2229/2597/2502 2205/2622/2524 2884/2623/2525
f 2201/2661/2563 2246/2663/2565 2329/2643/2545
f 2225/2547/2456 3238/2540/2449 2396/2534/2443
f 2371/2548/2457 2367/2541/2450 3238/2540/2449
f 2603/2497/2409 2348/2499/2411 2352/2567/2473
f 2332/2613/2517 1721/2612/2516 2330/2610/2514
f 2370/2549/2458 2209/2555/2463 2189/2550/2459
f 3117/2669/2570 2363/2641/2543 2246/2663/2565
f 2189/2550/2459 2367/2541/2450 2370/2549/2458
f 2109/2590/2495 2114/2603/2507 2108/2620/2522
f 3117/2669/2570 493/2466/2380 2332/2613/2517
f 2202/2609/2513 2211/2653/2555 2330/2610/2514
f 2212/2570/2476 2208/2584/2489 2223/2565/2471
f 3052/2611/2515 2332/2613/2517 3186/2668/2569
f 2211/2653/2555 2188/2644/2546 2289/2642/2544
f 2213/2601/2505 2337/2596/2501 2219/2587/2492
f 493/2466/2380 2338/2514/2424 494/2664/2566
f 3175/2674/2572 2249/2675/2573 3190/2220/2157
f 2124/2654/2556 2871/2616/2519 2199/2351/2276
f 2056/2370/2292 3373/2676/2574 2090/2423/2343
f 3347/2659/2561 2117/2618/2521 3350/2617/2520
f 3419/2356/2279 3420/2347/2272 2872/2343/2268
f 2113/2362/2285 2960/2658/2560 3320/2647/2549
f 3330/2632/2534 2021/2657/2559 2366/2621/2523
f 3178/2677/2575 3262/2678/2576 3175/2674/2572
f 3133/2515/2425 3262/2678/2576 3153/2376/2298
f 2249/2675/2573 3133/2515/2425 2339/2679/2577
f 3173/2680/2578 3175/2674/2572 3190/2220/2157
f 2303/2532/2441 3297/2525/2435 2294/2681/2579
f 2294/2681/2579 3210/2682/2580 2303/2532/2441
f 3173/2680/2578 3210/2682/2580 3208/2683/2581
f 3173/2680/2578 3178/2677/2575 3175/2674/2572
f 3153/2376/2298 3262/2678/2576 3178/2677/2575
f 3297/2525/2435 2324/2524/2434 2291/2684/2582
f 2291/2684/2582 2294/2681/2579 3297/2525/2435
f 3208/2683/2581 3210/2682/2580 2294/2681/2579
f 3208/2683/2581 2879/2685/2583 3173/2680/2578
f 3178/2677/2575 3173/2680/2578 2879/2685/2583
f 3153/2376/2298 3178/2677/2575 2236/2374/2296
f 3173/2680/2578 3206/2219/2156 3210/2682/2580
f 2625/2686/2584 3208/2683/2581 2294/2681/2579
f 2249/2675/2573 3262/2678/2576 3133/2515/2425
f 3176/2687/2585 2879/2685/2583 3208/2683/2581
f 3279/2688/2586 3176/2687/2585 2625/2686/2584
f 2236/2374/2296 3178/2677/2575 2879/2685/2583
f 2327/2520/2430 3225/2689/2587 2291/2684/2582
f 2294/2681/2579 3225/2689/2587 2625/2686/2584
f 3176/2687/2585 3208/2683/2581 2625/2686/2584
f 3176/2687/2585 3279/2688/2586 3274/2690/2588
f 3274/2690/2588 2880/2691/2589 3176/2687/2585
f 3176/2687/2585 2880/2691/2589 2879/2685/2583
f 2249/2675/2573 2339/2679/2577 1950/2692/2590
f 2238/2372/2294 2236/2374/2296 2879/2685/2583
f 1727/2371/2293 3432/2413/2334 3477/2649/2551
f 3224/2693/2591 2327/2520/2430 2302/2694/2592
f 2302/2694/2592 2343/2519/2429 2629/2398/2319
f 2625/2686/2584 3225/2689/2587 2285/2695/2593
f 3224/2693/2591 3203/2390/2312 3202/2696/2594
f 3354/2397/826 495/2697/837 919/2698/2595
f 2238/2372/2294 2879/2685/2583 2880/2691/2589
f 3224/2693/2591 3202/2696/2594 2426/2699/2596
f 2482/2700/2597 2305/2395/2317 3203/2390/2312
f 2419/2701/2598 2625/2686/2584 2285/2695/2593
f 3225/2689/2587 3224/2693/2591 2285/2695/2593
f 2880/2691/2589 519/2702/2599 2238/2372/2294
f 3175/2674/2572 3262/2678/2576 2249/2675/2573
f 3210/2682/2580 3206/2219/2156 2303/2532/2441
f 3203/2390/2312 3224/2693/2591 2482/2700/2597
f 3225/2689/2587 2327/2520/2430 3224/2693/2591
f 2419/2701/2598 3214/2703/2600 3279/2688/2586
f 3374/2379/2301 3419/2356/2279 2799/2364/2287
f 409/2279/2214 763/2704/2601 410/2705/2602
f 2291/2684/2582 2324/2524/2434 2327/2520/2430
f 3628/2442/2361 3477/2649/2551 3360/2438/2357
f 2285/2695/2593 3214/2703/2600 2419/2701/2598
f 3224/2693/2591 2426/2699/2596 2285/2695/2593
f 495/2697/837 556/2706/838 518/2707/2603
f 2880/2691/2589 3214/2703/2600 519/2702/2599
f 2482/2700/2597 3224/2693/2591 2302/2694/2592
f 2073/2665/1416 2104/2412/2333 2055/2422/2342
f 2482/2700/2597 2629/2398/2319 2305/2395/2317
f 3139/2432/2352 3158/2416/2337 2340/2456/2375
f 2340/2456/2375 3292/2468/2382 3139/2432/2352
f 210/2271/2207 213/2465/316 763/2704/2601
f 519/2702/2599 559/2375/2297 2238/2372/2294
f 3214/2703/2600 2285/2695/2593 2426/2699/2596
f 557/2708/2604 556/2706/838 910/2463/757
f 3203/2390/2312 3354/2397/826 3202/2696/2594
f 559/2375/2297 557/2708/2604 910/2463/757
f 519/2702/2599 518/2707/2603 557/2708/2604
f 919/2698/2595 2426/2699/2596 3202/2696/2594
f 2302/2694/2592 2629/2398/2319 2482/2700/2597
f 3279/2688/2586 3214/2703/2600 2880/2691/2589
f 519/2702/2599 557/2708/2604 559/2375/2297
f 737/2273/2209 409/2279/2214 410/2705/2602
f 3279/2688/2586 2625/2686/2584 2419/2701/2598
f 763/2704/2601 213/2465/316 205/2709/68
f 2426/2699/2596 518/2707/2603 3214/2703/2600
f 557/2708/2604 518/2707/2603 556/2706/838
f 919/2698/2595 518/2707/2603 2426/2699/2596
f 3206/2219/2156 3173/2680/2578 3190/2220/2157
f 2294/2681/2579 2291/2684/2582 3225/2689/2587
f 919/2698/2595 3202/2696/2594 3354/2397/826
f 2327/2520/2430 2343/2519/2429 2302/2694/2592
f 3274/2690/2588 3279/2688/2586 2880/2691/2589
f 518/2707/2603 519/2702/2599 3214/2703/2600
f 518/2707/2603 919/2698/2595 495/2697/837
f 3247/2389/2311 2377/2391/2313 2309/2393/2315
f 2309/2393/2315 2308/2394/2316 3247/2389/2311
f 3116/2710/776 2483/2387/2309 2308/2394/2316
f 3116/2710/776 3354/2397/826 2483/2387/2309
f 2308/2394/2316 2309/2393/2315 2321/2711/2605
f 2429/2712/777 3116/2710/776 2308/2394/2316
f 1727/2371/2293 2055/2422/2342 3432/2413/2334
f 3233/2655/2557 3320/2647/2549 3186/2668/2569
f 2088/2462/2379 2096/2713/2606 2085/2350/2275
f 3654/2369/2291 1727/2371/2293 3412/2424/2344
f 219/2714/2607 1642/2715/2608 2513/2716/2609
f 2450/2717/2610 2398/2718/2611 2474/2719/2612
f 2506/2720/2613 1787/2721/2614 2612/2722/2615
f 2460/2723/2616 2486/2724/2617 1642/2715/2608
f 2471/2725/2618 2462/2726/2619 2472/2727/2620
f 695/2728/2621 359/2729/2622 696/2730/2623
f 2611/2731/2624 2654/2732/2625 2466/2733/2626
f 759/2734/2627 2630/2735/2628 1994/2736/2629
f 2467/2737/2630 2473/2738/2631 1630/2739/2632
f 1642/2715/2608 2475/2740/2633 2460/2723/2616
f 2488/2741/2634 2611/2731/2624 2448/2742/2635
f 1994/2736/2629 2472/2727/2620 703/2743/2636
f 3302/2744/2637 2466/2733/2626 1907/2745/2638
f 2481/2746/2639 2469/2747/2640 2218/2652/2554
f 2464/2748/2641 2448/2742/2635 2469/2747/2640
f 2398/2718/2611 2450/2717/2610 1849/2749/2642
f 759/2734/2627 1994/2736/2629 703/2743/2636
f 2216/2639/2541 2210/2638/2540 2005/2750/2643
f 137/2751/2644 360/2752/2645 754/2753/2646
f 2184/2754/2647 2005/2750/2643 2463/2755/2648
f 2621/2756/2649 2468/2757/2650 2675/2758/2651
f 2514/2759/2652 1994/2736/2629 2630/2735/2628
f 2469/2747/2640 2444/2760/2653 2675/2758/2651
f 2630/2735/2628 754/2753/2646 2627/2761/2654
f 2506/2720/2613 1654/2762/2655 697/2763/2656
f 759/2734/2627 703/2743/2636 691/2764/2657
f 3219/2585/2490 2447/2607/2511 2448/2742/2635
f 2443/2765/2658 2621/2756/2649 2444/2760/2653
f 3304/2766/2659 2230/2767/2660 2261/2768/2661
f 2402/2545/2454 2403/2552/2460 2485/2769/2662
f 2261/2768/2661 3266/2770/2663 3304/2766/2659
f 359/2729/2622 695/2728/2621 754/2753/2646
f 2230/2767/2660 3304/2766/2659 2284/2543/2452
f 1980/2771/2664 771/2772/2665 2626/2773/2666
f 2471/2725/2618 2486/2724/2617 2449/2554/2462
f 3302/2744/2637 1907/2745/2638 2462/2726/2619
f 2664/2774/2667 1985/2775/2668 2663/2776/2669
f 2007/2777/2670 715/2238/2174 635/2778/2671
f 2626/2773/2666 771/2772/2665 2651/2779/2672
f 635/2778/2671 1346/2780/2673 2007/2777/2670
f 2513/2716/2609 2467/2737/2630 2514/2759/2652
f 2626/2773/2666 2651/2779/2672 387/2781/2674
f 3219/2585/2490 2466/2733/2626 3302/2744/2637
f 2210/2638/2540 2045/2782/2675 2005/2750/2643
f 2626/2773/2666 2468/2757/2650 2503/2783/2676
f 2663/2776/2669 2635/2784/2677 2664/2774/2667
f 695/2728/2621 1654/2762/2655 754/2753/2646
f 2223/2565/2471 2462/2726/2619 2449/2554/2462
f 387/2781/2674 2512/2785/2678 2488/2741/2634
f 2474/2719/2612 1787/2721/2614 1683/2786/2679
f 1787/2721/2614 2474/2719/2612 2612/2722/2615
f 2218/2652/2554 2469/2747/2640 2228/2673/2571
f 2489/2787/2680 2498/2788/2681 2529/2789/2682
f 697/2763/2656 2479/2790/2683 1787/2721/2614
f 754/2753/2646 360/2752/2645 359/2729/2622
f 2315/2533/2442 2286/2535/2444 3266/2770/2663
f 2373/2539/2448 3304/2766/2659 2286/2535/2444
f 2005/2750/2643 2184/2754/2647 2216/2639/2541
f 1630/2739/2632 2486/2724/2617 2471/2725/2618
f 691/2764/2657 139/2276/2212 759/2734/2627
f 1985/2775/2668 2005/2750/2643 2045/2782/2675
f 2621/2756/2649 2443/2765/2658 1346/2780/2673
f 2612/2722/2615 2475/2740/2633 2506/2720/2613
f 2397/2791/2684 1849/2749/2642 2450/2717/2610
f 2261/2768/2661 2315/2533/2442 3266/2770/2663
f 2402/2545/2454 2398/2718/2611 1849/2749/2642
f 1654/2762/2655 2506/2720/2613 2489/2787/2680
f 2600/2792/2685 2663/2776/2669 2063/2793/2686
f 2463/2755/2648 2443/2765/2658 2184/2754/2647
f 2498/2788/2681 2475/2740/2633 1642/2715/2608
f 2663/2776/2669 1985/2775/2668 2045/2782/2675
f 2468/2757/2650 387/2781/2674 2488/2741/2634
f 1642/2715/2608 2529/2789/2682 2498/2788/2681
f 219/2714/2607 2513/2716/2609 2514/2759/2652
f 3304/2766/2659 3266/2770/2663 2286/2535/2444
f 2513/2716/2609 2486/2724/2617 2473/2738/2631
f 2654/2732/2625 2462/2726/2619 1907/2745/2638
f 1657/2794/2687 2460/2723/2616 2403/2552/2460
f 2529/2789/2682 1642/2715/2608 219/2714/2607
f 2397/2791/2684 2230/2767/2660 2284/2543/2452
f 2612/2722/2615 2485/2769/2662 2475/2740/2633
f 1642/2715/2608 2486/2724/2617 2513/2716/2609
f 2481/2746/2639 2216/2639/2541 2184/2754/2647
f 2462/2726/2619 2223/2565/2471 3302/2744/2637
f 219/2714/2607 2627/2761/2654 2529/2789/2682
f 2485/2769/2662 2612/2722/2615 2474/2719/2612
f 2473/2738/2631 2467/2737/2630 2513/2716/2609
f 2506/2720/2613 2475/2740/2633 2489/2787/2680
f 1657/2794/2687 2403/2552/2460 2449/2554/2462
f 1630/2739/2632 2471/2725/2618 2472/2727/2620
f 1630/2739/2632 2472/2727/2620 2467/2737/2630
f 2474/2719/2612 2398/2718/2611 2485/2769/2662
f 2627/2761/2654 2514/2759/2652 2630/2735/2628
f 2630/2735/2628 759/2734/2627 137/2751/2644
f 2463/2755/2648 1346/2780/2673 2443/2765/2658
f 703/2743/2636 2654/2732/2625 691/2764/2657
f 2514/2759/2652 2467/2737/2630 2472/2727/2620
f 715/2238/2174 2650/2265/2201 635/2778/2671
f 2397/2791/2684 2284/2543/2452 1849/2749/2642
f 1978/2239/2175 715/2238/2174 1985/2775/2668
f 1654/2762/2655 2529/2789/2682 2627/2761/2654
f 2514/2759/2652 2472/2727/2620 1994/2736/2629
f 2512/2785/2678 2654/2732/2625 2611/2731/2624
f 2485/2769/2662 2403/2552/2460 2460/2723/2616
f 697/2763/2656 1654/2762/2655 695/2728/2621
f 2471/2725/2618 2449/2554/2462 2462/2726/2619
f 2462/2726/2619 2654/2732/2625 703/2743/2636
f 2449/2554/2462 2486/2724/2617 1657/2794/2687
f 2473/2738/2631 2486/2724/2617 1630/2739/2632
f 2460/2723/2616 1657/2794/2687 2486/2724/2617
f 1907/2745/2638 2466/2733/2626 2654/2732/2625
f 2512/2785/2678 691/2764/2657 2654/2732/2625
f 2472/2727/2620 2462/2726/2619 703/2743/2636
f 1985/2775/2668 715/2238/2174 2007/2777/2670
f 2007/2777/2670 1346/2780/2673 2463/2755/2648
f 3219/2585/2490 3302/2744/2637 2223/2565/2471
f 2488/2741/2634 2512/2785/2678 2611/2731/2624
f 1980/2771/2664 2503/2783/2676 2650/2265/2201
f 2651/2779/2672 771/2772/2665 691/2764/2657
f 2514/2759/2652 2627/2761/2654 219/2714/2607
f 2466/2733/2626 2448/2742/2635 2611/2731/2624
f 2466/2733/2626 3219/2585/2490 2448/2742/2635
f 1980/2771/2664 2650/2265/2201 778/2285/2218
f 771/2772/2665 139/2276/2212 691/2764/2657
f 1980/2771/2664 778/2285/2218 771/2772/2665
f 2444/2760/2653 2481/2746/2639 2443/2765/2658
f 2448/2742/2635 2464/2748/2641 2488/2741/2634
f 754/2753/2646 1654/2762/2655 2627/2761/2654
f 2488/2741/2634 2464/2748/2641 2468/2757/2650
f 2045/2782/2675 2063/2793/2686 2663/2776/2669
f 2481/2746/2639 2444/2760/2653 2469/2747/2640
f 2464/2748/2641 2675/2758/2651 2468/2757/2650
f 2503/2783/2676 1346/2780/2673 635/2778/2671
f 2630/2735/2628 137/2751/2644 754/2753/2646
f 2469/2747/2640 2448/2742/2635 2447/2607/2511
f 2512/2785/2678 2651/2779/2672 691/2764/2657
f 2621/2756/2649 2675/2758/2651 2444/2760/2653
f 2475/2740/2633 2485/2769/2662 2460/2723/2616
f 2464/2748/2641 2469/2747/2640 2675/2758/2651
f 2468/2757/2650 2621/2756/2649 2503/2783/2676
f 2626/2773/2666 2503/2783/2676 1980/2771/2664
f 2228/2673/2571 2469/2747/2640 2447/2607/2511
f 387/2781/2674 2468/2757/2650 2626/2773/2666
f 2373/2539/2448 2284/2543/2452 3304/2766/2659
f 2650/2265/2201 2503/2783/2676 635/2778/2671
f 2506/2720/2613 697/2763/2656 1787/2721/2614
f 771/2772/2665 778/2285/2218 139/2276/2212
f 2489/2787/2680 2475/2740/2633 2498/2788/2681
f 2489/2787/2680 2529/2789/2682 1654/2762/2655
f 1978/2239/2175 1985/2775/2668 2664/2774/2667
f 2443/2765/2658 2481/2746/2639 2184/2754/2647
f 2005/2750/2643 1985/2775/2668 2007/2777/2670
f 1346/2780/2673 2503/2783/2676 2621/2756/2649
f 2485/2769/2662 2398/2718/2611 2402/2545/2454
f 2481/2746/2639 2218/2652/2554 2216/2639/2541
f 1849/2749/2642 2284/2543/2452 2402/2545/2454
f 2005/2750/2643 2007/2777/2670 2463/2755/2648
f 2210/2638/2540 2063/2793/2686 2045/2782/2675
f 387/2781/2674 2651/2779/2672 2512/2785/2678
f 2210/2638/2540 2183/2656/2558 2063/2793/2686
f 714/2795/2688 696/2730/2623 359/2729/2622
f 348/2796/2689 136/2797/2690 372/2260/2196
f 177/2798/2691 332/2799/2692 945/2800/501
f 3159/2455/2374 3387/2579/2484 3169/2801/2693
f 370/2259/2195 346/2802/2694 348/2796/2689
f 2323/2803/819 2321/2711/2605 2290/2804/2695
f 359/2729/2622 360/2752/2645 358/2805/2696
f 409/2279/2214 210/2271/2207 763/2704/2601
f 136/2797/2690 360/2752/2645 137/2751/2644
f 347/2806/2697 139/2276/2212 707/2274/2210
f 2340/2456/2375 2338/2514/2424 3292/2468/2382
f 3360/2438/2357 3477/2649/2551 3432/2413/2334
f 3169/2801/2693 2338/2514/2424 2340/2456/2375
f 707/2274/2210 136/2797/2690 347/2806/2697
f 2095/2666/2567 2088/2462/2379 2104/2412/2333
f 332/2799/2692 234/2807/2698 233/2808/499
f 3132/2645/2547 3360/2438/2357 3432/2413/2334
f 3159/2455/2374 2074/2415/2336 3387/2579/2484
f 3628/2442/2361 485/2419/2339 3477/2649/2551
f 3477/2649/2551 485/2419/2339 3454/2421/2341
f 3289/2809/2699 2338/2514/2424 3169/2801/2693
f 3351/2810/2700 3365/2435/2050 3352/2811/1664
f 3411/2425/2345 2089/2812/1662 3654/2369/2291
f 3198/2430/2350 1705/2429/2349 2023/2433/2353
f 2117/2618/2521 2102/2452/2371 2093/2352/2277
f 3432/2413/2334 2055/2422/2342 3366/2414/2335
f 1705/2429/2349 2010/2454/2373 2023/2433/2353
f 490/2813/1421 3356/2671/1336 2090/2423/2343
f 759/2734/2627 139/2276/2212 347/2806/2697
f 2089/2812/1662 3373/2676/2574 3654/2369/2291
f 146/2814/2701 345/2815/2702 142/2816/2703
f 2066/2651/2553 3379/2650/2552 3347/2659/2561
f 137/2751/2644 759/2734/2627 347/2806/2697
f 360/2752/2645 136/2797/2690 348/2796/2689
f 3329/2357/2280 2366/2621/2523 3031/2355/2278
f 2085/2350/2275 2093/2352/2277 2088/2462/2379
f 3188/2363/2286 2113/2362/2285 3187/2648/2550
f 3373/2676/2574 2089/2812/1662 2090/2423/2343
f 2089/2812/1662 3411/2425/2345 3351/2810/2700
f 2090/2423/2343 2089/2812/1662 490/2813/1421
f 177/2798/2691 134/2303/2234 145/2817/2704
f 3132/2645/2547 2088/2462/2379 2116/2453/2372
f 727/2818/2705 696/2730/2623 714/2795/2688
f 360/2752/2645 348/2796/2689 358/2805/2696
f 146/2814/2701 716/2819/2706 362/2820/2707
f 3139/2432/2352 3209/2431/2351 3198/2430/2350
f 3351/2810/2700 3411/2425/2345 3305/2436/2355
f 146/2814/2701 701/2821/2708 716/2819/2706
f 345/2815/2702 146/2814/2701 358/2805/2696
f 346/2802/2694 370/2259/2195 736/2822/57
f 346/2802/2694 358/2805/2696 348/2796/2689
f 2366/2621/2523 3329/2357/2280 2105/2667/2568
f 714/2795/2688 716/2819/2706 727/2818/2705
f 234/2807/2698 145/2817/2704 158/2823/2709
f 233/2808/499 945/2800/501 332/2799/2692
f 205/2709/68 410/2705/2602 763/2704/2601
f 348/2796/2689 372/2260/2196 370/2259/2195
f 145/2817/2704 332/2799/2692 177/2798/2691
f 359/2729/2622 362/2820/2707 714/2795/2688
f 2095/2666/2567 2039/2672/951 2096/2713/2606
f 2102/2452/2371 3403/2439/2358 2116/2453/2372
f 358/2805/2696 362/2820/2707 359/2729/2622
f 135/2329/2258 701/2821/2708 142/2816/2703
f 2056/2370/2292 2055/2422/2342 1727/2371/2293
f 145/2817/2704 142/2816/2703 158/2823/2709
f 151/2824/2710 160/2825/45 741/2826/2711
f 3132/2645/2547 3432/2413/2334 2104/2412/2333
f 2124/2654/2556 2176/2583/2488 2112/2589/2494
f 2088/2462/2379 3132/2645/2547 2104/2412/2333
f 177/2798/2691 945/2800/501 156/2827/498
f 3233/2655/2557 494/2664/2566 3289/2809/2699
f 741/2826/2711 160/2825/45 234/2807/2698
f 346/2802/2694 736/2822/57 345/2815/2702
f 2088/2462/2379 2095/2666/2567 2096/2713/2606
f 146/2814/2701 142/2816/2703 701/2821/2708
f 3365/2435/2050 3351/2810/2700 3305/2436/2355
f 177/2798/2691 156/2827/498 173/2296/507
f 3374/2379/2301 2799/2364/2287 3188/2363/2286
f 234/2807/2698 236/2828/69 233/2808/499
f 136/2797/2690 707/2274/2210 372/2260/2196
f 146/2814/2701 362/2820/2707 358/2805/2696
f 234/2807/2698 332/2799/2692 145/2817/2704
f 346/2802/2694 345/2815/2702 358/2805/2696
f 177/2798/2691 173/2296/507 134/2303/2234
f 158/2823/2709 159/2829/2712 151/2824/2710
f 362/2820/2707 716/2819/2706 714/2795/2688
f 345/2815/2702 158/2823/2709 142/2816/2703
f 2605/2231/2168 1977/2255/2191 2047/2326/2255
f 134/2303/2234 135/2329/2258 145/2817/2704
f 159/2829/2712 345/2815/2702 736/2822/57
f 136/2797/2690 137/2751/2644 347/2806/2697
f 701/2821/2708 135/2329/2258 720/2336/2265
f 720/2336/2265 716/2819/2706 701/2821/2708
f 158/2823/2709 151/2824/2710 741/2826/2711
f 142/2816/2703 145/2817/2704 135/2329/2258
f 234/2807/2698 160/2825/45 236/2828/69
f 2605/2231/2168 2047/2326/2255 2012/2328/2257
f 158/2823/2709 741/2826/2711 234/2807/2698
f 2009/2256/2192 2334/2286/2219 1503/2284/2217
f 158/2823/2709 345/2815/2702 159/2829/2712
f 2056/2370/2292 3654/2369/2291 3373/2676/2574
f 1983/2230/2167 2333/2830/2713 2334/2286/2219
f 2055/2422/2342 2090/2423/2343 2091/2670/1432
f 3169/2801/2693 3387/2579/2484 3289/2809/2699
f 775/2240/2176 2334/2286/2219 2461/2280/2215
f 2025/2831/2714 1982/2229/2166 2015/2327/2256
f 2006/2294/2226 2025/2831/2714 1990/2832/2715
f 3305/2436/2355 3411/2425/2345 3647/2426/2346
f 205/2709/68 147/2258/2194 410/2705/2602
f 3158/2416/2337 2074/2415/2336 3159/2455/2374
f 2174/2295/2227 2006/2294/2226 1990/2832/2715
f 147/2258/2194 205/2709/68 141/2833/2716
f 3158/2416/2337 2010/2454/2373 2076/2417/2338
f 141/2833/2716 368/2834/56 370/2259/2195
f 2334/2286/2219 2333/2830/2713 2870/2835/2717
f 2333/2830/2713 1983/2230/2167 1982/2229/2166
f 2653/2301/2232 1982/2229/2166 2025/2831/2714
f 2025/2831/2714 2006/2294/2226 1984/2302/2233
f 368/2834/56 141/2833/2716 208/2836/62
f 147/2258/2194 737/2273/2209 410/2705/2602
f 2333/2830/2713 1982/2229/2166 2870/2835/2717
f 2243/2275/2211 1975/2236/2172 2174/2295/2227
f 138/2257/2193 141/2833/2716 370/2259/2195
f 147/2258/2194 141/2833/2716 138/2257/2193
f 2323/2803/819 2308/2394/2316 2321/2711/2605
f 141/2833/2716 205/2709/68 208/2836/62
f 2290/2804/2695 2321/2711/2605 2309/2393/2315
f 1984/2302/2233 2653/2301/2232 2025/2831/2714
f 151/2824/2710 162/2837/43 160/2825/45
f 1984/2302/2233 2006/2294/2226 1975/2236/2172
f 2870/2835/2717 1982/2229/2166 2655/2261/2197
f 370/2259/2195 368/2834/56 736/2822/57
f 151/2824/2710 154/2838/65 162/2837/43
f 3647/2426/2346 3357/2420/2340 3305/2436/2355
f 2870/2835/2717 2393/2304/2235 769/2254/2190
f 1988/2839/2718 38/2840/2719 2606/2841/2720
f 2140/2345/2270 2066/2651/2553 2105/2667/2568
f 1975/2236/2172 2297/2235/2171 1984/2302/2233
f 941/2282/2216 2393/2304/2235 752/2842/2721
f 2323/2803/819 2429/2712/777 2308/2394/2316
f 736/2822/57 154/2838/65 159/2829/2712
f 131/2245/2181 941/2282/2216 752/2842/2721
f 2606/2841/2720 2146/2843/2722 1988/2839/2718
f 2655/2261/2197 1982/2229/2166 2653/2301/2232
f 2655/2261/2197 1984/2302/2233 2297/2235/2171
f 154/2838/65 151/2824/2710 159/2829/2712
f 3647/2426/2346 3411/2425/2345 3412/2424/2344
f 2290/2804/2695 2300/2844/835 2323/2803/819
f 1993/2268/2204 2013/2845/2723 2019/2846/2724
f 2393/2304/2235 2655/2261/2197 752/2842/2721
f 2799/2364/2287 3031/2355/2278 2021/2657/2559
f 1988/2839/2718 2146/2843/2722 2016/2847/2725
f 2647/2848/2726 1974/2277/2213 2465/2237/2173
f 2124/2654/2556 2351/2849/2727 2177/2850/2728
f 2085/2350/2275 2135/2851/2729 2099/2852/2730
f 2409/2853/2731 1993/2268/2204 2019/2846/2724
f 2635/2784/2677 2048/2854/2732 1976/2855/2733
f 2465/2237/2173 1974/2277/2213 2297/2235/2171
f 2199/2351/2276 2099/2852/2730 2354/2856/2734
f 2199/2351/2276 2115/2857/2735 2124/2654/2556
f 2115/2857/2735 2354/2856/2734 2599/2858/2736
f 2237/2859/2737 2347/2635/2537 3399/2581/2486
f 2168/2625/2527 2347/2635/2537 2179/2860/2738
f 2655/2261/2197 758/2263/2199 752/2842/2721
f 2015/2327/2256 2047/2326/2255 2356/2861/2739
f 2173/2862/2740 2063/2793/2686 2183/2656/2558
f 1976/2855/2733 1978/2239/2175 2194/2863/2741
f 2159/2864/2742 2359/2865/2743 2243/2275/2211
f 2135/2851/2729 2085/2350/2275 2096/2713/2606
f 1978/2239/2175 1976/2855/2733 1977/2255/2191
f 2013/2845/2723 2016/2847/2725 2146/2843/2722
f 752/2842/2721 446/2287/2220 131/2245/2181
f 2018/2866/2744 2174/2295/2227 2050/2867/2745
f 1988/2839/2718 2016/2847/2725 2017/2308/2238
f 2388/2283/1305 1993/2268/2204 1363/2868/956
f 2173/2862/2740 2600/2792/2685 2063/2793/2686
f 2647/2848/2726 2017/2308/2238 1974/2277/2213
f 2062/2869/2746 2039/2672/951 2141/2870/934
f 1977/2255/2191 1976/2855/2733 2048/2854/2732
f 446/2287/2220 758/2263/2199 445/2251/2187
f 2157/2871/2747 2237/2859/2737 2176/2583/2488
f 2155/2872/949 2150/2873/957 2187/2874/2748
f 38/2840/2719 2359/2865/2743 2156/2875/2749
f 2168/2625/2527 2173/2862/2740 2183/2656/2558
f 2016/2847/2725 2013/2845/2723 1966/2305/2236
f 2019/2846/2724 164/2876/2750 2641/2877/2751
f 1966/2305/2236 1996/2306/2237 2016/2847/2725
f 2179/2860/2738 2237/2859/2737 2051/2878/2752
f 2099/2852/2730 2199/2351/2276 2085/2350/2275
f 2664/2774/2667 1976/2855/2733 2194/2863/2741
f 2047/2326/2255 1977/2255/2191 2048/2854/2732
f 2359/2865/2743 2181/2879/2753 2156/2875/2749
f 2167/2880/2754 2158/2881/2755 2179/2860/2738
f 2409/2853/2731 2641/2877/2751 2354/2856/2734
f 2064/2882/1308 2409/2853/2731 2150/2873/957
f 1007/2883/2756 2187/2874/2748 2062/2869/2746
f 2359/2865/2743 38/2840/2719 2243/2275/2211
f 2351/2849/2727 2124/2654/2556 2115/2857/2735
f 2177/2850/2728 2351/2849/2727 2159/2864/2742
f 2635/2784/2677 1976/2855/2733 2664/2774/2667
f 2187/2874/2748 2150/2873/957 2099/2852/2730
f 2163/2884/2757 2158/2881/2755 2173/2862/2740
f 2016/2847/2725 1996/2306/2237 2017/2308/2238
f 1363/2868/956 1993/2268/2204 1364/2885/1307
f 2871/2616/2519 2117/2618/2521 2093/2352/2277
f 2155/2872/949 2187/2874/2748 1007/2883/2756
f 2237/2859/2737 3399/2581/2486 2176/2583/2488
f 1981/2247/2183 1973/2288/2221 1974/2277/2213
f 2461/2280/2215 2334/2286/2219 2870/2835/2717
f 2146/2843/2722 2606/2841/2720 2156/2875/2749
f 2039/2672/951 2062/2869/2746 2096/2713/2606
f 2017/2308/2238 1996/2306/2237 1981/2247/2183
f 2356/2861/2739 2051/2878/2752 2025/2831/2714
f 2046/2886/2758 2157/2871/2747 2159/2864/2742
f 2176/2583/2488 2177/2850/2728 2157/2871/2747
f 1973/2288/2221 2640/2262/2198 1974/2277/2213
f 1990/2832/2715 2025/2831/2714 2051/2878/2752
f 2099/2852/2730 2409/2853/2731 2354/2856/2734
f 2124/2654/2556 2177/2850/2728 2176/2583/2488
f 2141/2870/934 2155/2872/949 2062/2869/2746
f 1007/2883/2756 2062/2869/2746 2155/2872/949
f 1973/2288/2221 1981/2247/2183 144/2887/2759
f 2019/2846/2724 2641/2877/2751 2409/2853/2731
f 2187/2874/2748 2099/2852/2730 2135/2851/2729
f 2356/2861/2739 2179/2860/2738 2051/2878/2752
f 2064/2882/1308 1364/2885/1307 2409/2853/2731
f 2062/2869/2746 2187/2874/2748 2135/2851/2729
f 2135/2851/2729 2096/2713/2606 2062/2869/2746
f 2159/2864/2742 2243/2275/2211 2018/2866/2744
f 164/2876/2750 2181/2879/2753 2641/2877/2751
f 2409/2853/2731 2099/2852/2730 2150/2873/957
f 1971/2267/2203 1966/2305/2236 1993/2268/2204
f 2156/2875/2749 2606/2841/2720 38/2840/2719
f 2019/2846/2724 2013/2845/2723 164/2876/2750
f 2359/2865/2743 2159/2864/2742 2351/2849/2727
f 1364/2885/1307 1993/2268/2204 2409/2853/2731
f 1503/2284/2217 1977/2255/2191 2009/2256/2192
f 164/2876/2750 2146/2843/2722 2181/2879/2753
f 2599/2858/2736 2641/2877/2751 2181/2879/2753
f 2179/2860/2738 2158/2881/2755 2163/2884/2757
f 2146/2843/2722 164/2876/2750 2013/2845/2723
f 2641/2877/2751 2599/2858/2736 2354/2856/2734
f 1981/2247/2183 2530/2249/2185 144/2887/2759
f 2157/2871/2747 2177/2850/2728 2159/2864/2742
f 2146/2843/2722 2156/2875/2749 2181/2879/2753
f 2351/2849/2727 2599/2858/2736 2181/2879/2753
f 2338/2514/2424 3289/2809/2699 494/2664/2566
f 2051/2878/2752 2237/2859/2737 2178/2888/2760
f 3347/2659/2561 3403/2439/2358 2102/2452/2371
f 2664/2774/2667 2194/2863/2741 1978/2239/2175
f 2178/2888/2760 2046/2886/2758 2050/2867/2745
f 2115/2857/2735 2199/2351/2276 2354/2856/2734
f 2178/2888/2760 2157/2871/2747 2046/2886/2758
f 2174/2295/2227 2018/2866/2744 2243/2275/2211
f 2115/2857/2735 2599/2858/2736 2351/2849/2727
f 2159/2864/2742 2018/2866/2744 2046/2886/2758
f 2050/2867/2745 2046/2886/2758 2018/2866/2744
f 2048/2854/2732 2635/2784/2677 2600/2792/2685
f 2173/2862/2740 2168/2625/2527 2163/2884/2757
f 2600/2792/2685 2635/2784/2677 2663/2776/2669
f 2174/2295/2227 1990/2832/2715 2050/2867/2745
f 2173/2862/2740 2158/2881/2755 2600/2792/2685
f 2351/2849/2727 2181/2879/2753 2359/2865/2743
f 2600/2792/2685 2047/2326/2255 2048/2854/2732
f 2356/2861/2739 2047/2326/2255 2167/2880/2754
f 2047/2326/2255 2600/2792/2685 2167/2880/2754
f 2178/2888/2760 1990/2832/2715 2051/2878/2752
f 2356/2861/2739 2025/2831/2714 2015/2327/2256
f 2237/2859/2737 2179/2860/2738 2347/2635/2537
f 2178/2888/2760 2050/2867/2745 1990/2832/2715
f 2157/2871/2747 2178/2888/2760 2237/2859/2737
f 2179/2860/2738 2356/2861/2739 2167/2880/2754
f 2167/2880/2754 2600/2792/2685 2158/2881/2755
f 2168/2625/2527 2179/2860/2738 2163/2884/2757
f 2640/2262/2198 1973/2288/2221 445/2251/2187
f 3158/2416/2337 3139/2432/2352 2023/2433/2353
f 2350/2248/2184 1981/2247/2183 1996/2306/2237
f 1972/2269/2205 2350/2248/2184 1971/2267/2203
f 2647/2848/2726 1988/2839/2718 2017/2308/2238
f 2530/2249/2185 1973/2288/2221 144/2887/2759
f 1973/2288/2221 2530/2249/2185 977/2232/2169
f 752/2842/2721 758/2263/2199 446/2287/2220
f 1972/2269/2205 1016/2889/1467 756/2307/1468
f 2870/2835/2717 769/2254/2190 2461/2280/2215
f 2066/2651/2553 3347/2659/2561 3350/2617/2520
f 2530/2249/2185 217/2233/1461 977/2232/2169
f 2015/2327/2256 1982/2229/2166 2012/2328/2257
f 2388/2283/1305 1016/2889/1467 1972/2269/2205
f 1503/2284/2217 1978/2239/2175 1977/2255/2191
f 2243/2275/2211 38/2840/2719 2647/2848/2726
f 2393/2304/2235 2870/2835/2717 2655/2261/2197
f 2066/2651/2553 3350/2617/2520 2871/2616/2519
f 3169/2801/2693 2340/2456/2375 3159/2455/2374
f 2297/2235/2171 2640/2262/2198 2655/2261/2197
f 217/2233/1461 2530/2249/2185 756/2307/1468
f 3351/2810/2700 3352/2811/1664 2089/2812/1662
f 1988/2839/2718 2647/2848/2726 38/2840/2719
f 2055/2422/2342 2091/2670/1432 2073/2665/1416
f 3366/2414/2335 2055/2422/2342 2104/2412/2333
f 756/2307/1468 2530/2249/2185 2350/2248/2184
f 2083/2344/2269 3403/2439/2358 3347/2659/2561
f 1993/2268/2204 1966/2305/2236 2013/2845/2723
f 2465/2237/2173 2243/2275/2211 2647/2848/2726
f 445/2251/2187 977/2232/2169 417/2234/2170
f 2012/2328/2257 1982/2229/2166 2605/2231/2168
f 446/2287/2220 445/2251/2187 755/2250/2186
f 140/2241/2177 139/2276/2212 778/2285/2218
f 2009/2256/2192 2605/2231/2168 1983/2230/2167
f 218/2244/2180 737/2273/2209 712/2252/2188
f 140/2241/2177 778/2285/2218 710/2264/2200
f 3188/2363/2286 3338/2382/2304 3374/2379/2301
f 3338/2382/2304 3188/2363/2286 3431/2890/2761
f 3334/2891/2762 1392/2383/2305 3640/2386/2308
f 1392/2383/2305 3334/2891/2762 472/2384/2306
f 3334/2891/2762 3332/2892/2763 3150/2893/2764
f 3431/2890/2761 3188/2363/2286 2602/2894/2765
f 3427/2895/2766 2602/2894/2765 3156/2896/2767
f 3188/2363/2286 3187/2648/2550 2602/2894/2765
f 3431/2890/2761 2602/2894/2765 3427/2895/2766
f 3640/2386/2308 3431/2890/2761 3332/2892/2763
f 3632/2897/2768 3289/2809/2699 3388/2898/2769
f 3640/2386/2308 3332/2892/2763 3334/2891/2762
f 3427/2895/2766 3332/2892/2763 3431/2890/2761
f 3123/2899/2770 2602/2894/2765 3632/2897/2768
f 3233/2655/2557 3289/2809/2699 3632/2897/2768
f 3156/2896/2767 3150/2893/2764 3427/2895/2766
f 3388/2898/2769 3180/2594/2499 3418/2900/2771
f 3123/2899/2770 3632/2897/2768 3388/2898/2769
f 3388/2898/2769 3289/2809/2699 3387/2579/2484
f 3156/2896/2767 2602/2894/2765 3346/2901/2772
f 3640/2386/2308 3338/2382/2304 3431/2890/2761
f 3123/2899/2770 3346/2901/2772 2602/2894/2765
f 3332/2892/2763 3427/2895/2766 3150/2893/2764
f 3150/2893/2764 472/2384/2306 3334/2891/2762
f 3418/2900/2771 3180/2594/2499 3346/2901/2772
f 2270/2902/2773 2283/2392/2314 2275/2396/2318
f 2434/2903/2774 2264/2904/475 2268/2905/2775
f 716/2819/2706 2662/2906/2776 727/2818/2705
f 2518/2907/2777 2455/2908/2778 2490/2909/2779
f 2235/2910/2780 2405/2911/2781 2417/2912/2782
f 713/2913/2783 679/2299/2230 692/2914/2784
f 645/2915/2785 2516/2916/2786 717/2917/2787
f 2270/2902/2773 2248/2918/2788 2267/2919/2789
f 2479/2790/2683 2484/2920/2790 1683/2786/2679
f 3343/2359/2282 993/2319/2248 3156/2896/2767
f 2281/2526/2436 2380/2921/2791 2256/2922/2792
f 2413/2923/2793 2235/2910/2780 646/2924/2794
f 717/2917/2787 2424/2925/2795 651/2926/2796
f 2519/2927/2797 2618/2928/2798 2524/2929/2799
f 2264/2904/475 2507/2930/474 2268/2905/2775
f 2616/2931/2800 2614/2932/2801 2505/2933/2802
f 2497/2934/2803 2487/2935/2804 2878/2936/2805
f 2266/2937/2806 2267/2919/2789 651/2926/2796
f 2382/2938/2807 2248/2918/2788 2270/2902/2773
f 3418/2900/2771 3123/2899/2770 3388/2898/2769
f 2456/2939/2808 2652/2940/2809 2424/2925/2795
f 2424/2925/2795 717/2917/2787 681/2941/2810
f 2479/2790/2683 2624/2942/2811 2484/2920/2790
f 3150/2893/2764 993/2319/2248 472/2384/2306
f 2434/2903/2774 2265/2943/2812 2652/2940/2809
f 3387/2579/2484 3180/2594/2499 3388/2898/2769
f 2344/2521/2431 2257/2944/2813 2415/2945/2814
f 2454/2946/2815 2235/2910/2780 2497/2934/2803
f 732/2428/2348 2660/2342/472 729/2947/470
f 2491/2948/2816 2619/2949/2817 1887/2950/2818
f 3187/2648/2550 3233/2655/2557 3632/2897/2768
f 2490/2909/2779 693/2951/469 2518/2907/2777
f 2268/2905/2775 2265/2943/2812 2434/2903/2774
f 3346/2901/2772 3343/2359/2282 3156/2896/2767
f 3275/2527/2437 2458/2952/2819 2342/2528/2438
f 2602/2894/2765 3187/2648/2550 3632/2897/2768
f 2497/2934/2803 1887/2950/2818 2487/2935/2804
f 2275/2396/2318 2269/2953/2820 2270/2902/2773
f 2257/2944/2813 2258/2954/2821 2280/2955/2822
f 713/2913/2783 692/2914/2784 705/2956/2823
f 2490/2909/2779 2455/2908/2778 677/2957/2824
f 2276/2958/2825 2287/2959/2826 2247/2960/2827
f 3343/2359/2282 3346/2901/2772 3180/2594/2499
f 2232/2961/2828 2502/2962/2829 2428/2963/2830
f 677/2957/2824 732/2428/2348 2490/2909/2779
f 2456/2939/2808 2279/2964/2831 2652/2940/2809
f 2456/2939/2808 2455/2908/2778 2518/2907/2777
f 2620/2965/2832 2491/2948/2816 2505/2933/2802
f 2264/2904/475 2434/2903/2774 2279/2964/2831
f 2428/2963/2830 2440/2966/2833 2287/2959/2826
f 2478/2967/2834 2492/2968/2835 2484/2920/2790
f 993/2319/2248 3150/2893/2764 3156/2896/2767
f 2497/2934/2803 2235/2910/2780 2416/2969/2836
f 1753/2970/479 2264/2904/475 2279/2964/2831
f 2413/2923/2793 2382/2938/2807 2247/2960/2827
f 2454/2946/2815 645/2915/2785 2235/2910/2780
f 677/2957/2824 133/2300/2231 132/2297/2228
f 1887/2950/2818 2619/2949/2817 2487/2935/2804
f 2440/2966/2833 2413/2923/2793 2247/2960/2827
f 2235/2910/2780 2390/2971/2837 2405/2911/2781
f 2269/2953/2820 2275/2396/2318 2343/2519/2429
f 2632/2972/2838 727/2818/2705 2662/2906/2776
f 2454/2946/2815 2516/2916/2786 645/2915/2785
f 2484/2920/2790 2492/2968/2835 1683/2786/2679
f 2233/2973/2839 2230/2767/2660 2263/2974/2840
f 2453/2975/2841 2493/2976/2842 2478/2967/2834
f 3418/2900/2771 3346/2901/2772 3123/2899/2770
f 2235/2910/2780 2413/2923/2793 2390/2971/2837
f 2279/2964/2831 2434/2903/2774 2652/2940/2809
f 2428/2963/2830 2258/2954/2821 2232/2961/2828
f 2497/2934/2803 2416/2969/2836 1887/2950/2818
f 2456/2939/2808 2518/2907/2777 1752/2977/478
f 2408/2978/2843 2616/2931/2800 2502/2962/2829
f 2287/2959/2826 2440/2966/2833 2247/2960/2827
f 693/2951/469 2490/2909/2779 729/2947/470
f 646/2924/2794 2382/2938/2807 2413/2923/2793
f 2452/2979/2844 727/2818/2705 2632/2972/2838
f 2493/2976/2842 2492/2968/2835 2478/2967/2834
f 2344/2521/2431 2415/2945/2814 2343/2519/2429
f 2618/2928/2798 2878/2936/2805 2487/2935/2804
f 2280/2955/2822 2415/2945/2814 2257/2944/2813
f 2256/2922/2792 2232/2961/2828 2257/2944/2813
f 713/2913/2783 2499/2980/2845 2494/2981/2846
f 2263/2974/2840 2408/2978/2843 2233/2973/2839
f 717/2917/2787 2516/2916/2786 682/2298/2229
f 1820/2982/2847 2408/2978/2843 2493/2976/2842
f 2456/2939/2808 2424/2925/2795 681/2941/2810
f 2290/2804/2695 2268/2905/2775 2300/2844/835
f 2276/2958/2825 2258/2954/2821 2287/2959/2826
f 2076/2417/2338 1876/2573/2479 1894/2574/2480
f 2492/2968/2835 2493/2976/2842 2263/2974/2840
f 2440/2966/2833 2428/2963/2830 2405/2911/2781
f 1753/2970/479 2279/2964/2831 1752/2977/478
f 1930/2983/2848 2076/2417/2338 2010/2454/2373
f 713/2913/2783 705/2956/2823 2519/2927/2797
f 2280/2955/2822 2258/2954/2821 2276/2958/2825
f 2519/2927/2797 2499/2980/2845 713/2913/2783
f 2405/2911/2781 2428/2963/2830 2417/2912/2782
f 692/2914/2784 2516/2916/2786 705/2956/2823
f 2290/2804/2695 2309/2393/2315 2267/2919/2789
f 2287/2959/2826 2258/2954/2821 2428/2963/2830
f 133/2300/2231 677/2957/2824 681/2941/2810
f 732/2428/2348 677/2957/2824 132/2297/2228
f 2281/2526/2436 2256/2922/2792 2344/2521/2431
f 2491/2948/2816 1887/2950/2818 2505/2933/2802
f 2507/2930/474 2300/2844/835 2268/2905/2775
f 2344/2521/2431 2256/2922/2792 2257/2944/2813
f 2258/2954/2821 2257/2944/2813 2232/2961/2828
f 677/2957/2824 2455/2908/2778 681/2941/2810
f 2878/2936/2805 2519/2927/2797 705/2956/2823
f 2518/2907/2777 667/2984/471 1752/2977/478
f 1876/2573/2479 3130/2985/2849 552/2508/2420
f 2616/2931/2800 1887/2950/2818 2416/2969/2836
f 679/2299/2230 682/2298/2229 692/2914/2784
f 2494/2981/2846 716/2819/2706 720/2336/2265
f 645/2915/2785 651/2926/2796 646/2924/2794
f 2516/2916/2786 2878/2936/2805 705/2956/2823
f 2417/2912/2782 2428/2963/2830 2502/2962/2829
f 3130/2985/2849 2076/2417/2338 1930/2983/2848
f 2405/2911/2781 2390/2971/2837 2440/2966/2833
f 2309/2393/2315 2283/2392/2314 2267/2919/2789
f 2424/2925/2795 2265/2943/2812 651/2926/2796
f 2502/2962/2829 2416/2969/2836 2417/2912/2782
f 646/2924/2794 2235/2910/2780 645/2915/2785
f 2416/2969/2836 2235/2910/2780 2417/2912/2782
f 2453/2975/2841 2478/2967/2834 2624/2942/2811
f 682/2298/2229 681/2941/2810 717/2917/2787
f 646/2924/2794 651/2926/2796 2248/2918/2788
f 2281/2526/2436 2342/2528/2438 2380/2921/2791
f 2380/2921/2791 2232/2961/2828 2256/2922/2792
f 1683/2786/2679 2492/2968/2835 2474/2719/2612
f 2276/2958/2825 2269/2953/2820 2280/2955/2822
f 2571/2479/2393 3147/2986/2850 1930/2983/2848
f 2408/2978/2843 2502/2962/2829 2232/2961/2828
f 2487/2935/2804 2619/2949/2817 2618/2928/2798
f 651/2926/2796 2265/2943/2812 2266/2937/2806
f 2499/2980/2845 2519/2927/2797 2524/2929/2799
f 2502/2962/2829 2616/2931/2800 2416/2969/2836
f 2261/2768/2661 3275/2527/2437 2315/2533/2442
f 651/2926/2796 2267/2919/2789 2248/2918/2788
f 706/2987/2851 2624/2942/2811 2479/2790/2683
f 2380/2921/2791 2342/2528/2438 2458/2952/2819
f 2247/2960/2827 2382/2938/2807 2270/2902/2773
f 1887/2950/2818 2616/2931/2800 2505/2933/2802
f 2275/2396/2318 2629/2398/2319 2343/2519/2429
f 2380/2921/2791 2233/2973/2839 2232/2961/2828
f 697/2763/2656 696/2730/2623 706/2987/2851
f 692/2914/2784 682/2298/2229 2516/2916/2786
f 2658/2988/2852 2524/2929/2799 2620/2965/2832
f 2450/2717/2610 2263/2974/2840 2397/2791/2684
f 2233/2973/2839 2408/2978/2843 2232/2961/2828
f 2658/2988/2852 2495/2989/2853 2632/2972/2838
f 2524/2929/2799 2619/2949/2817 2620/2965/2832
f 2263/2974/2840 2493/2976/2842 2408/2978/2843
f 2624/2942/2811 706/2987/2851 2453/2975/2841
f 2478/2967/2834 2484/2920/2790 2624/2942/2811
f 682/2298/2229 133/2300/2231 681/2941/2810
f 2494/2981/2846 2662/2906/2776 716/2819/2706
f 2233/2973/2839 2380/2921/2791 2458/2952/2819
f 1930/2983/2848 3280/2990/2854 3130/2985/2849
f 2499/2980/2845 2631/2991/2855 2494/2981/2846
f 2620/2965/2832 2614/2932/2801 2495/2989/2853
f 2265/2943/2812 2424/2925/2795 2652/2940/2809
f 2455/2908/2778 2456/2939/2808 681/2941/2810
f 2618/2928/2798 2619/2949/2817 2524/2929/2799
f 2440/2966/2833 2390/2971/2837 2413/2923/2793
f 2614/2932/2801 2620/2965/2832 2505/2933/2802
f 706/2987/2851 2479/2790/2683 697/2763/2656
f 720/2336/2265 713/2913/2783 2494/2981/2846
f 1930/2983/2848 2010/2454/2373 2571/2479/2393
f 2382/2938/2807 646/2924/2794 2248/2918/2788
f 2458/2952/2819 2230/2767/2660 2233/2973/2839
f 1820/2982/2847 2493/2976/2842 2453/2975/2841
f 651/2926/2796 645/2915/2785 717/2917/2787
f 679/2299/2230 713/2913/2783 720/2336/2265
f 696/2730/2623 2452/2979/2844 706/2987/2851
f 2276/2958/2825 2270/2902/2773 2269/2953/2820
f 2632/2972/2838 2662/2906/2776 2658/2988/2852
f 2267/2919/2789 2266/2937/2806 2290/2804/2695
f 1820/2982/2847 2616/2931/2800 2408/2978/2843
f 2270/2902/2773 2267/2919/2789 2283/2392/2314
f 697/2763/2656 695/2728/2621 696/2730/2623
f 2290/2804/2695 2266/2937/2806 2268/2905/2775
f 2415/2945/2814 2269/2953/2820 2343/2519/2429
f 2458/2952/2819 3275/2527/2437 2261/2768/2661
f 2631/2991/2855 2499/2980/2845 2524/2929/2799
f 2263/2974/2840 2230/2767/2660 2397/2791/2684
f 729/2947/470 2490/2909/2779 732/2428/2348
f 2658/2988/2852 2662/2906/2776 2631/2991/2855
f 2620/2965/2832 2619/2949/2817 2491/2948/2816
f 1820/2982/2847 2614/2932/2801 2616/2931/2800
f 2474/2719/2612 2492/2968/2835 2450/2717/2610
f 2631/2991/2855 2662/2906/2776 2494/2981/2846
f 2452/2979/2844 2632/2972/2838 2495/2989/2853
f 2247/2960/2827 2270/2902/2773 2276/2958/2825
f 2519/2927/2797 2878/2936/2805 2618/2928/2798
f 2261/2768/2661 2230/2767/2660 2458/2952/2819
f 2495/2989/2853 2453/2975/2841 706/2987/2851
f 2614/2932/2801 1820/2982/2847 2453/2975/2841
f 2479/2790/2683 1683/2786/2679 1787/2721/2614
f 706/2987/2851 2452/2979/2844 2495/2989/2853
f 2266/2937/2806 2265/2943/2812 2268/2905/2775
f 2492/2968/2835 2263/2974/2840 2450/2717/2610
f 2878/2936/2805 2454/2946/2815 2497/2934/2803
f 667/2984/471 2518/2907/2777 693/2951/469
f 2415/2945/2814 2280/2955/2822 2269/2953/2820
f 2453/2975/2841 2495/2989/2853 2614/2932/2801
f 2631/2991/2855 2524/2929/2799 2658/2988/2852
f 2454/2946/2815 2878/2936/2805 2516/2916/2786
f 3130/2985/2849 3280/2990/2854 552/2508/2420
f 2620/2965/2832 2495/2989/2853 2658/2988/2852
f 2452/2979/2844 696/2730/2623 727/2818/2705
f 2456/2939/2808 1752/2977/478 2279/2964/2831
f 2076/2417/2338 1894/2574/2480 2074/2415/2336
f 3143/2476/2390 552/2508/2420 3280/2990/2854
f 3387/2579/2484 2074/2415/2336 1894/2574/2480
f 2000/2992/2856 3143/2476/2390 3280/2990/2854
f 2000/2992/2856 3147/2986/2850 2149/2478/2392
f 2000/2992/2856 3127/2993/2857 3143/2476/2390
f 2000/2992/2856 2149/2478/2392 3127/2993/2857
f 3130/2985/2849 1876/2573/2479 2076/2417/2338
f 3146/2577/2482 3143/2476/2390 3127/2993/2857
f 3147/2986/2850 3280/2990/2854 1930/2983/2848
f 3127/2993/2857 2149/2478/2392 2339/2679/2577
f 3147/2986/2850 2571/2479/2393 2149/2478/2392
f 3146/2577/2482 2339/2679/2577 3133/2515/2425
f 3127/2993/2857 2339/2679/2577 3146/2577/2482
f 3147/2986/2850 2000/2992/2856 3280/2990/2854
f 2245/2222/2159 3216/2224/2161 2278/2227/2164
f 1950/2692/2590 3213/2504/2416 3211/2994/2858
f 2339/2679/2577 3213/2504/2416 1950/2692/2590
f 3163/2221/2158 2375/2225/2162 3206/2219/2156
f 3211/2994/2858 3213/2504/2416 3140/2500/2412
f 3211/2994/2858 2249/2675/2573 1950/2692/2590
f 3211/2994/2858 3194/2995/2859 3163/2221/2158
f 2299/2481/2395 3216/2224/2161 3273/2223/2160
f 2375/2225/2162 2245/2222/2159 2303/2532/2441
f 3193/2226/2163 3163/2221/2158 3194/2995/2859
f 2249/2675/2573 3163/2221/2158 3190/2220/2157
f 3194/2995/2859 3140/2500/2412 2299/2481/2395
f 3206/2219/2156 2375/2225/2162 2303/2532/2441
f 3140/2500/2412 3194/2995/2859 3211/2994/2858
f 3193/2226/2163 2299/2481/2395 3273/2223/2160
f 2149/2478/2392 3213/2504/2416 2339/2679/2577
f 3194/2995/2859 2299/2481/2395 3193/2226/2163
f 3273/2223/2160 2245/2222/2159 2375/2225/2162
f 3193/2226/2163 2375/2225/2162 3163/2221/2158
f 3163/2221/2158 2249/2675/2573 3211/2994/2858
f 2433/2996/2860 456/2997/2861 936/2998/2862
f 2906/2999/2863 2914/3000/2864 468/3001/2865
f 479/3002/2866 1760/3003/2867 468/3001/2865
f 468/3001/2865 2914/3000/2864 479/3002/2866
f 2932/3004/2868 479/3002/2866 3631/3005/2869
f 2914/3000/2864 3631/3005/2869 479/3002/2866
f 1345/3006/1301 1156/3007/2870 3469/3008/2871
f 1127/3009/2872 819/3010/2873 915/3011/2874
f 3460/3012/2875 3024/3013/1295 3469/3008/2871
f 1430/3014/2876 996/3015/2877 827/3016/2878
f 2790/3017/2879 828/3018/2880 827/3016/2878
f 3053/3019/2881 2970/3020/2882 1778/3021/2883
f 1527/3022/2884 1525/3023/2885 1649/3024/2886
f 3588/3025/2887 1886/3026/2888 2927/3027/2889
f 3000/3028/1289 3001/3029/2890 1345/3006/1301
f 1215/3030/2891 2964/3031/2892 455/3032/2893
f 1633/3033/2894 1419/3034/2895 2939/3035/2896
f 3024/3013/1295 3017/3036/1294 3469/3008/2871
f 3460/3012/2875 3472/3037/2897 3024/3013/1295
f 1319/3038/1088 3472/3037/2897 1246/3039/2898
f 3319/3040/2899 1790/3041/2900 1778/3021/2883
f 1127/3009/2872 3053/3019/2881 819/3010/2873
f 827/3016/2878 828/3018/2880 822/3042/2901
f 3314/3043/1279 3255/3044/1022 2593/3045/2902
f 2935/3046/2903 2936/3047/2904 2924/3048/2905
f 2034/3049/2906 3574/3050/2907 3553/3051/2908
f 1886/3026/2888 3588/3025/2887 390/3052/2909
f 2963/3053/2910 1280/3054/2911 1102/3055/2912
f 2939/3035/2896 1419/3034/2895 2959/3056/2913
f 567/3057/2914 389/3058/2915 435/3059/2916
f 1411/3060/2917 1419/3034/2895 3663/3061/2918
f 3255/3044/1022 1414/3062/2919 2593/3045/2902
f 3663/3061/2918 3659/3063/2920 1411/3060/2917
f 1210/3064/2921 3293/3065/2922 2787/3066/2923
f 1525/3023/2885 1527/3022/2884 1706/3067/2924
f 2789/3068/2925 1783/3069/2926 2797/3070/2927
f 1167/3071/2928 1228/3072/2929 1196/3073/2930
f 768/3074/1073 3314/3043/1279 2800/3075/2931
f 174/3076/2932 1783/3069/2926 2897/3077/2933
f 1394/3078/2934 2595/3079/2935 3269/3080/2936
f 2941/3081/2937 390/3052/2909 2958/3082/2938
f 1127/3009/2872 2790/3017/2879 2787/3066/2923
f 1838/3083/2939 44/3084/2940 3470/3085/2941
f 1209/3086/2942 579/3087/2943 2970/3020/2882
f 1209/3086/2942 2970/3020/2882 3293/3065/2922
f 1216/3088/2944 3341/3089/2945 2889/3090/2946
f 2936/3047/2904 389/3058/2915 2958/3082/2938
f 1182/3091/2947 1193/3092/2948 1173/3093/2949
f 2931/3094/2950 1886/3026/2888 1832/3095/2951
f 3472/3037/2897 1157/3096/2952 1838/3083/2939
f 2775/3097/415 1410/3098/12 829/3099/2953
f 1858/3100/2954 3658/3101/2955 2927/3027/2889
f 1886/3026/2888 2931/3094/2950 1858/3100/2954
f 926/3102/2956 928/3103/2957 994/3104/2958
f 1414/3062/2919 2787/3066/2923 2869/3105/2959
f 1318/3106/2960 2915/3107/2961 1790/3041/2900
f 2959/3056/2913 1419/3034/2895 1411/3060/2917
f 68/3108/2962 3001/3029/2890 3000/3028/1289
f 1319/3038/1088 3024/3013/1295 3472/3037/2897
f 1394/3078/2934 1367/3109/2963 2983/3110/2964
f 2983/3110/2964 3026/3111/2965 1217/3112/2966
f 1196/3073/2930 3407/3113/2967 1167/3071/2928
f 2906/2999/2863 468/3001/2865 3451/3114/2968
f 1414/3062/2919 1256/3115/2969 1211/3116/2970
f 3269/3080/2936 3268/3117/2971 1394/3078/2934
f 3319/3040/2899 1216/3088/2944 3269/3080/2936
f 1836/3118/2972 2931/3094/2950 1832/3095/2951
f 2787/3066/2923 3293/3065/2922 1127/3009/2872
f 2800/3075/2931 2869/3105/2959 929/3119/2973
f 830/3120/2974 929/3119/2973 2790/3017/2879
f 3588/3025/2887 2907/3121/2975 1186/3122/2976
f 1209/3086/2942 1222/3123/2977 579/3087/2943
f 3663/3061/2918 1633/3033/2894 3666/3124/2978
f 1216/3088/2944 579/3087/2943 1222/3123/2977
f 1800/3125/2979 2958/3082/2938 389/3058/2915
f 1186/3122/2976 2924/3048/2905 2936/3047/2904
f 389/3058/2915 2935/3046/2903 435/3059/2916
f 1230/3126/2980 3407/3113/2967 1196/3073/2930
f 2958/3082/2938 1800/3125/2979 2941/3081/2937
f 768/3074/1073 830/3120/2974 269/3127/1282
f 1829/3128/2981 3658/3101/2955 1841/3129/2982
f 2959/3056/2913 1411/3060/2917 1220/3130/2983
f 3404/3131/2984 1314/3132/1046 1238/3133/2985
f 2869/3105/2959 2787/3066/2923 2790/3017/2879
f 3268/3117/2971 1367/3109/2963 1394/3078/2934
f 161/3134/2986 89/3135/2987 1102/3055/2912
f 3255/3044/1022 1256/3115/2969 1414/3062/2919
f 1367/3109/2963 3026/3111/2965 2983/3110/2964
f 829/3099/2953 1410/3098/12 927/3136/1202
f 3656/3137/2988 1411/3060/2917 3659/3063/2920
f 1222/3123/2977 3341/3089/2945 1216/3088/2944
f 1606/3138/2989 1199/3139/2990 1618/3140/2991
f 1199/3139/2990 1228/3072/2929 1169/3141/2992
f 1167/3071/2928 1169/3141/2992 1228/3072/2929
f 3362/3142/2993 1190/3143/2994 1191/3144/2995
f 1169/3141/2992 1602/3145/2996 1175/3146/2997
f 1598/3147/2998 1635/3148/2999 1035/3149/3000
f 3184/3150/3001 1190/3143/2994 3362/3142/2993
f 1618/3140/2991 1175/3146/2997 1598/3147/2998
f 1618/3140/2991 1169/3141/2992 1175/3146/2997
f 1184/3151/3002 1191/3144/2995 1190/3143/2994
f 1172/3152/3003 1187/3153/3004 1248/3154/3005
f 1598/3147/2998 1446/3155/3006 1635/3148/2999
f 1193/3092/2948 1174/3156/3007 1170/3157/3008
f 1175/3146/2997 1176/3158/3009 1598/3147/2998
f 3184/3150/3001 1236/3159/3010 1276/3160/3011
f 1178/3161/3012 1176/3158/3009 1602/3145/2996
f 1176/3158/3009 1446/3155/3006 1598/3147/2998
f 1320/3162/1091 1245/3163/3013 3286/3164/3014
f 1236/3159/3010 1174/3156/3007 1276/3160/3011
f 1177/3165/3015 1178/3161/3012 1184/3151/3002
f 1184/3151/3002 3184/3150/3001 1276/3160/3011
f 1602/3145/2996 1167/3071/2928 3407/3113/2967
f 1177/3165/3015 1176/3158/3009 1178/3161/3012
f 1446/3155/3006 1176/3158/3009 1165/3166/3016
f 1187/3153/3004 1165/3166/3016 1232/3167/3017
f 1276/3160/3011 1174/3156/3007 1244/3168/3018
f 1175/3146/2997 1602/3145/2996 1176/3158/3009
f 1190/3143/2994 3184/3150/3001 1184/3151/3002
f 1184/3151/3002 1276/3160/3011 1233/3169/3019
f 1233/3169/3019 1177/3165/3015 1184/3151/3002
f 1236/3159/3010 3184/3150/3001 1170/3157/3008
f 1233/3169/3019 1244/3168/3018 1189/3170/3020
f 1176/3158/3009 1177/3165/3015 1165/3166/3016
f 1172/3152/3003 1248/3154/3005 1245/3163/3013
f 1177/3165/3015 1233/3169/3019 1232/3167/3017
f 1189/3170/3020 1248/3154/3005 1187/3153/3004
f 1178/3161/3012 1602/3145/2996 1191/3144/2995
f 1191/3144/2995 1602/3145/2996 3407/3113/2967
f 1233/3169/3019 1276/3160/3011 1244/3168/3018
f 1169/3141/2992 1167/3071/2928 1602/3145/2996
f 1189/3170/3020 1232/3167/3017 1233/3169/3019
f 1618/3140/2991 1199/3139/2990 1169/3141/2992
f 1170/3157/3008 1174/3156/3007 1236/3159/3010
f 1232/3167/3017 1165/3166/3016 1177/3165/3015
f 3286/3164/3014 1243/3171/3021 1320/3162/1091
f 1321/3172/3022 1240/3173/3023 1238/3133/2985
f 1618/3140/2991 1598/3147/2998 1035/3149/3000
f 3424/3174/3024 1240/3173/3023 1321/3172/3022
f 3424/3174/3024 1189/3170/3020 1244/3168/3018
f 1231/3175/3025 1240/3173/3023 3424/3174/3024
f 3184/3150/3001 3362/3142/2993 1170/3157/3008
f 1248/3154/3005 1321/3172/3022 1245/3163/3013
f 1189/3170/3020 1187/3153/3004 1232/3167/3017
f 1238/3133/2985 1243/3171/3021 1321/3172/3022
f 1178/3161/3012 1191/3144/2995 1184/3151/3002
f 3424/3174/3024 1244/3168/3018 1231/3175/3025
f 1189/3170/3020 3424/3174/3024 1321/3172/3022
f 1243/3171/3021 3286/3164/3014 1321/3172/3022
f 3286/3164/3014 1245/3163/3013 1321/3172/3022
f 1248/3154/3005 1189/3170/3020 1321/3172/3022
f 1194/3176/3026 1170/3157/3008 3362/3142/2993
f 1800/3125/2979 2942/3177/3027 2941/3081/2937
f 1832/3095/2951 2941/3081/2937 1836/3118/2972
f 2968/3178/3028 435/3059/2916 3027/3179/3029
f 1210/3064/2921 1222/3123/2977 1209/3086/2942
f 1223/3180/3030 3377/3181/3031 1212/3182/3032
f 1199/3139/2990 1234/3183/3033 1192/3184/3034
f 780/3185/1351 998/3186/3035 978/3187/1203
f 1606/3138/2989 1220/3130/2983 3485/3188/3036
f 3308/3189/3037 1194/3176/3026 3362/3142/2993
f 1220/3130/2983 1411/3060/2917 1376/3190/3038
f 3392/3191/3039 3651/3192/3040 2922/3193/3041
f 2922/3193/3041 1841/3129/2982 1740/3194/3042
f 1367/3109/2963 3268/3117/2971 3069/3195/3043
f 1430/3014/2876 2773/3196/3044 3325/3197/3045
f 390/3052/2909 1186/3122/2976 2936/3047/2904
f 1074/3198/3046 1453/3199/3047 1149/3200/3048
f 1070/3201/3049 1813/3202/3050 1425/3203/3051
f 1453/3199/3047 1070/3201/3049 1353/3204/3052
f 1425/3203/3051 1813/3202/3050 1166/3205/3053
f 1353/3204/3052 1425/3203/3051 1129/3206/3054
f 1165/3166/3016 1166/3205/3053 1446/3155/3006
f 1129/3206/3054 1425/3203/3051 1166/3205/3053
f 1074/3198/3046 1149/3200/3048 1079/3207/3055
f 1094/3208/3056 1353/3204/3052 1129/3206/3054
f 1154/3209/3057 1094/3208/3056 3613/3210/3058
f 1165/3166/3016 1187/3153/3004 3445/3211/3059
f 1129/3206/3054 3434/3212/3060 1094/3208/3056
f 3445/3211/3059 1187/3153/3004 3434/3212/3060
f 3445/3211/3059 1129/3206/3054 1165/3166/3016
f 3368/3213/3061 3612/3214/3062 3613/3210/3058
f 1094/3208/3056 1453/3199/3047 1353/3204/3052
f 3434/3212/3060 1129/3206/3054 3445/3211/3059
f 3613/3210/3058 3434/3212/3060 3368/3213/3061
f 1353/3204/3052 1070/3201/3049 1425/3203/3051
f 3368/3213/3061 3434/3212/3060 1187/3153/3004
f 1453/3199/3047 1074/3198/3046 1070/3201/3049
f 3613/3210/3058 1094/3208/3056 3434/3212/3060
f 3612/3214/3062 3368/3213/3061 1172/3152/3003
f 1165/3166/3016 1129/3206/3054 1166/3205/3053
f 1172/3152/3003 3368/3213/3061 1187/3153/3004
f 2389/3215/3063 3566/3216/3064 2400/3217/3065
f 2360/3218/3066 2422/3219/3067 3566/3216/3064
f 2423/3220/3068 2389/3215/3063 2425/3221/3069
f 2360/3218/3066 3566/3216/3064 2389/3215/3063
f 3570/3222/3070 2423/3220/3068 1/3223/3071
f 2422/3219/3067 2400/3217/3065 3566/3216/3064
f 1/3223/3071 2425/3221/3069 2/3224/3072
f 3570/3222/3070 2360/3218/3066 2423/3220/3068
f 1/3223/3071 2/3224/3072 3569/3225/3073
f 2423/3220/3068 2360/3218/3066 2389/3215/3063
f 2425/3221/3069 1/3223/3071 2423/3220/3068
f 1246/3039/2898 1172/3152/3003 1319/3038/1088
f 1153/3226/3074 1172/3152/3003 1246/3039/2898
f 44/3084/2940 1153/3226/3074 1246/3039/2898
f 1153/3226/3074 3613/3210/3058 3612/3214/3062
f 3612/3214/3062 1172/3152/3003 1153/3226/3074
f 44/3084/2940 1154/3209/3057 1153/3226/3074
f 1153/3226/3074 1154/3209/3057 3613/3210/3058
f 1313/3227/1089 1245/3163/3013 1320/3162/1091
f 3553/3051/2908 2106/3228/3075 3646/3229/3076
f 828/3018/2880 2790/3017/2879 1127/3009/2872
f 1313/3227/1089 1319/3038/1088 1172/3152/3003
f 1245/3163/3013 1313/3227/1089 1172/3152/3003
f 1283/3230/3077 1148/3231/3078 1273/3232/3079
f 1283/3230/3077 1273/3232/3079 1295/3233/3080
f 1148/3231/3078 3614/3234/3081 1273/3232/3079
f 1273/3232/3079 3614/3234/3081 261/3235/3082
f 260/3236/3083 1273/3232/3079 261/3235/3082
f 3602/3237/3084 1469/3238/3085 261/3235/3082
f 260/3236/3083 1559/3239/3086 1562/3240/3087
f 1559/3239/3086 1465/3241/3088 1334/3242/3089
f 260/3236/3083 3629/3243/3090 1273/3232/3079
f 260/3236/3083 1465/3241/3088 1559/3239/3086
f 1458/3244/3091 1478/3245/3092 1464/3246/3093
f 1458/3244/3091 1464/3246/3093 1359/3247/3094
f 1478/3245/3092 1458/3244/3091 1144/3248/3095
f 1450/3249/3096 1606/3138/2989 1618/3140/2991
f 1451/3250/3097 1704/3251/3098 1450/3249/3096
f 1144/3248/3095 1146/3252/3099 1334/3242/3089
f 1465/3241/3088 260/3236/3083 261/3235/3082
f 1146/3252/3099 1144/3248/3095 1451/3250/3097
f 1469/3238/3085 1478/3245/3092 1465/3241/3088
f 1035/3149/3000 1146/3252/3099 1450/3249/3096
f 2939/3035/2896 1704/3251/3098 1359/3247/3094
f 1590/3253/3100 2939/3035/2896 2959/3056/2913
f 1144/3248/3095 1458/3244/3091 1451/3250/3097
f 1451/3250/3097 1458/3244/3091 1704/3251/3098
f 1359/3247/3094 1704/3251/3098 1458/3244/3091
f 1465/3241/3088 261/3235/3082 1469/3238/3085
f 1451/3250/3097 1450/3249/3096 1146/3252/3099
f 1273/3232/3079 3629/3243/3090 1295/3233/3080
f 2939/3035/2896 1359/3247/3094 1354/3254/3101
f 2959/3056/2913 1220/3130/2983 1590/3253/3100
f 3602/3237/3084 1478/3245/3092 1469/3238/3085
f 1618/3140/2991 1035/3149/3000 1450/3249/3096
f 1606/3138/2989 1590/3253/3100 1220/3130/2983
f 261/3235/3082 3614/3234/3081 3602/3237/3084
f 1146/3252/3099 1035/3149/3000 1635/3148/2999
f 2939/3035/2896 1590/3253/3100 1704/3251/3098
f 1144/3248/3095 1334/3242/3089 1465/3241/3088
f 1359/3247/3094 1464/3246/3093 1354/3254/3101
f 1450/3249/3096 1704/3251/3098 1590/3253/3100
f 3629/3243/3090 260/3236/3083 1562/3240/3087
f 1465/3241/3088 1478/3245/3092 1144/3248/3095
f 1590/3253/3100 1606/3138/2989 1450/3249/3096
f 3626/3255/3102 2040/3256/3103 1991/3257/3104
f 3402/3258/3105 2040/3256/3103 3626/3255/3102
f 3626/3255/3102 1991/3257/3104 1987/3259/3106
f 3626/3255/3102 1987/3259/3106 3402/3258/3105
f 2400/3217/3065 2422/3219/3067 2401/3260/3107
f 2430/3261/3108 2400/3217/3065 2401/3260/3107
f 2430/3261/3108 2401/3260/3107 2399/3262/3109
f 2392/3263/3110 2400/3217/3065 2430/3261/3108
f 2391/3264/3111 2430/3261/3108 2399/3262/3109
f 2399/3262/3109 2401/3260/3107 2310/3265/3112
f 1326/3266/3113 1269/3267/3114 2358/3268/3115
f 2392/3263/3110 2394/3269/3116 2421/3270/3117
f 2399/3262/3109 2328/3271/3118 2391/3264/3111
f 2358/3268/3115 1269/3267/3114 2394/3269/3116
f 2310/3265/3112 2328/3271/3118 2399/3262/3109
f 1326/3266/3113 2358/3268/3115 2386/3272/3119
f 2386/3272/3119 1706/3067/2924 1326/3266/3113
f 2392/3263/3110 2391/3264/3111 2328/3271/3118
f 2394/3269/3116 3591/3273/3120 2358/3268/3115
f 2307/3274/3121 2328/3271/3118 2310/3265/3112
f 3594/3275/3122 3619/3276/3123 1506/3277/3124
f 2361/3278/3125 1709/3279/3126 1706/3067/2924
f 3591/3273/3120 2392/3263/3110 2328/3271/3118
f 2392/3263/3110 3591/3273/3120 2394/3269/3116
f 2386/3272/3119 2358/3268/3115 3595/3280/3127
f 2361/3278/3125 2386/3272/3119 3595/3280/3127
f 2358/3268/3115 3591/3273/3120 3595/3280/3127
f 3616/3281/3128 3593/3282/3129 2307/3274/3121
f 2307/3274/3121 3593/3282/3129 2328/3271/3118
f 1506/3277/3124 3619/3276/3123 3593/3282/3129
f 3594/3275/3122 3595/3280/3127 3591/3273/3120
f 3619/3276/3123 3591/3273/3120 2328/3271/3118
f 1501/3283/3130 1506/3277/3124 3616/3281/3128
f 3593/3282/3129 3619/3276/3123 2328/3271/3118
f 3591/3273/3120 3619/3276/3123 3594/3275/3122
f 3593/3282/3129 3616/3281/3128 1506/3277/3124
f 2361/3278/3125 1706/3067/2924 2386/3272/3119
f 2361/3278/3125 1506/3277/3124 1501/3283/3130
f 3594/3275/3122 1506/3277/3124 2361/3278/3125
f 2422/3219/3067 2310/3265/3112 2401/3260/3107
f 2361/3278/3125 1501/3283/3130 1709/3279/3126
f 2430/3261/3108 2391/3264/3111 2392/3263/3110
f 3595/3280/3127 3594/3275/3122 2361/3278/3125
f 1181/3284/3131 1241/3285/3132 1171/3286/3133
f 2797/3070/2927 174/3076/2932 721/3287/3134
f 1194/3176/3026 1183/3288/3135 1173/3093/2949
f 3027/3179/3029 3026/3111/2965 2968/3178/3028
f 3362/3142/2993 1191/3144/2995 1771/3289/3136
f 1517/3290/3137 3664/3291/3138 1745/3292/3139
f 1252/3293/3140 753/3294/3141 1247/3295/3142
f 3630/3296/3143 2/3224/3072 2383/3297/3144
f 2383/3297/3144 1497/3298/3145 3630/3296/3143
f 2425/3221/3069 2383/3297/3144 2/3224/3072
f 2383/3297/3144 2425/3221/3069 1498/3299/3146
f 2392/3263/3110 2421/3270/3117 2400/3217/3065
f 1498/3299/3146 1497/3298/3145 2383/3297/3144
f 1498/3299/3146 2394/3269/3116 1269/3267/3114
f 2389/3215/3063 2421/3270/3117 2394/3269/3116
f 2425/3221/3069 2389/3215/3063 1498/3299/3146
f 2394/3269/3116 1498/3299/3146 2389/3215/3063
f 1269/3267/3114 1497/3298/3145 1498/3299/3146
f 2400/3217/3065 2421/3270/3117 2389/3215/3063
f 2983/3110/2964 649/3300/3147 2984/3301/3148
f 1111/3302/3149 1219/3303/3150 1224/3304/3151
f 3596/3305/3152 1838/3083/2939 3461/3306/3153
f 1394/3078/2934 2983/3110/2964 2595/3079/2935
f 1211/3116/2970 1210/3064/2921 2787/3066/2923
f 161/3134/2986 1205/3307/3154 1250/3308/3155
f 1662/3309/3156 1664/3310/3157 1649/3024/2886
f 1841/3129/2982 1836/3118/2972 1740/3194/3042
f 3666/3124/2978 1664/3310/3157 1662/3309/3156
f 2962/3311/3158 1212/3182/3032 1221/3312/3159
f 2927/3027/2889 2907/3121/2975 3588/3025/2887
f 1222/3123/2977 1227/3313/3160 3341/3089/2945
f 389/3058/2915 567/3057/2914 2942/3177/3027
f 1183/3288/3135 1185/3314/3161 1181/3284/3131
f 1991/3257/3104 1989/3315/3162 1987/3259/3106
f 2368/3316/3163 1991/3257/3104 2040/3256/3103
f 3556/3317/3164 1995/3318/3165 2011/3319/3166
f 2379/3320/3167 2011/3319/3166 2368/3316/3163
f 1995/3318/3165 1056/3321/3168 1989/3315/3162
f 1995/3318/3165 1989/3315/3162 1991/3257/3104
f 1995/3318/3165 3556/3317/3164 1056/3321/3168
f 3556/3317/3164 3565/3322/3169 1056/3321/3168
f 2379/3320/3167 3556/3317/3164 2011/3319/3166
f 2011/3319/3166 1995/3318/3165 1991/3257/3104
f 2022/3323/3170 3561/3324/3171 3565/3322/3169
f 2379/3320/3167 2022/3323/3170 3556/3317/3164
f 1991/3257/3104 2368/3316/3163 2011/3319/3166
f 3556/3317/3164 2022/3323/3170 3565/3322/3169
f 2942/3177/3027 1800/3125/2979 389/3058/2915
f 1051/3325/3172 1034/3326/3173 1055/3327/3174
f 1087/3328/3175 1051/3325/3172 1055/3327/3174
f 1745/3292/3139 1666/3329/3176 1527/3022/2884
f 2941/3081/2937 2942/3177/3027 1836/3118/2972
f 1466/3330/3177 3001/3029/2890 68/3108/2962
f 1745/3292/3139 1527/3022/2884 1649/3024/2886
f 1868/3331/3178 2042/3332/1913 3440/3333/3179
f 1868/3331/3178 3582/3334/1914 2042/3332/1913
f 1868/3331/3178 3565/3322/3169 3561/3324/3171
f 1811/3335/3180 1376/3190/3038 3392/3191/3039
f 3582/3334/1914 1868/3331/3178 2477/3336/3181
f 3069/3195/3043 3268/3117/2971 3070/3337/3182
f 2477/3336/3181 1051/3325/3172 2476/3338/1957
f 2014/3339/1915 3582/3334/1914 2477/3336/3181
f 1087/3328/3175 2476/3338/1957 1051/3325/3172
f 2459/3340/1909 3440/3333/3179 2042/3332/1913
f 2477/3336/3181 3561/3324/3171 1034/3326/3173
f 2476/3338/1957 2014/3339/1915 2477/3336/3181
f 1051/3325/3172 2477/3336/3181 1034/3326/3173
f 1868/3331/3178 3561/3324/3171 2477/3336/3181
f 3026/3111/2965 3069/3195/3043 2968/3178/3028
f 3053/3019/2881 3293/3065/2922 2970/3020/2882
f 3269/3080/2936 1790/3041/2900 3319/3040/2899
f 1250/3308/3155 1275/3341/3183 1251/3342/3184
f 1220/3130/2983 1376/3190/3038 3485/3188/3036
f 3407/3113/2967 1230/3126/2980 1191/3144/2995
f 1239/3343/3185 3111/3344/972 3101/3345/3186
f 1195/3346/3187 3382/3347/3188 1181/3284/3131
f 1858/3100/2954 2927/3027/2889 1886/3026/2888
f 3656/3137/2988 3659/3063/2920 661/3348/3189
f 390/3052/2909 1832/3095/2951 1886/3026/2888
f 3656/3137/2988 3392/3191/3039 1376/3190/3038
f 3319/3040/2899 579/3087/2943 1216/3088/2944
f 1157/3096/2952 1158/3349/3190 1838/3083/2939
f 1193/3092/2948 1181/3284/3131 3382/3347/3188
f 1224/3304/3151 1218/3350/3191 1643/3351/3192
f 2964/3031/2892 1214/3352/3193 3345/3353/3194
f 1277/3354/3195 3328/3355/3196 1252/3293/3140
f 3655/3356/3197 1777/3357/3198 1771/3289/3136
f 1137/3358/3199 1152/3359/3200 3005/3360/3201
f 1230/3126/2980 3655/3356/3197 1771/3289/3136
f 1712/3361/3202 1706/3067/2924 1527/3022/2884
f 1111/3302/3149 3665/3362/3203 1219/3303/3150
f 1606/3138/2989 3485/3188/3036 1199/3139/2990
f 2939/3035/2896 1473/3363/3204 1633/3033/2894
f 1318/3106/2960 2984/3301/3148 649/3300/3147
f 1247/3295/3142 1227/3313/3160 1222/3123/2977
f 2772/3364/3205 2991/3365/3206 2955/3366/216
f 3341/3089/2945 1198/3367/3207 2889/3090/2946
f 780/3185/1351 269/3127/1282 832/3368/3208
f 2898/3369/3209 174/3076/2932 2897/3077/2933
f 2932/3004/2868 3631/3005/2869 2914/3000/2864
f 2913/3370/3210 2906/2999/2863 1620/3371/3211
f 2907/3121/2975 1620/3371/3211 2906/2999/2863
f 2907/3121/2975 2927/3027/2889 364/3372/3212
f 339/3373/3213 2932/3004/2868 2943/3374/3214
f 2927/3027/2889 2952/3375/3215 364/3372/3212
f 2253/3376/3216 153/3377/3217 2165/3378/3218
f 2254/3379/3219 1400/3380/3220 2262/3381/3221
f 2951/3382/3222 364/3372/3212 2952/3375/3215
f 2254/3379/3219 2943/3374/3214 2951/3382/3222
f 2953/3383/3223 339/3373/3213 2254/3379/3219
f 644/3384/3224 2919/3385/3225 2912/3386/3226
f 2908/3387/3227 2271/3388/3228 2250/3389/3229
f 272/3390/3230 339/3373/3213 2953/3383/3223
f 2254/3379/3219 339/3373/3213 2943/3374/3214
f 2255/3391/3231 2260/3392/3232 2271/3388/3228
f 2927/3027/2889 726/3393/3233 2952/3375/3215
f 2252/3394/3234 2322/3395/3235 2744/3396/3236
f 2928/3397/3237 2262/3381/3221 1400/3380/3220
f 2912/3386/3226 2919/3385/3225 3121/3398/3238
f 2164/3399/3239 527/3400/3240 1997/3401/3241
f 2191/3402/3242 2186/3403/3243 2185/3404/3244
f 3121/3398/3238 2322/3395/3235 3019/3405/3245
f 2744/3396/3236 2322/3395/3235 930/3406/3246
f 2953/3383/3223 2251/3407/3247 272/3390/3230
f 580/3408/3248 2918/3409/3249 2175/3410/3250
f 2952/3375/3215 1400/3380/3220 2254/3379/3219
f 2912/3386/3226 2161/3411/3251 2911/3412/3252
f 3019/3405/3245 2322/3395/3235 2252/3394/3234
f 2912/3386/3226 3067/3413/3253 3068/3414/3254
f 2252/3394/3234 2744/3396/3236 2251/3407/3247
f 2912/3386/3226 3121/3398/3238 3067/3413/3253
f 2322/3395/3235 2919/3385/3225 930/3406/3246
f 3068/3414/3254 2161/3411/3251 2912/3386/3226
f 2260/3392/3232 2262/3381/3221 153/3377/3217
f 931/3415/3255 2919/3385/3225 644/3384/3224
f 580/3408/3248 3657/3416/3256 2250/3389/3229
f 2251/3407/3247 2953/3383/3223 2917/3417/3257
f 2180/3418/3258 2172/3419/3259 2164/3399/3239
f 1400/3380/3220 726/3393/3233 2928/3397/3237
f 2161/3411/3251 3068/3414/3254 2197/3420/3260
f 2197/3420/3260 3415/3421/3261 2161/3411/3251
f 2262/3381/3221 2917/3417/3257 2953/3383/3223
f 2908/3387/3227 2252/3394/3234 2255/3391/3231
f 2952/3375/3215 2254/3379/3219 2951/3382/3222
f 2744/3396/3236 272/3390/3230 2251/3407/3247
f 2908/3387/3227 3633/3422/3262 3067/3413/3253
f 2262/3381/3221 2260/3392/3232 2917/3417/3257
f 153/3377/3217 2262/3381/3221 2928/3397/3237
f 2271/3388/3228 2908/3387/3227 2255/3391/3231
f 2907/3121/2975 364/3372/3212 1620/3371/3211
f 3634/3423/3263 2197/3420/3260 3067/3413/3253
f 3067/3413/3253 3633/3422/3262 3634/3423/3263
f 2250/3389/3229 3634/3423/3263 3633/3422/3262
f 2913/3370/3210 2914/3000/2864 2906/2999/2863
f 2914/3000/2864 2913/3370/3210 2932/3004/2868
f 2918/3409/3249 2260/3392/3232 153/3377/3217
f 2913/3370/3210 2951/3382/3222 2932/3004/2868
f 2260/3392/3232 2255/3391/3231 2917/3417/3257
f 1620/3371/3211 364/3372/3212 2951/3382/3222
f 2259/3424/3264 2253/3376/3216 2165/3378/3218
f 153/3377/3217 2175/3410/3250 2918/3409/3249
f 2144/3425/3265 3415/3421/3261 2197/3420/3260
f 2271/3388/3228 2918/3409/3249 2250/3389/3229
f 930/3406/3246 2919/3385/3225 931/3415/3255
f 2250/3389/3229 2918/3409/3249 580/3408/3248
f 2253/3376/3216 2175/3410/3250 153/3377/3217
f 527/3400/3240 2191/3402/3242 3650/3426/3266
f 2908/3387/3227 2250/3389/3229 3633/3422/3262
f 2911/3412/3252 644/3384/3224 2912/3386/3226
f 2251/3407/3247 2255/3391/3231 2252/3394/3234
f 1044/3427/3267 2191/3402/3242 2185/3404/3244
f 2151/3428/3268 2909/3429/3269 3657/3416/3256
f 2908/3387/3227 3067/3413/3253 3019/3405/3245
f 2191/3402/3242 1044/3427/3267 3650/3426/3266
f 2919/3385/3225 2322/3395/3235 3121/3398/3238
f 2175/3410/3250 2253/3376/3216 2259/3424/3264
f 1400/3380/3220 2952/3375/3215 726/3393/3233
f 580/3408/3248 2175/3410/3250 2180/3418/3258
f 2909/3429/3269 2197/3420/3260 3634/3423/3263
f 2908/3387/3227 3019/3405/3245 2252/3394/3234
f 2172/3419/3259 2175/3410/3250 2259/3424/3264
f 39/3430/3270 91/3431/3271 54/3432/3272
f 2180/3418/3258 2151/3428/3268 580/3408/3248
f 2254/3379/3219 2262/3381/3221 2953/3383/3223
f 3443/3433/3273 2151/3428/3268 2180/3418/3258
f 2195/3434/3274 2186/3403/3243 3089/3435/3275
f 1620/3371/3211 2951/3382/3222 2913/3370/3210
f 3089/3435/3275 2172/3419/3259 2259/3424/3264
f 2255/3391/3231 2251/3407/3247 2917/3417/3257
f 3089/3435/3275 2259/3424/3264 2165/3378/3218
f 3443/3433/3273 2180/3418/3258 1997/3401/3241
f 2250/3389/3229 3657/3416/3256 3634/3423/3263
f 2151/3428/3268 3657/3416/3256 580/3408/3248
f 2164/3399/3239 2186/3403/3243 2191/3402/3242
f 2164/3399/3239 1997/3401/3241 2180/3418/3258
f 2191/3402/3242 527/3400/3240 2164/3399/3239
f 3089/3435/3275 2165/3378/3218 2195/3434/3274
f 2197/3420/3260 3068/3414/3254 3067/3413/3253
f 2909/3429/3269 2144/3425/3265 2197/3420/3260
f 2951/3382/3222 2943/3374/3214 2932/3004/2868
f 2172/3419/3259 2186/3403/3243 2164/3399/3239
f 2175/3410/3250 2172/3419/3259 2180/3418/3258
f 3121/3398/3238 3019/3405/3245 3067/3413/3253
f 1997/3401/3241 527/3400/3240 3650/3426/3266
f 2271/3388/3228 2260/3392/3232 2918/3409/3249
f 2186/3403/3243 2195/3434/3274 2185/3404/3244
f 2909/3429/3269 3634/3423/3263 3657/3416/3256
f 2186/3403/3243 2172/3419/3259 3089/3435/3275
f 2100/3436/3276 1859/3437/3277 3444/3438/3278
f 2905/3439/3279 3639/3440/3280 3437/3441/3281
f 3639/3440/3280 1859/3437/3277 2100/3436/3276
f 2136/3442/3282 2100/3436/3276 3444/3438/3278
f 2905/3439/3279 538/3443/3283 1859/3437/3277
f 3443/3433/3273 1997/3401/3241 2136/3442/3282
f 3443/3433/3273 3444/3438/3278 1859/3437/3277
f 2151/3428/3268 1859/3437/3277 538/3443/3283
f 3639/3440/3280 2905/3439/3279 1859/3437/3277
f 538/3443/3283 2905/3439/3279 2909/3429/3269
f 2144/3425/3265 2909/3429/3269 2905/3439/3279
f 1859/3437/3277 2151/3428/3268 3443/3433/3273
f 3443/3433/3273 2136/3442/3282 3444/3438/3278
f 2905/3439/3279 3437/3441/3281 2144/3425/3265
f 538/3443/3283 2909/3429/3269 2151/3428/3268
f 1196/3073/2930 1192/3184/3034 1234/3183/3033
f 455/3032/2893 753/3294/3141 2594/3444/3284
f 2924/3048/2905 1378/3445/3285 2935/3046/2903
f 2962/3311/3158 2594/3444/3284 1223/3180/3030
f 1793/3446/3286 1829/3128/2981 2922/3193/3041
f 3040/3447/3287 1829/3128/2981 3645/3448/3288
f 1793/3446/3286 3645/3448/3288 1829/3128/2981
f 3651/3192/3040 1793/3446/3286 2922/3193/3041
f 3651/3192/3040 2196/3449/3289 1793/3446/3286
f 3663/3061/2918 3662/3450/3290 3659/3063/2920
f 3637/3451/3291 3644/3452/3292 2196/3449/3289
f 3040/3447/3287 3658/3101/2955 1829/3128/2981
f 3651/3192/3040 661/3348/3189 3637/3451/3291
f 3666/3124/2978 3662/3450/3290 3663/3061/2918
f 2196/3449/3289 3645/3448/3288 1793/3446/3286
f 3644/3452/3292 3637/3451/3291 3638/3453/3293
f 3659/3063/2920 3662/3450/3290 661/3348/3189
f 3661/3454/3294 3662/3450/3290 3666/3124/2978
f 2196/3449/3289 3644/3452/3292 3645/3448/3288
f 1113/3455/3295 661/3348/3189 3662/3450/3290
f 3638/3453/3293 3637/3451/3291 1113/3455/3295
f 1113/3455/3295 3662/3450/3290 3661/3454/3294
f 3040/3447/3287 3645/3448/3288 3644/3452/3292
f 3637/3451/3291 2196/3449/3289 3651/3192/3040
f 1113/3455/3295 3637/3451/3291 661/3348/3189
f 2240/3456/3296 3638/3453/3293 1113/3455/3295
f 1113/3455/3295 3661/3454/3294 2240/3456/3296
f 1317/3457/3297 803/3458/3298 2915/3107/2961
f 2915/3107/2961 803/3458/3298 2945/3459/3299
f 803/3458/3298 1317/3457/3297 2893/3460/3300
f 875/3461/3301 2902/3462/3302 84/3463/3303
f 2945/3459/3299 803/3458/3298 823/3464/3304
f 2902/3462/3302 921/3465/3305 920/3466/3306
f 823/3464/3304 803/3458/3298 2893/3460/3300
f 662/3467/3307 659/3468/3308 283/3469/3309
f 921/3465/3305 807/3470/3310 920/3466/3306
f 322/3471/3311 84/3463/3303 916/3472/3312
f 964/3473/3313 2991/3365/3206 944/3474/3314
f 282/3475/3315 659/3468/3308 660/3476/3316
f 117/3477/3317 534/3478/3318 119/3479/296
f 659/3468/3308 282/3475/3315 320/3480/3319
f 320/3480/3319 84/3463/3303 322/3471/3311
f 2991/3365/3206 2898/3369/3209 944/3474/3314
f 283/3469/3309 320/3480/3319 322/3471/3311
f 84/3463/3303 265/3481/3320 875/3461/3301
f 2897/3077/2933 2742/3482/3321 2949/3483/3322
f 921/3465/3305 2902/3462/3302 2742/3482/3321
f 2949/3483/3322 2742/3482/3321 2948/3484/3323
f 2902/3462/3302 2948/3484/3323 2742/3482/3321
f 964/3473/3313 963/3485/300 2896/3486/201
f 944/3474/3314 2949/3483/3322 2900/3487/3324
f 1228/3072/2929 1192/3184/3034 1196/3073/2930
f 2897/3077/2933 2949/3483/3322 2898/3369/3209
f 2902/3462/3302 916/3472/3312 84/3463/3303
f 823/3464/3304 2893/3460/3300 283/3469/3309
f 963/3485/300 964/3473/3313 946/3488/3325
f 1214/3352/3193 3341/3089/2945 1227/3313/3160
f 875/3461/3301 288/3489/3326 876/3490/3327
f 3414/3491/3328 2942/3177/3027 567/3057/2914
f 2902/3462/3302 876/3490/3327 2948/3484/3323
f 40/3492/3329 55/3493/1992 59/3494/1991
f 84/3463/3303 605/3495/3330 112/3496/3331
f 944/3474/3314 2900/3487/3324 946/3488/3325
f 2893/3460/3300 662/3467/3307 283/3469/3309
f 916/3472/3312 823/3464/3304 322/3471/3311
f 1204/3497/3332 1250/3308/3155 3665/3362/3203
f 533/3498/299 119/3479/296 534/3478/3318
f 817/3499/305 963/3485/300 946/3488/3325
f 1318/3106/2960 1790/3041/2900 2984/3301/3148
f 2945/3459/3299 807/3470/3310 842/3500/3333
f 2900/3487/3324 2949/3483/3322 2948/3484/3323
f 1830/3501/3334 1811/3335/3180 3392/3191/3039
f 1280/3054/2911 2963/3053/2910 2594/3444/3284
f 875/3461/3301 265/3481/3320 288/3489/3326
f 876/3490/3327 288/3489/3326 318/3502/3335
f 263/3503/3336 533/3498/299 534/3478/3318
f 3655/3356/3197 3652/3504/3337 1777/3357/3198
f 112/3496/3331 605/3495/3330 643/3505/3338
f 109/3506/3339 288/3489/3326 265/3481/3320
f 2922/3193/3041 1740/3194/3042 1830/3501/3334
f 299/3507/3340 3635/3508/3341 1686/3509/3342
f 282/3475/3315 660/3476/3316 605/3495/3330
f 2900/3487/3324 876/3490/3327 318/3502/3335
f 263/3503/3336 112/3496/3331 643/3505/3338
f 823/3464/3304 916/3472/3312 920/3466/3306
f 3069/3195/3043 3070/3337/3182 3107/3510/3343
f 1375/3511/3344 401/3512/3345 3205/3513/3346
f 318/3502/3335 288/3489/3326 109/3506/3339
f 817/3499/305 2900/3487/3324 318/3502/3335
f 534/3478/3318 109/3506/3339 265/3481/3320
f 2949/3483/3322 944/3474/3314 2898/3369/3209
f 1662/3309/3156 3661/3454/3294 3666/3124/2978
f 109/3506/3339 117/3477/3317 318/3502/3335
f 2945/3459/3299 842/3500/3333 2915/3107/2961
f 2936/3047/2904 2935/3046/2903 389/3058/2915
f 2902/3462/3302 920/3466/3306 916/3472/3312
f 964/3473/3313 944/3474/3314 946/3488/3325
f 265/3481/3320 84/3463/3303 112/3496/3331
f 807/3470/3310 823/3464/3304 920/3466/3306
f 117/3477/3317 119/3479/296 118/3514/306
f 643/3505/3338 533/3498/299 263/3503/3336
f 1237/3515/3347 1195/3346/3187 1181/3284/3131
f 2889/3090/2946 3269/3080/2936 1216/3088/2944
f 807/3470/3310 2945/3459/3299 823/3464/3304
f 89/3135/2987 1133/3516/3348 1102/3055/2912
f 31/3517/3349 1249/3518/3350 1213/3519/3351
f 659/3468/3308 320/3480/3319 283/3469/3309
f 2900/3487/3324 817/3499/305 946/3488/3325
f 318/3502/3335 117/3477/3317 817/3499/305
f 1181/3284/3131 1193/3092/2948 1182/3091/2947
f 534/3478/3318 117/3477/3317 109/3506/3339
f 876/3490/3327 2900/3487/3324 2948/3484/3323
f 117/3477/3317 118/3514/306 817/3499/305
f 265/3481/3320 263/3503/3336 534/3478/3318
f 1251/3342/3184 1229/3520/3352 3665/3362/3203
f 282/3475/3315 84/3463/3303 320/3480/3319
f 58/3521/3353 42/3522/2504 537/3523/169
f 1234/3183/3033 2946/3524/3354 3106/3525/3355
f 298/3526/3356 91/3431/3271 39/3430/3270
f 2771/3527/3357 2779/3528/3358 2773/3196/3044
f 1207/3529/3359 2889/3090/2946 1198/3367/3207
f 3344/3530/3360 1686/3509/3342 3270/3531/3361
f 42/3522/2504 40/3492/3329 59/3494/1991
f 1218/3350/3191 1757/3532/3362 1643/3351/3192
f 876/3490/3327 2902/3462/3302 875/3461/3301
f 3009/3533/1761 299/3507/3340 3327/3534/1987
f 112/3496/3331 263/3503/3336 265/3481/3320
f 298/3526/3356 3009/3533/1761 90/3535/1995
f 1214/3352/3193 1198/3367/3207 3341/3089/2945
f 1185/3314/3161 1284/3536/3363 1241/3285/3132
f 1156/3007/2870 1466/3330/3177 1158/3349/3190
f 605/3495/3330 84/3463/3303 282/3475/3315
f 322/3471/3311 823/3464/3304 283/3469/3309
f 58/3521/3353 40/3492/3329 42/3522/2504
f 299/3507/3340 3344/3530/3360 3327/3534/1987
f 2889/3090/2946 1207/3529/3359 3070/3337/3182
f 1252/3293/3140 1247/3295/3142 1211/3116/2970
f 1760/3003/2867 3453/3537/3364 468/3001/2865
f 3441/3538/1745 3051/3539/3365 3008/3540/3366
f 1829/3128/2981 1841/3129/2982 2922/3193/3041
f 3345/3353/3194 1214/3352/3193 1227/3313/3160
f 55/3493/1992 91/3431/3271 90/3535/1995
f 3574/3050/2907 1963/3541/3367 1926/3542/3368
f 1247/3295/3142 3345/3353/3194 1227/3313/3160
f 1963/3541/3367 1916/3543/2073 1948/3544/2096
f 1740/3194/3042 2942/3177/3027 3414/3491/3328
f 1217/3112/2966 1350/3545/3369 649/3300/3147
f 1234/3183/3033 3485/3188/3036 2946/3524/3354
f 2942/3177/3027 1740/3194/3042 1836/3118/2972
f 1757/3532/3362 1830/3501/3334 1740/3194/3042
f 1811/3335/3180 1830/3501/3334 1757/3532/3362
f 1158/3349/3190 1157/3096/2952 1156/3007/2870
f 299/3507/3340 3009/3533/1761 298/3526/3356
f 1217/3112/2966 2935/3046/2903 1350/3545/3369
f 1213/3519/3351 1195/3346/3187 1237/3515/3347
f 3069/3195/3043 3107/3510/3343 2752/3546/3370
f 1013/3547/3371 2789/3068/2925 2797/3070/2927
f 3012/3548/2003 3063/3549/1988 3051/3539/3365
f 1171/3286/3133 1237/3515/3347 1181/3284/3131
f 1213/3519/3351 1237/3515/3347 3271/3550/3372
f 1194/3176/3026 3308/3189/3037 1225/3551/3373
f 3063/3549/1988 3327/3534/1987 3344/3530/3360
f 58/3521/3353 537/3523/169 57/3552/164
f 3472/3037/2897 3470/3085/2941 1246/3039/2898
f 1219/3303/3150 1197/3553/3374 1218/3350/3191
f 3008/3540/3366 3051/3539/3365 3063/3549/1988
f 1746/3554/3375 3652/3504/3337 1197/3553/3374
f 299/3507/3340 298/3526/3356 39/3430/3270
f 2946/3524/3354 1811/3335/3180 1757/3532/3362
f 1225/3551/3373 3308/3189/3037 1777/3357/3198
f 2301/3555/3376 2227/3556/3377 1744/3557/3378
f 1044/3427/3267 3618/3558/3379 2301/3555/3376
f 3618/3558/3379 2227/3556/3377 2301/3555/3376
f 2207/3559/3380 3618/3558/3379 2185/3404/3244
f 2227/3556/3377 2207/3559/3380 2921/3560/3381
f 2193/3561/3382 2921/3560/3381 2207/3559/3380
f 3270/3531/3361 3008/3540/3366 3063/3549/1988
f 726/3393/3233 3658/3101/2955 724/3562/3383
f 2240/3456/3296 3661/3454/3294 1850/3563/3384
f 2185/3404/3244 2195/3434/3274 2193/3561/3382
f 1723/3564/3385 1731/3565/3386 1850/3563/3384
f 2204/3566/3387 1744/3557/3378 2227/3556/3377
f 3063/3549/1988 3344/3530/3360 3270/3531/3361
f 1731/3565/3386 2921/3560/3381 2193/3561/3382
f 1850/3563/3384 4/3567/3388 2240/3456/3296
f 4/3567/3388 1850/3563/3384 1731/3565/3386
f 2193/3561/3382 3643/3568/3389 1731/3565/3386
f 1723/3564/3385 1850/3563/3384 3661/3454/3294
f 3644/3452/3292 3/3569/3390 209/3570/3391
f 2195/3434/3274 2920/3571/3392 3643/3568/3389
f 2240/3456/3296 4/3567/3388 3638/3453/3293
f 1731/3565/3386 3/3569/3390 4/3567/3388
f 3642/3572/3393 3643/3568/3389 2920/3571/3392
f 3642/3572/3393 2190/3573/3394 3/3569/3390
f 1731/3565/3386 1723/3564/3385 2921/3560/3381
f 3643/3568/3389 3/3569/3390 1731/3565/3386
f 90/3535/1995 91/3431/3271 298/3526/3356
f 2195/3434/3274 2165/3378/3218 2920/3571/3392
f 3643/3568/3389 3642/3572/3393 3/3569/3390
f 2926/3574/3395 2234/3575/3396 2165/3378/3218
f 2190/3573/3394 2234/3575/3396 2926/3574/3395
f 3/3569/3390 3644/3452/3292 3638/3453/3293
f 2165/3378/3218 153/3377/3217 2926/3574/3395
f 3644/3452/3292 209/3570/3391 3040/3447/3287
f 1662/3309/3156 1723/3564/3385 3661/3454/3294
f 1686/3509/3342 3344/3530/3360 299/3507/3340
f 3638/3453/3293 4/3567/3388 3/3569/3390
f 3618/3558/3379 1044/3427/3267 2185/3404/3244
f 2190/3573/3394 209/3570/3391 3/3569/3390
f 2190/3573/3394 1766/3576/3397 209/3570/3391
f 40/3492/3329 91/3431/3271 55/3493/1992
f 1766/3576/3397 3040/3447/3287 209/3570/3391
f 40/3492/3329 54/3432/3272 91/3431/3271
f 2234/3575/3396 2190/3573/3394 2920/3571/3392
f 2921/3560/3381 1723/3564/3385 2227/3556/3377
f 1784/3577/3398 153/3377/3217 2928/3397/3237
f 2927/3027/2889 3658/3101/2955 726/3393/3233
f 2227/3556/3377 1723/3564/3385 2204/3566/3387
f 726/3393/3233 724/3562/3383 2928/3397/3237
f 1766/3576/3397 2190/3573/3394 2926/3574/3395
f 1784/3577/3398 2928/3397/3237 724/3562/3383
f 2204/3566/3387 1723/3564/3385 1662/3309/3156
f 2227/3556/3377 3618/3558/3379 2207/3559/3380
f 724/3562/3383 3040/3447/3287 1766/3576/3397
f 1784/3577/3398 2926/3574/3395 153/3377/3217
f 3040/3447/3287 724/3562/3383 3658/3101/2955
f 2165/3378/3218 2234/3575/3396 2920/3571/3392
f 2207/3559/3380 2185/3404/3244 2193/3561/3382
f 1766/3576/3397 1784/3577/3398 724/3562/3383
f 1784/3577/3398 1766/3576/3397 2926/3574/3395
f 2195/3434/3274 3643/3568/3389 2193/3561/3382
f 2190/3573/3394 3642/3572/3393 2920/3571/3392
f 3656/3137/2988 661/3348/3189 3392/3191/3039
f 1173/3093/2949 1181/3284/3131 1182/3091/2947
f 3665/3362/3203 1197/3553/3374 1219/3303/3150
f 3106/3525/3355 3652/3504/3337 3655/3356/3197
f 1745/3292/3139 3664/3291/3138 1666/3329/3176
f 1202/3578/3399 1203/3579/3400 2963/3053/2910
f 3106/3525/3355 2946/3524/3354 1197/3553/3374
f 1234/3183/3033 3106/3525/3355 1230/3126/2980
f 2772/3364/3205 721/3287/3134 2991/3365/3206
f 40/3492/3329 58/3521/3353 54/3432/3272
f 1328/3580/3401 649/3300/3147 1350/3545/3369
f 753/3294/3141 3345/3353/3194 1247/3295/3142
f 1649/3024/2886 1525/3023/2885 2204/3566/3387
f 1746/3554/3375 1197/3553/3374 3665/3362/3203
f 1247/3295/3142 1210/3064/2921 1211/3116/2970
f 401/3512/3345 3453/3537/3364 1760/3003/2867
f 1213/3519/3351 3271/3550/3372 3377/3181/3031
f 1102/3055/2912 1133/3516/3348 1134/3581/3402
f 3051/3539/3365 3441/3538/1745 3012/3548/2003
f 2894/3582/3403 2752/3546/3370 3107/3510/3343
f 1181/3284/3131 1173/3093/2949 1183/3288/3135
f 2779/3528/3358 3325/3197/3045 2773/3196/3044
f 3665/3362/3203 1111/3302/3149 1204/3497/3332
f 2749/3583/3404 2894/3582/3403 1208/3584/3405
f 2983/3110/2964 2984/3301/3148 2595/3079/2935
f 1308/3585/3406 1466/3330/3177 3005/3360/3201
f 828/3018/2880 915/3011/2874 822/3042/2901
f 1284/3536/3363 1251/3342/3184 1275/3341/3183
f 1198/3367/3207 1203/3579/3400 1207/3529/3359
f 1350/3545/3369 2935/3046/2903 1378/3445/3285
f 1237/3515/3347 1171/3286/3133 1241/3285/3132
f 1830/3501/3334 3392/3191/3039 2922/3193/3041
f 828/3018/2880 1127/3009/2872 915/3011/2874
f 3652/3504/3337 3106/3525/3355 1197/3553/3374
f 721/3287/3134 2898/3369/3209 2991/3365/3206
f 3472/3037/2897 1838/3083/2939 3470/3085/2941
f 567/3057/2914 435/3059/2916 2968/3178/3028
f 2924/3048/2905 1375/3511/3344 1378/3445/3285
f 1249/3518/3350 1195/3346/3187 1213/3519/3351
f 1252/3293/3140 3328/3355/3196 753/3294/3141
f 1795/3586/3407 1643/3351/3192 3414/3491/3328
f 2304/3587/3408 1575/3588/3409 1046/3589/3410
f 3107/3510/3343 728/3590/3411 2894/3582/3403
f 1139/3591/3412 2304/3587/3408 1046/3589/3410
f 1145/3592/3413 1139/3591/3412 1046/3589/3410
f 1048/3593/3414 1053/3594/3415 1046/3589/3410
f 1858/3100/2954 1836/3118/2972 1841/3129/2982
f 1145/3592/3413 1046/3589/3410 1053/3594/3415
f 3319/3040/2899 1778/3021/2883 2970/3020/2882
f 1053/3594/3415 3586/3595/3416 1040/3596/3417
f 3596/3305/3152 3461/3306/3153 1141/3597/3418
f 1308/3585/3406 1838/3083/2939 1158/3349/3190
f 285/3598/3419 2442/3599/3420 1145/3592/3413
f 753/3294/3141 2964/3031/2892 3345/3353/3194
f 3617/3600/3421 3607/3601/3422 3609/3602/3423
f 1181/3284/3131 1185/3314/3161 1241/3285/3132
f 285/3598/3419 1145/3592/3413 1040/3596/3417
f 3552/3603/2112 2511/3604/3424 1935/3605/3425
f 3271/3550/3372 1212/3182/3032 3377/3181/3031
f 3461/3306/3153 1308/3585/3406 3005/3360/3201
f 1046/3589/3410 1575/3588/3409 1048/3593/3414
f 1040/3596/3417 286/3606/3426 285/3598/3419
f 3605/3607/3427 1122/3608/3428 1096/3609/3429
f 286/3606/3426 1059/3610/3430 1058/3611/3431
f 2432/3612/3432 285/3598/3419 286/3606/3426
f 1053/3594/3415 1030/3613/3433 3586/3595/3416
f 728/3590/3411 3107/3510/3343 1203/3579/3400
f 2749/3583/3404 1133/3516/3348 1224/3304/3151
f 1252/3293/3140 1211/3116/2970 1279/3614/3434
f 1744/3557/3378 2204/3566/3387 1709/3279/3126
f 1221/3312/3159 3271/3550/3372 1241/3285/3132
f 3568/3615/3435 1032/3616/3436 1088/3617/3437
f 1055/3327/3174 2432/3612/3432 286/3606/3426
f 3568/3615/3435 560/3618/3438 1055/3327/3174
f 1030/3613/3433 1188/3619/3439 3605/3607/3427
f 1229/3520/3352 1746/3554/3375 3665/3362/3203
f 2935/3046/2903 1217/3112/2966 3027/3179/3029
f 3460/3012/2875 1157/3096/2952 3472/3037/2897
f 1088/3617/3437 1057/3620/3440 1090/3621/3441
f 2772/3364/3205 2955/3366/216 2751/3622/422
f 560/3618/3438 3568/3615/3435 1088/3617/3437
f 1746/3554/3375 3396/3623/3442 1225/3551/3373
f 560/3618/3438 1087/3328/3175 1055/3327/3174
f 1087/3328/3175 1088/3617/3437 3562/3624/3443
f 1205/3307/3154 2962/3311/3158 1275/3341/3183
f 3396/3623/3442 1229/3520/3352 1183/3288/3135
f 1090/3621/3441 1089/3625/3444 1088/3617/3437
f 1089/3625/3444 1090/3621/3441 3577/3626/1960
f 1277/3354/3195 1278/3627/3445 31/3517/3349
f 2964/3031/2892 1215/3030/2891 1214/3352/3193
f 1858/3100/2954 1841/3129/2982 3658/3101/2955
f 3562/3624/3443 1088/3617/3437 1089/3625/3444
f 1173/3093/2949 1170/3157/3008 1194/3176/3026
f 1030/3613/3433 1053/3594/3415 1048/3593/3414
f 2941/3081/2937 1832/3095/2951 390/3052/2909
f 3485/3188/3036 1811/3335/3180 2946/3524/3354
f 2752/3546/3370 2894/3582/3403 1795/3586/3407
f 3269/3080/2936 2889/3090/2946 3268/3117/2971
f 3026/3111/2965 1367/3109/2963 3069/3195/3043
f 2968/3178/3028 2752/3546/3370 567/3057/2914
f 3530/3628/1959 3562/3624/3443 1089/3625/3444
f 3027/3179/3029 1217/3112/2966 3026/3111/2965
f 2964/3031/2892 753/3294/3141 455/3032/2893
f 1141/3597/3418 3461/3306/3153 1152/3359/3200
f 44/3084/2940 1246/3039/2898 3470/3085/2941
f 1209/3086/2942 3293/3065/2922 1210/3064/2921
f 1643/3351/3192 1795/3586/3407 2894/3582/3403
f 390/3052/2909 3588/3025/2887 1186/3122/2976
f 661/3348/3189 3651/3192/3040 3392/3191/3039
f 1088/3617/3437 1087/3328/3175 560/3618/3438
f 3530/3628/1959 3534/3629/1982 3562/3624/3443
f 1284/3536/3363 1221/3312/3159 1241/3285/3132
f 1127/3009/2872 3293/3065/2922 3053/3019/2881
f 1224/3304/3151 1643/3351/3192 2749/3583/3404
f 1746/3554/3375 1229/3520/3352 3396/3623/3442
f 1633/3033/2894 3663/3061/2918 1419/3034/2895
f 1188/3619/3439 476/3630/3446 1122/3608/3428
f 1183/3288/3135 1229/3520/3352 1185/3314/3161
f 390/3052/2909 2936/3047/2904 2958/3082/2938
f 1215/3030/2891 455/3032/2893 2963/3053/2910
f 31/3517/3349 1213/3519/3351 3377/3181/3031
f 2894/3582/3403 2749/3583/3404 1643/3351/3192
f 1783/3069/2926 174/3076/2932 2797/3070/2927
f 3606/3631/3447 3607/3601/3422 2008/3632/3448
f 1251/3342/3184 3665/3362/3203 1250/3308/3155
f 2935/3046/2903 3027/3179/3029 435/3059/2916
f 1215/3030/2891 1198/3367/3207 1214/3352/3193
f 1055/3327/3174 1034/3326/3173 2432/3612/3432
f 822/3042/2901 915/3011/2874 821/3633/3449
f 3562/3624/3443 2476/3338/1957 1087/3328/3175
f 1137/3358/3199 1466/3330/3177 68/3108/2962
f 1208/3584/3405 728/3590/3411 1202/3578/3399
f 1122/3608/3428 3605/3607/3427 1188/3619/3439
f 286/3606/3426 1040/3596/3417 1059/3610/3430
f 1525/3023/2885 1709/3279/3126 2204/3566/3387
f 1204/3497/3332 89/3135/2987 1250/3308/3155
f 1185/3314/3161 1251/3342/3184 1284/3536/3363
f 3106/3525/3355 3655/3356/3197 1230/3126/2980
f 285/3598/3419 2432/3612/3432 1033/3634/3450
f 1664/3310/3157 1633/3033/2894 1517/3290/3137
f 1221/3312/3159 1284/3536/3363 1275/3341/3183
f 1191/3144/2995 1230/3126/2980 1771/3289/3136
f 1134/3581/3402 1133/3516/3348 1208/3584/3405
f 1746/3554/3375 1225/3551/3373 1777/3357/3198
f 1032/3616/3436 1057/3620/3440 1088/3617/3437
f 2476/3338/1957 3562/3624/3443 3534/3629/1982
f 1251/3342/3184 1185/3314/3161 1229/3520/3352
f 3568/3615/3435 1058/3611/3431 1032/3616/3436
f 1316/3635/3451 1317/3457/3297 1318/3106/2960
f 1040/3596/3417 3586/3595/3416 1059/3610/3430
f 1224/3304/3151 1133/3516/3348 89/3135/2987
f 1053/3594/3415 1040/3596/3417 1145/3592/3413
f 1234/3183/3033 1230/3126/2980 1196/3073/2930
f 3017/3036/1294 1345/3006/1301 3469/3008/2871
f 3377/3181/3031 1223/3180/3030 1277/3354/3195
f 286/3606/3426 3568/3615/3435 1055/3327/3174
f 1065/3636/3452 721/3287/3134 2772/3364/3205
f 1048/3593/3414 1575/3588/3409 476/3630/3446
f 1217/3112/2966 649/3300/3147 2983/3110/2964
f 3530/3628/1959 1089/3625/3444 3577/3626/1960
f 2962/3311/3158 1221/3312/3159 1275/3341/3183
f 89/3135/2987 161/3134/2986 1250/3308/3155
f 3574/3050/2907 1926/3542/3368 3553/3051/2908
f 921/3465/3305 1779/3637/3453 807/3470/3310
f 2/3224/3072 3630/3296/3143 1235/3638/3454
f 1559/3239/3086 1334/3242/3089 1608/3639/3455
f 1033/3634/3450 2432/3612/3432 1034/3326/3173
f 3601/3640/3456 2/3224/3072 1235/3638/3454
f 1559/3239/3086 1608/3639/3455 1616/3641/3457
f 1811/3335/3180 3485/3188/3036 1376/3190/3038
f 1208/3584/3405 1202/3578/3399 2963/3053/2910
f 1096/3609/3429 2/3224/3072 3601/3640/3456
f 1446/3155/3006 1166/3205/3053 1635/3148/2999
f 1559/3239/3086 1616/3641/3457 1562/3240/3087
f 2/3224/3072 1096/3609/3429 3569/3225/3073
f 2595/3079/2935 1790/3041/2900 3269/3080/2936
f 3614/3234/3081 1096/3609/3429 3601/3640/3456
f 1635/3148/2999 1812/3642/3458 1146/3252/3099
f 1334/3242/3089 1146/3252/3099 1616/3641/3457
f 1193/3092/2948 1170/3157/3008 1173/3093/2949
f 2962/3311/3158 1280/3054/2911 2594/3444/3284
f 2906/2999/2863 3451/3114/2968 2907/3121/2975
f 476/3630/3446 1188/3619/3439 1048/3593/3414
f 2752/3546/3370 1795/3586/3407 3414/3491/3328
f 1096/3609/3429 3614/3234/3081 1148/3231/3078
f 1812/3642/3458 1635/3148/2999 1813/3202/3050
f 3308/3189/3037 3362/3142/2993 1771/3289/3136
f 1649/3024/2886 1664/3310/3157 1745/3292/3139
f 1023/3643/3459 1063/3644/3460 1031/3645/3461
f 2963/3053/2910 455/3032/2893 2594/3444/3284
f 1183/3288/3135 1194/3176/3026 3396/3623/3442
f 1096/3609/3429 1148/3231/3078 1147/3646/3462
f 1401/3647/3463 1812/3642/3458 1813/3202/3050
f 1812/3642/3458 1295/3233/3080 1616/3641/3457
f 1096/3609/3429 1147/3646/3462 3605/3607/3427
f 1147/3646/3462 1148/3231/3078 1283/3230/3077
f 1133/3516/3348 2749/3583/3404 1208/3584/3405
f 1453/3199/3047 1094/3208/3056 1149/3200/3048
f 1074/3198/3046 1079/3207/3055 1401/3647/3463
f 2963/3053/2910 1134/3581/3402 1208/3584/3405
f 1221/3312/3159 1212/3182/3032 3271/3550/3372
f 2963/3053/2910 1102/3055/2912 1134/3581/3402
f 1283/3230/3077 3605/3607/3427 1147/3646/3462
f 1094/3208/3056 1043/3648/3464 1149/3200/3048
f 2962/3311/3158 1205/3307/3154 1280/3054/2911
f 1283/3230/3077 3636/3649/3465 3605/3607/3427
f 1043/3648/3464 1094/3208/3056 1154/3209/3057
f 1160/3650/3466 1838/3083/2939 1151/3651/3467
f 1154/3209/3057 1160/3650/3466 1159/3652/3468
f 1021/3653/3469 1026/3654/3470 1063/3644/3460
f 1283/3230/3077 1306/3655/3471 3636/3649/3465
f 1192/3184/3034 1228/3072/2929 1199/3139/2990
f 3636/3649/3465 1030/3613/3433 3605/3607/3427
f 1102/3055/2912 1280/3054/2911 161/3134/2986
f 1160/3650/3466 1151/3651/3467 1159/3652/3468
f 1128/3656/1660 3653/3657/3472 1114/3658/3473
f 1043/3648/3464 1300/3659/3474 1079/3207/3055
f 44/3084/2940 1160/3650/3466 1154/3209/3057
f 2896/3486/201 2955/3366/216 964/3473/3313
f 1079/3207/3055 1140/3660/3475 1306/3655/3471
f 1306/3655/3471 1042/3661/3476 3636/3649/3465
f 1068/3662/3477 1072/3663/3478 1057/3620/3440
f 1070/3201/3049 1074/3198/3046 1401/3647/3463
f 826/3664/3479 926/3102/2956 994/3104/2958
f 2963/3053/2910 1203/3579/3400 1215/3030/2891
f 1096/3609/3429 1122/3608/3428 3569/3225/3073
f 2894/3582/3403 728/3590/3411 1208/3584/3405
f 1275/3341/3183 1250/3308/3155 1205/3307/3154
f 1159/3652/3468 1043/3648/3464 1154/3209/3057
f 285/3598/3419 1033/3634/3450 2442/3599/3420
f 1038/3665/3480 1024/3666/3481 1095/3667/3482
f 2594/3444/3284 753/3294/3141 3328/3355/3196
f 3453/3537/3364 1375/3511/3344 2924/3048/2905
f 3586/3595/3416 1030/3613/3433 1049/3668/3483
f 1141/3597/3418 3597/3669/3484 1029/3670/3485
f 1079/3207/3055 1300/3659/3474 1064/3671/3486
f 1162/3672/3487 1043/3648/3464 1159/3652/3468
f 1042/3661/3476 1054/3673/3488 1063/3644/3460
f 1064/3671/3486 1140/3660/3475 1079/3207/3055
f 3636/3649/3465 1042/3661/3476 1023/3643/3459
f 1757/3532/3362 1740/3194/3042 3414/3491/3328
f 3608/3674/3489 1131/3675/3490 1061/3676/3491
f 2955/3366/216 2991/3365/3206 964/3473/3313
f 1111/3302/3149 1224/3304/3151 1204/3497/3332
f 2915/3107/2961 1778/3021/2883 1790/3041/2900
f 1118/3677/1678 1116/3678/3492 1119/3679/3493
f 1049/3668/3483 1030/3613/3433 1023/3643/3459
f 3586/3595/3416 1049/3668/3483 1059/3610/3430
f 1126/3680/3494 1119/3679/3493 1138/3681/3495
f 1194/3176/3026 1225/3551/3373 3396/3623/3442
f 1162/3672/3487 1159/3652/3468 80/3682/3496
f 1151/3651/3467 1838/3083/2939 3596/3305/3152
f 1080/3683/3497 1064/3671/3486 1300/3659/3474
f 1064/3671/3486 1054/3673/3488 1140/3660/3475
f 1202/3578/3399 728/3590/3411 1203/3579/3400
f 3069/3195/3043 2752/3546/3370 2968/3178/3028
f 1042/3661/3476 1140/3660/3475 1054/3673/3488
f 567/3057/2914 2752/3546/3370 3414/3491/3328
f 1063/3644/3460 1023/3643/3459 1042/3661/3476
f 1224/3304/3151 1219/3303/3150 1218/3350/3191
f 1562/3240/3087 1616/3641/3457 3629/3243/3090
f 1205/3307/3154 161/3134/2986 1280/3054/2911
f 2780/3684/968 1281/3685/998 1249/3518/3350
f 3602/3237/3084 3614/3234/3081 3601/3640/3456
f 3340/3686/1003 1278/3627/3445 1253/3687/1013
f 1239/3343/3185 3101/3345/3186 3405/3688/3498
f 1023/3643/3459 1031/3645/3461 1049/3668/3483
f 1188/3619/3439 1030/3613/3433 1048/3593/3414
f 1023/3643/3459 1030/3613/3433 3636/3649/3465
f 1813/3202/3050 1070/3201/3049 1401/3647/3463
f 2780/3684/968 2940/3689/3499 1278/3627/3445
f 1116/3678/3492 1118/3677/1678 3604/3690/1638
f 3608/3674/3489 1071/3691/3500 1095/3667/3482
f 1116/3678/3492 1124/3692/3501 1119/3679/3493
f 1119/3679/3493 1126/3680/3494 1118/3677/1678
f 3568/3615/3435 286/3606/3426 1058/3611/3431
f 1026/3654/3470 1068/3662/3477 1031/3645/3461
f 1058/3611/3431 1059/3610/3430 1045/3693/3502
f 1141/3597/3418 3599/3694/3503 3597/3669/3484
f 1162/3672/3487 80/3682/3496 1161/3695/3504
f 1041/3696/3505 1069/3697/3506 1161/3695/3504
f 1151/3651/3467 3596/3305/3152 3457/3698/3507
f 1926/3542/3368 1902/3699/3508 3553/3051/2908
f 3457/3698/3507 3596/3305/3152 1141/3597/3418
f 1064/3671/3486 1080/3683/3497 1069/3697/3506
f 1139/3591/3412 2442/3599/3420 1033/3634/3450
f 1028/3700/3509 1027/3701/3510 3653/3657/3472
f 1902/3699/3508 1952/3702/3511 3553/3051/2908
f 1114/3658/3473 1124/3692/3501 1116/3678/3492
f 1031/3645/3461 1068/3662/3477 1049/3668/3483
f 3577/3626/1960 1090/3621/3441 1050/3703/3512
f 1116/3678/3492 3604/3690/1638 1128/3656/1660
f 1813/3202/3050 1635/3148/2999 1166/3205/3053
f 1045/3693/3502 1049/3668/3483 1068/3662/3477
f 2097/3704/3513 2027/3705/3514 3609/3602/3423
f 1058/3611/3431 1045/3693/3502 1032/3616/3436
f 1401/3647/3463 1295/3233/3080 1812/3642/3458
f 3382/3347/3188 1195/3346/3187 1242/3706/1017
f 1045/3693/3502 1068/3662/3477 1032/3616/3436
f 1138/3681/3495 1124/3692/3501 1114/3658/3473
f 3457/3698/3507 1141/3597/3418 1029/3670/3485
f 1027/3701/3510 1130/3707/3515 1114/3658/3473
f 1116/3678/3492 1128/3656/1660 1114/3658/3473
f 1059/3610/3430 1049/3668/3483 1045/3693/3502
f 1948/3544/2096 1936/3708/3516 1926/3542/3368
f 3597/3669/3484 3587/3709/3517 1029/3670/3485
f 1497/3298/3145 1235/3638/3454 3630/3296/3143
f 1130/3707/3515 1138/3681/3495 1114/3658/3473
f 1143/3710/3518 1041/3696/3505 1161/3695/3504
f 1061/3676/3491 1131/3675/3490 1027/3701/3510
f 3333/3711/3519 1256/3115/2969 1393/3712/986
f 2319/3713/3520 3624/3714/3521 2067/3715/3522
f 1253/3687/1013 2788/3716/3523 3333/3711/3519
f 44/3084/2940 1838/3083/2939 1160/3650/3466
f 1021/3653/3469 1063/3644/3460 1083/3717/3524
f 1143/3710/3518 3457/3698/3507 1029/3670/3485
f 1151/3651/3467 80/3682/3496 1159/3652/3468
f 1063/3644/3460 1069/3697/3506 1083/3717/3524
f 3549/3718/1621 1076/3719/1627 3515/3720/3525
f 3599/3694/3503 3587/3709/3517 3597/3669/3484
f 1283/3230/3077 1295/3233/3080 1306/3655/3471
f 1936/3708/3516 1902/3699/3508 1926/3542/3368
f 1026/3654/3470 1031/3645/3461 1063/3644/3460
f 2442/3599/3420 1139/3591/3412 1145/3592/3413
f 1054/3673/3488 1064/3671/3486 1069/3697/3506
f 1027/3701/3510 1028/3700/3509 1061/3676/3491
f 1902/3699/3508 1909/3721/3526 1952/3702/3511
f 3650/3426/3266 3649/3722/3527 2319/3713/3520
f 1057/3620/3440 1032/3616/3436 1068/3662/3477
f 1033/3634/3450 2304/3587/3408 1139/3591/3412
f 1142/3723/3528 1029/3670/3485 3587/3709/3517
f 1242/3706/1017 1239/3343/3185 3174/3724/3529
f 1143/3710/3518 1029/3670/3485 1041/3696/3505
f 1026/3654/3470 1021/3653/3469 1072/3663/3478
f 1917/3725/2070 1936/3708/3516 1948/3544/2096
f 1151/3651/3467 3457/3698/3507 1143/3710/3518
f 1117/3726/1624 1118/3677/1678 1126/3680/3494
f 1130/3707/3515 1027/3701/3510 1131/3675/3490
f 3571/3727/3530 3623/3728/1619 3549/3718/1621
f 3653/3657/3472 3571/3727/3530 1028/3700/3509
f 1393/3712/986 1253/3687/1013 3333/3711/3519
f 1038/3665/3480 1072/3663/3478 1021/3653/3469
f 397/3729/1628 1117/3726/1624 1126/3680/3494
f 1936/3708/3516 1909/3721/3526 1902/3699/3508
f 3653/3657/3472 1027/3701/3510 1114/3658/3473
f 3571/3727/3530 3515/3720/3525 1028/3700/3509
f 1909/3721/3526 3086/3730/3531 1952/3702/3511
f 1083/3717/3524 1069/3697/3506 1041/3696/3505
f 31/3517/3349 1278/3627/3445 2940/3689/3499
f 3578/3731/3532 2145/3732/3533 2152/3733/3534
f 1300/3659/3474 1043/3648/3464 1162/3672/3487
f 3653/3657/3472 3623/3728/1619 3571/3727/3530
f 1935/3605/3425 3558/3734/1908 3552/3603/2112
f 1143/3710/3518 1161/3695/3504 80/3682/3496
f 1323/3735/1061 1243/3171/3021 1238/3133/2985
f 1124/3692/3501 1138/3681/3495 1119/3679/3493
f 1812/3642/3458 1616/3641/3457 1146/3252/3099
f 1608/3639/3455 1334/3242/3089 1616/3641/3457
f 3062/3736/3535 2120/3737/2088 2887/3738/3536
f 1024/3666/3481 1021/3653/3469 1041/3696/3505
f 1057/3620/3440 1072/3663/3478 1038/3665/3480
f 1024/3666/3481 1038/3665/3480 1021/3653/3469
f 1080/3683/3497 1162/3672/3487 1161/3695/3504
f 1041/3696/3505 1021/3653/3469 1083/3717/3524
f 1131/3675/3490 1142/3723/3528 1130/3707/3515
f 1300/3659/3474 1162/3672/3487 1080/3683/3497
f 1100/3739/1648 3623/3728/1619 3653/3657/3472
f 1079/3207/3055 1149/3200/3048 1043/3648/3464
f 3571/3727/3530 3549/3718/1621 3515/3720/3525
f 1306/3655/3471 1295/3233/3080 1079/3207/3055
f 1025/3740/3537 3515/3720/3525 1076/3719/1627
f 1050/3703/3512 1057/3620/3440 1038/3665/3480
f 2101/3741/3538 3086/3730/3531 1909/3721/3526
f 1095/3667/3482 1050/3703/3512 1038/3665/3480
f 1042/3661/3476 1306/3655/3471 1140/3660/3475
f 1025/3740/3537 1076/3719/1627 3577/3626/1960
f 1142/3723/3528 1131/3675/3490 3023/3742/3539
f 80/3682/3496 1151/3651/3467 1143/3710/3518
f 1050/3703/3512 1090/3621/3441 1057/3620/3440
f 1068/3662/3477 1026/3654/3470 1072/3663/3478
f 1063/3644/3460 1054/3673/3488 1069/3697/3506
f 3603/3743/3540 3300/3744/3541 3094/3745/3542
f 3086/3730/3531 2101/3741/3538 2100/3436/3276
f 3023/3742/3539 1024/3666/3481 1041/3696/3505
f 1161/3695/3504 1069/3697/3506 1080/3683/3497
f 3653/3657/3472 1128/3656/1660 1100/3739/1648
f 1061/3676/3491 1028/3700/3509 3608/3674/3489
f 1253/3687/1013 1278/3627/3445 2788/3716/3523
f 1868/3331/3178 3440/3333/3179 1935/3605/3425
f 1025/3740/3537 1050/3703/3512 1095/3667/3482
f 1025/3740/3537 3577/3626/1960 1050/3703/3512
f 1195/3346/3187 1281/3685/998 3336/3746/1018
f 3515/3720/3525 1071/3691/3500 3608/3674/3489
f 3629/3243/3090 1616/3641/3457 1295/3233/3080
f 641/3747/3543 3270/3531/3361 1686/3509/3342
f 3023/3742/3539 3608/3674/3489 1095/3667/3482
f 3023/3742/3539 1095/3667/3482 1024/3666/3481
f 1025/3740/3537 1071/3691/3500 3515/3720/3525
f 1079/3207/3055 1295/3233/3080 1401/3647/3463
f 1279/3614/3434 2788/3716/3523 1278/3627/3445
f 1142/3723/3528 3023/3742/3539 1041/3696/3505
f 1041/3696/3505 1029/3670/3485 1142/3723/3528
f 1933/3748/3544 2127/3749/3545 2100/3436/3276
f 1131/3675/3490 3608/3674/3489 3023/3742/3539
f 3608/3674/3489 1028/3700/3509 3515/3720/3525
f 1095/3667/3482 1071/3691/3500 1025/3740/3537
f 2780/3684/968 1278/3627/3445 3340/3686/1003
f 3062/3736/3535 2125/3750/3546 2057/3751/3547
f 1277/3354/3195 1252/3293/3140 1279/3614/3434
f 2511/3604/3424 1056/3321/3168 3565/3322/3169
f 2130/3752/3548 2054/3753/3549 2101/3741/3538
f 1989/3315/3162 1940/3754/3550 550/3755/3551
f 2100/3436/3276 2127/3749/3545 3639/3440/3280
f 3622/3756/3552 1989/3315/3162 1056/3321/3168
f 3648/3757/3553 2127/3749/3545 1933/3748/3544
f 3022/3758/3554 644/3384/3224 3021/3759/3555
f 2511/3604/3424 3622/3756/3552 1056/3321/3168
f 1989/3315/3162 3622/3756/3552 1940/3754/3550
f 2940/3689/3499 2780/3684/968 1249/3518/3350
f 3333/3711/3519 2788/3716/3523 1256/3115/2969
f 1868/3331/3178 1935/3605/3425 3565/3322/3169
f 619/3760/3556 597/3761/3557 630/3762/3558
f 2125/3750/3546 3648/3757/3553 2057/3751/3547
f 2120/3737/2088 2054/3753/3549 2129/3763/2075
f 2054/3753/3549 2057/3751/3547 3648/3757/3553
f 3660/3764/3559 3437/3441/3281 3641/3765/3560
f 3448/3766/3561 2903/3767/3562 2596/3768/3563
f 2129/3763/2075 2130/3752/3548 1961/3769/2076
f 2122/3770/3564 3641/3765/3560 2127/3749/3545
f 3565/3322/3169 1935/3605/3425 2511/3604/3424
f 1272/3771/3565 2097/3704/3513 3621/3772/3566
f 103/3773/3567 3300/3744/3541 636/3774/3568
f 1278/3627/3445 1277/3354/3195 1279/3614/3434
f 2940/3689/3499 1249/3518/3350 31/3517/3349
f 3437/3441/3281 3660/3764/3559 2144/3425/3265
f 3336/3746/1018 1242/3706/1017 1195/3346/3187
f 2152/3733/3534 2122/3770/3564 2125/3750/3546
f 1492/3775/3569 3611/3776/3570 1653/3777/3571
f 2125/3750/3546 3062/3736/3535 2152/3733/3534
f 3602/3237/3084 3611/3776/3570 1492/3775/3569
f 3062/3736/3535 2057/3751/3547 2120/3737/2088
f 3580/3778/3572 3607/3601/3422 3617/3600/3421
f 3622/3756/3552 2053/3779/2111 1940/3754/3550
f 2122/3770/3564 2152/3733/3534 2145/3732/3533
f 3601/3640/3456 1235/3638/3454 3602/3237/3084
f 1235/3638/3454 3611/3776/3570 3602/3237/3084
f 3660/3764/3559 2122/3770/3564 2145/3732/3533
f 3611/3776/3570 1150/3780/3573 1653/3777/3571
f 1470/3781/3574 1712/3361/3202 46/3782/3575
f 2054/3753/3549 1933/3748/3544 2101/3741/3538
f 2887/3738/3536 2120/3737/2088 3077/3783/2089
f 1010/3784/3576 592/3785/3577 99/3786/3578
f 1150/3780/3573 1269/3267/3114 1326/3266/3113
f 2224/3787/3579 3649/3722/3527 2301/3555/3376
f 3602/3237/3084 1492/3775/3569 1478/3245/3092
f 2152/3733/3534 3062/3736/3535 3578/3731/3532
f 2910/3788/3580 3415/3421/3261 2144/3425/3265
f 637/3789/3581 3022/3758/3554 3091/3790/3582
f 1492/3775/3569 1464/3246/3093 1478/3245/3092
f 3600/3791/3583 2911/3412/3252 2161/3411/3251
f 104/3792/3584 103/3773/3567 77/3793/3585
f 1653/3777/3571 1150/3780/3573 1326/3266/3113
f 2161/3411/3251 3415/3421/3261 3598/3794/3586
f 641/3747/3543 3635/3508/3341 587/3795/3587
f 2459/3340/1909 3558/3734/1908 1935/3605/3425
f 3270/3531/3361 641/3747/3543 3603/3743/3540
f 2910/3788/3580 3660/3764/3559 2138/3796/3588
f 2145/3732/3533 2138/3796/3588 3660/3764/3559
f 2911/3412/3252 3600/3791/3583 3021/3759/3555
f 2911/3412/3252 3021/3759/3555 644/3384/3224
f 1464/3246/3093 1492/3775/3569 1653/3777/3571
f 361/3797/3589 2944/3798/3590 3646/3229/3076
f 1354/3254/3101 46/3782/3575 3667/3799/3591
f 1150/3780/3573 1235/3638/3454 1497/3298/3145
f 1354/3254/3101 1464/3246/3093 46/3782/3575
f 1963/3541/3367 1948/3544/2096 1926/3542/3368
f 2138/3796/3588 2145/3732/3533 2137/3800/3592
f 2145/3732/3533 3578/3731/3532 2137/3800/3592
f 3650/3426/3266 1044/3427/3267 3649/3722/3527
f 3441/3538/1745 2887/3738/3536 3433/3801/1757
f 2910/3788/3580 3058/3802/3593 3598/3794/3586
f 1909/3721/3526 1936/3708/3516 2130/3752/3548
f 2101/3741/3538 1909/3721/3526 2130/3752/3548
f 1010/3784/3576 660/3476/3316 931/3415/3255
f 1326/3266/3113 1706/3067/2924 1470/3781/3574
f 2903/3767/3562 3603/3743/3540 3090/3803/3594
f 2106/3228/3075 1952/3702/3511 3086/3730/3531
f 2136/3442/3282 363/3804/3595 2100/3436/3276
f 2100/3436/3276 363/3804/3595 3086/3730/3531
f 2106/3228/3075 3086/3730/3531 363/3804/3595
f 2136/3442/3282 361/3797/3589 363/3804/3595
f 361/3797/3589 2106/3228/3075 363/3804/3595
f 3552/3603/2112 2053/3779/2111 3622/3756/3552
f 3450/3805/3596 3008/3540/3366 3448/3766/3561
f 1256/3115/2969 3255/3044/1022 1393/3712/986
f 1464/3246/3093 1653/3777/3571 46/3782/3575
f 3270/3531/3361 2903/3767/3562 3008/3540/3366
f 3624/3714/3521 2319/3713/3520 3606/3631/3447
f 3450/3805/3596 2887/3738/3536 3441/3538/1745
f 57/3552/164 619/3760/3556 58/3521/3353
f 46/3782/3575 1712/3361/3202 3667/3799/3591
f 3058/3802/3593 3057/3806/3597 3598/3794/3586
f 3091/3790/3582 3022/3758/3554 3021/3759/3555
f 3611/3776/3570 1235/3638/3454 1150/3780/3573
f 1326/3266/3113 1470/3781/3574 1508/3807/3598
f 3022/3758/3554 637/3789/3581 644/3384/3224
f 3660/3764/3559 2910/3788/3580 2144/3425/3265
f 636/3774/3568 587/3795/3587 77/3793/3585
f 105/3808/3599 605/3495/3330 99/3786/3578
f 1706/3067/2924 1712/3361/3202 1470/3781/3574
f 1326/3266/3113 1508/3807/3598 1653/3777/3571
f 3650/3426/3266 2319/3713/3520 1931/3809/3600
f 46/3782/3575 1653/3777/3571 1508/3807/3598
f 3598/3794/3586 3600/3791/3583 2161/3411/3251
f 3058/3802/3593 2137/3800/3592 2904/3810/3601
f 3433/3801/1757 2887/3738/3536 3077/3783/2089
f 2596/3768/3563 2904/3810/3601 2137/3800/3592
f 3415/3421/3261 2910/3788/3580 3598/3794/3586
f 3450/3805/3596 3578/3731/3532 2887/3738/3536
f 3552/3603/2112 3622/3756/3552 2511/3604/3424
f 3441/3538/1745 3008/3540/3366 3450/3805/3596
f 99/3786/3578 592/3785/3577 870/3811/3602
f 1961/3769/2076 2130/3752/3548 1936/3708/3516
f 1709/3279/3126 1501/3283/3130 1272/3771/3565
f 1744/3557/3378 1709/3279/3126 1272/3771/3565
f 644/3384/3224 637/3789/3581 1010/3784/3576
f 3091/3790/3582 3057/3806/3597 3058/3802/3593
f 102/3812/3603 643/3505/3338 105/3808/3599
f 2067/3715/3522 1931/3809/3600 2319/3713/3520
f 3616/3281/3128 2307/3274/3121 3617/3600/3421
f 3058/3802/3593 2138/3796/3588 2137/3800/3592
f 99/3786/3578 101/3813/3604 105/3808/3599
f 3300/3744/3541 3603/3743/3540 636/3774/3568
f 3603/3743/3540 3094/3745/3542 3090/3803/3594
f 3020/3814/3605 1130/3707/3515 3587/3709/3517
f 3627/3815/3606 3599/3694/3503 1152/3359/3200
f 1501/3283/3130 3616/3281/3128 2027/3705/3514
f 291/3816/429 643/3505/3338 43/3817/3607
f 3058/3802/3593 2904/3810/3601 3090/3803/3594
f 1152/3359/3200 3599/3694/3503 1141/3597/3418
f 1272/3771/3565 1501/3283/3130 2097/3704/3513
f 1436/3818/3608 1437/3819/3609 1135/3820/3610
f 475/3821/3611 597/3761/3557 292/3822/426
f 3627/3815/3606 3020/3814/3605 3599/3694/3503
f 1138/3681/3495 1130/3707/3515 3020/3814/3605
f 2903/3767/3562 2904/3810/3601 2596/3768/3563
f 3627/3815/3606 1152/3359/3200 614/3823/3612
f 1137/3358/3199 613/3824/3613 614/3823/3612
f 3627/3815/3606 3003/3825/3614 3020/3814/3605
f 3003/3825/3614 1138/3681/3495 3020/3814/3605
f 1137/3358/3199 68/3108/2962 613/3824/3613
f 1272/3771/3565 3615/3826/3615 1744/3557/3378
f 1135/3820/3610 3627/3815/3606 614/3823/3612
f 2301/3555/3376 1744/3557/3378 3615/3826/3615
f 3090/3803/3594 3094/3745/3542 3091/3790/3582
f 3114/3827/3616 3405/3688/3498 3404/3131/2984
f 1135/3820/3610 3003/3825/3614 3627/3815/3606
f 1126/3680/3494 1138/3681/3495 3003/3825/3614
f 1436/3818/3608 1135/3820/3610 614/3823/3612
f 1110/3828/1489 1109/3829/3617 1365/3830/1291
f 3603/3743/3540 2903/3767/3562 3270/3531/3361
f 99/3786/3578 660/3476/3316 1010/3784/3576
f 3648/3757/3553 2122/3770/3564 2127/3749/3545
f 637/3789/3581 3091/3790/3582 3094/3745/3542
f 3554/3831/3618 395/3832/3619 397/3729/1628
f 2027/3705/3514 2097/3704/3513 1501/3283/3130
f 395/3832/3619 3536/3833/1493 1307/3834/1502
f 1135/3820/3610 1437/3819/3609 1126/3680/3494
f 1099/3835/1494 1109/3829/3617 1110/3828/1489
f 637/3789/3581 592/3785/3577 1010/3784/3576
f 3000/3028/1289 1369/3836/3620 68/3108/2962
f 3172/3837/973 3111/3344/972 1239/3343/3185
f 3615/3826/3615 3621/3772/3566 2224/3787/3579
f 3587/3709/3517 3599/3694/3503 3020/3814/3605
f 1099/3835/1494 3536/3833/1493 395/3832/3619
f 1437/3819/3609 1369/3836/3620 3554/3831/3618
f 1369/3836/3620 1436/3818/3608 68/3108/2962
f 1130/3707/3515 1142/3723/3528 3587/3709/3517
f 2027/3705/3514 3617/3600/3421 3609/3602/3423
f 1369/3836/3620 1437/3819/3609 1436/3818/3608
f 1437/3819/3609 3554/3831/3618 1126/3680/3494
f 1369/3836/3620 1109/3829/3617 1099/3835/1494
f 1436/3818/3608 614/3823/3612 613/3824/3613
f 1137/3358/3199 614/3823/3612 1152/3359/3200
f 1365/3830/1291 1369/3836/3620 3521/3838/1288
f 99/3786/3578 870/3811/3602 101/3813/3604
f 1126/3680/3494 3003/3825/3614 1135/3820/3610
f 1099/3835/1494 395/3832/3619 1369/3836/3620
f 68/3108/2962 1436/3818/3608 613/3824/3613
f 630/3762/3558 77/3793/3585 587/3795/3587
f 1369/3836/3620 1365/3830/1291 1109/3829/3617
f 1369/3836/3620 3000/3028/1289 3521/3838/1288
f 397/3729/1628 1126/3680/3494 3554/3831/3618
f 1307/3834/1502 397/3729/1628 395/3832/3619
f 1369/3836/3620 395/3832/3619 3554/3831/3618
f 102/3812/3603 105/3808/3599 101/3813/3604
f 3172/3837/973 1239/3343/3185 1242/3706/1017
f 587/3795/3587 3635/3508/3341 39/3430/3270
f 2224/3787/3579 2301/3555/3376 3615/3826/3615
f 76/3839/3621 102/3812/3603 104/3792/3584
f 3094/3745/3542 3300/3744/3541 592/3785/3577
f 3606/3631/3447 2224/3787/3579 3621/3772/3566
f 870/3811/3602 3300/3744/3541 103/3773/3567
f 3101/3345/3186 3404/3131/2984 3405/3688/3498
f 3609/3602/3423 3606/3631/3447 2097/3704/3513
f 3090/3803/3594 2904/3810/3601 2903/3767/3562
f 3300/3744/3541 870/3811/3602 592/3785/3577
f 3600/3791/3583 3057/3806/3597 3021/3759/3555
f 2301/3555/3376 3649/3722/3527 1044/3427/3267
f 43/3817/3607 102/3812/3603 475/3821/3611
f 101/3813/3604 870/3811/3602 103/3773/3567
f 475/3821/3611 102/3812/3603 76/3839/3621
f 3615/3826/3615 1272/3771/3565 3621/3772/3566
f 54/3432/3272 58/3521/3353 619/3760/3556
f 3578/3731/3532 3062/3736/3535 2887/3738/3536
f 104/3792/3584 77/3793/3585 76/3839/3621
f 104/3792/3584 101/3813/3604 103/3773/3567
f 2224/3787/3579 3606/3631/3447 2319/3713/3520
f 3008/3540/3366 2903/3767/3562 3448/3766/3561
f 3114/3827/3616 1231/3175/3025 1174/3156/3007
f 3606/3631/3447 3609/3602/3423 3607/3601/3422
f 43/3817/3607 475/3821/3611 291/3816/429
f 2138/3796/3588 3058/3802/3593 2910/3788/3580
f 3606/3631/3447 2008/3632/3448 3624/3714/3521
f 39/3430/3270 3635/3508/3341 299/3507/3340
f 2067/3715/3522 3624/3714/3521 2008/3632/3448
f 630/3762/3558 597/3761/3557 77/3793/3585
f 1961/3769/2076 1936/3708/3516 1917/3725/2070
f 619/3760/3556 587/3795/3587 54/3432/3272
f 57/3552/164 292/3822/426 597/3761/3557
f 2100/3436/3276 2101/3741/3538 1933/3748/3544
f 3553/3051/2908 1952/3702/3511 2106/3228/3075
f 660/3476/3316 99/3786/3578 605/3495/3330
f 102/3812/3603 101/3813/3604 104/3792/3584
f 3648/3757/3553 1933/3748/3544 2054/3753/3549
f 597/3761/3557 619/3760/3556 57/3552/164
f 3648/3757/3553 2125/3750/3546 2122/3770/3564
f 3101/3345/3186 3111/3344/972 1314/3132/1046
f 291/3816/429 533/3498/299 643/3505/3338
f 3094/3745/3542 592/3785/3577 637/3789/3581
f 636/3774/3568 3603/3743/3540 641/3747/3543
f 2944/3798/3590 3650/3426/3266 1931/3809/3600
f 475/3821/3611 292/3822/426 291/3816/429
f 76/3839/3621 77/3793/3585 597/3761/3557
f 1997/3401/3241 3650/3426/3266 2944/3798/3590
f 587/3795/3587 636/3774/3568 641/3747/3543
f 475/3821/3611 76/3839/3621 597/3761/3557
f 1238/3133/2985 1309/3840/1054 1323/3735/1061
f 2027/3705/3514 3616/3281/3128 3617/3600/3421
f 2054/3753/3549 2120/3737/2088 2057/3751/3547
f 3437/3441/3281 3639/3440/3280 3641/3765/3560
f 3404/3131/2984 1231/3175/3025 3114/3827/3616
f 43/3817/3607 643/3505/3338 102/3812/3603
f 1244/3168/3018 1174/3156/3007 1231/3175/3025
f 1686/3509/3342 3635/3508/3341 641/3747/3543
f 2049/3841/3622 1931/3809/3600 2067/3715/3522
f 3114/3827/3616 1193/3092/2948 3174/3724/3529
f 3090/3803/3594 3091/3790/3582 3058/3802/3593
f 105/3808/3599 643/3505/3338 605/3495/3330
f 3660/3764/3559 3641/3765/3560 2122/3770/3564
f 3057/3806/3597 3091/3790/3582 3021/3759/3555
f 103/3773/3567 636/3774/3568 77/3793/3585
f 2596/3768/3563 3578/3731/3532 3450/3805/3596
f 3598/3794/3586 3057/3806/3597 3600/3791/3583
f 1010/3784/3576 931/3415/3255 644/3384/3224
f 2137/3800/3592 3578/3731/3532 2596/3768/3563
f 3641/3765/3560 3639/3440/3280 2127/3749/3545
f 2054/3753/3549 2130/3752/3548 2129/3763/2075
f 3606/3631/3447 3621/3772/3566 2097/3704/3513
f 2034/3049/2906 2067/3715/3522 2008/3632/3448
f 587/3795/3587 619/3760/3556 630/3762/3558
f 3448/3766/3561 2596/3768/3563 3450/3805/3596
f 54/3432/3272 587/3795/3587 39/3430/3270
f 1218/3350/3191 1197/3553/3374 2946/3524/3354
f 996/3015/2877 3325/3197/3045 2779/3528/3358
f 1231/3175/3025 3404/3131/2984 1240/3173/3023
f 1777/3357/3198 3652/3504/3337 1746/3554/3375
f 1777/3357/3198 3308/3189/3037 1771/3289/3136
f 1931/3809/3600 2049/3841/3622 2944/3798/3590
f 1997/3401/3241 2944/3798/3590 2136/3442/3282
f 2067/3715/3522 2034/3049/2906 2049/3841/3622
f 2049/3841/3622 3646/3229/3076 2944/3798/3590
f 361/3797/3589 2136/3442/3282 2944/3798/3590
f 1989/3315/3162 550/3755/3551 1987/3259/3106
f 2034/3049/2906 3646/3229/3076 2049/3841/3622
f 1239/3343/3185 3405/3688/3498 3174/3724/3529
f 3382/3347/3188 3174/3724/3529 1193/3092/2948
f 1150/3780/3573 1497/3298/3145 1269/3267/3114
f 1122/3608/3428 3570/3222/3070 3569/3225/3073
f 2325/3842/3623 2008/3632/3448 3607/3601/3422
f 3580/3778/3572 3575/3843/3624 3607/3601/3422
f 3607/3601/3422 3575/3843/3624 2325/3842/3623
f 2306/3844/3625 2040/3256/3103 2041/3845/3626
f 2325/3842/3623 3575/3843/3624 3576/3846/3627
f 2368/3316/3163 2040/3256/3103 2306/3844/3625
f 2041/3845/3626 2365/3847/3628 2306/3844/3625
f 2365/3847/3628 2041/3845/3626 2325/3842/3623
f 3576/3846/3627 2314/3848/3629 3579/3849/3630
f 2325/3842/3623 3576/3846/3627 3579/3849/3630
f 3583/3850/3631 3576/3846/3627 3580/3778/3572
f 1036/3851/3632 1034/3326/3173 3561/3324/3171
f 3581/3852/3633 2368/3316/3163 2306/3844/3625
f 2365/3847/3628 2325/3842/3623 2326/3853/3634
f 3576/3846/3627 3584/3854/3635 2314/3848/3629
f 3402/3258/3105 3574/3050/2907 2034/3049/2906
f 3583/3850/3631 3584/3854/3635 3576/3846/3627
f 3557/3855/3636 2314/3848/3629 3513/3856/3637
f 3570/3222/3070 1/3223/3071 3569/3225/3073
f 2326/3853/3634 2325/3842/3623 3579/3849/3630
f 1034/3326/3173 1036/3851/3632 1033/3634/3450
f 2368/3316/3163 3581/3852/3633 2379/3320/3167
f 2326/3853/3634 3581/3852/3633 2365/3847/3628
f 2041/3845/3626 2008/3632/3448 2325/3842/3623
f 2314/3848/3629 3584/3854/3635 2346/3857/3638
f 3513/3856/3637 2314/3848/3629 2346/3857/3638
f 3402/3258/3105 2041/3845/3626 2040/3256/3103
f 2355/3858/3639 1036/3851/3632 2022/3323/3170
f 3581/3852/3633 2355/3858/3639 2379/3320/3167
f 2349/3859/3640 2326/3853/3634 3579/3849/3630
f 3581/3852/3633 2326/3853/3634 1039/3860/3641
f 3579/3849/3630 3557/3855/3636 2349/3859/3640
f 3561/3324/3171 2022/3323/3170 1036/3851/3632
f 3513/3856/3637 2346/3857/3638 2395/3861/3642
f 2395/3861/3642 3563/3862/3643 3513/3856/3637
f 2395/3861/3642 3625/3863/3644 3560/3864/3645
f 3557/3855/3636 3563/3862/3643 2349/3859/3640
f 2307/3274/3121 2310/3265/3112 3583/3850/3631
f 1572/3865/3646 1575/3588/3409 1577/3866/3647
f 2422/3219/3067 2312/3867/3648 2310/3265/3112
f 2395/3861/3642 3560/3864/3645 3563/3862/3643
f 3580/3778/3572 2307/3274/3121 3583/3850/3631
f 3581/3852/3633 2306/3844/3625 2365/3847/3628
f 2312/3867/3648 3584/3854/3635 2310/3265/3112
f 3563/3862/3643 1039/3860/3641 2349/3859/3640
f 3625/3863/3644 2395/3861/3642 2346/3857/3638
f 2355/3858/3639 1039/3860/3641 2304/3587/3408
f 1039/3860/3641 2355/3858/3639 3581/3852/3633
f 3625/3863/3644 2346/3857/3638 2312/3867/3648
f 3625/3863/3644 2312/3867/3648 2422/3219/3067
f 2349/3859/3640 1039/3860/3641 2326/3853/3634
f 3402/3258/3105 1987/3259/3106 3574/3050/2907
f 2422/3219/3067 3567/3868/3649 3625/3863/3644
f 3567/3868/3649 2422/3219/3067 2360/3218/3066
f 2374/3869/3650 1037/3870/3651 1577/3866/3647
f 1577/3866/3647 1575/3588/3409 3560/3864/3645
f 474/3871/3652 2376/3872/3653 1037/3870/3651
f 1577/3866/3647 3567/3868/3649 2374/3869/3650
f 2304/3587/3408 1033/3634/3450 1036/3851/3632
f 1037/3870/3651 2360/3218/3066 3570/3222/3070
f 2034/3049/2906 2008/3632/3448 2041/3845/3626
f 1577/3866/3647 3625/3863/3644 3567/3868/3649
f 3580/3778/3572 3576/3846/3627 3575/3843/3624
f 1572/3865/3646 2376/3872/3653 1575/3588/3409
f 2360/3218/3066 1037/3870/3651 2374/3869/3650
f 2376/3872/3653 1572/3865/3646 1577/3866/3647
f 1122/3608/3428 2369/3873/3654 3570/3222/3070
f 2369/3873/3654 1037/3870/3651 3570/3222/3070
f 1575/3588/3409 1039/3860/3641 3560/3864/3645
f 2034/3049/2906 2041/3845/3626 3402/3258/3105
f 1037/3870/3651 2376/3872/3653 1577/3866/3647
f 1575/3588/3409 2304/3587/3408 1039/3860/3641
f 2374/3869/3650 3567/3868/3649 2360/3218/3066
f 3563/3862/3643 3557/3855/3636 3513/3856/3637
f 2369/3873/3654 474/3871/3652 1037/3870/3651
f 476/3630/3446 2369/3873/3654 1122/3608/3428
f 2379/3320/3167 2355/3858/3639 2022/3323/3170
f 476/3630/3446 1575/3588/3409 2376/3872/3653
f 3560/3864/3645 3625/3863/3644 1577/3866/3647
f 2346/3857/3638 3584/3854/3635 2312/3867/3648
f 3579/3849/3630 2314/3848/3629 3557/3855/3636
f 3560/3864/3645 1039/3860/3641 3563/3862/3643
f 2369/3873/3654 476/3630/3446 474/3871/3652
f 2355/3858/3639 2304/3587/3408 1036/3851/3632
f 3583/3850/3631 2310/3265/3112 3584/3854/3635
f 2376/3872/3653 474/3871/3652 476/3630/3446
f 3574/3050/2907 1987/3259/3106 550/3755/3551
f 550/3755/3551 1940/3754/3550 1963/3541/3367
f 1195/3346/3187 1249/3518/3350 1281/3685/998
f 1242/3706/1017 3174/3724/3529 3382/3347/3188
f 1314/3132/1046 3404/3131/2984 3101/3345/3186
f 3553/3051/2908 3646/3229/3076 2034/3049/2906
f 1238/3133/2985 1314/3132/1046 1309/3840/1054
f 2106/3228/3075 361/3797/3589 3646/3229/3076
f 1240/3173/3023 3404/3131/2984 1238/3133/2985
f 550/3755/3551 1963/3541/3367 3574/3050/2907
f 1916/3543/2073 1963/3541/3367 1940/3754/3550
f 2053/3779/2111 1916/3543/2073 1940/3754/3550
f 3114/3827/3616 1174/3156/3007 1193/3092/2948
f 2459/3340/1909 1935/3605/3425 3440/3333/3179
f 2973/3874/7 2753/3875/3655 2751/3622/422
f 3649/3722/3527 2224/3787/3579 2319/3713/3520
f 927/3136/1202 1410/3098/12 801/3876/423
f 2753/3875/3655 2772/3364/3205 2751/3622/422
f 2775/3097/415 2753/3875/3655 2973/3874/7
f 1470/3781/3574 46/3782/3575 1508/3807/3598
f 2775/3097/415 829/3099/2953 826/3664/3479
f 2772/3364/3205 2753/3875/3655 1065/3636/3452
f 2753/3875/3655 2775/3097/415 826/3664/3479
f 3580/3778/3572 3617/3600/3421 2307/3274/3121
f 998/3186/3035 829/3099/2953 927/3136/1202
f 926/3102/2956 826/3664/3479 829/3099/2953
f 826/3664/3479 2771/3527/3357 2753/3875/3655
f 2797/3070/2927 721/3287/3134 1065/3636/3452
f 174/3076/2932 2898/3369/3209 721/3287/3134
f 998/3186/3035 927/3136/1202 978/3187/1203
f 998/3186/3035 926/3102/2956 829/3099/2953
f 2771/3527/3357 826/3664/3479 994/3104/2958
f 1320/3162/1091 1243/3171/3021 1323/3735/1061
f 1013/3547/3371 2797/3070/2927 1065/3636/3452
f 230/3877/3656 926/3102/2956 998/3186/3035
f 1013/3547/3371 2771/3527/3357 2974/3878/3657
f 1783/3069/2926 2742/3482/3321 2897/3077/2933
f 3268/3117/2971 2889/3090/2946 3070/3337/3182
f 1706/3067/2924 1709/3279/3126 1525/3023/2885
f 998/3186/3035 780/3185/1351 230/3877/3656
f 928/3103/2957 2779/3528/3358 994/3104/2958
f 2974/3878/3657 2789/3068/2925 1013/3547/3371
f 1858/3100/2954 2931/3094/2950 1836/3118/2972
f 2433/2996/2860 3204/3879/3658 3205/3513/3346
f 2974/3878/3657 2771/3527/3357 2773/3196/3044
f 2742/3482/3321 1783/3069/2926 1779/3637/3453
f 921/3465/3305 2742/3482/3321 1779/3637/3453
f 1527/3022/2884 1666/3329/3176 1712/3361/3202
f 780/3185/1351 832/3368/3208 230/3877/3656
f 2773/3196/3044 2789/3068/2925 2974/3878/3657
f 1223/3180/3030 3328/3355/3196 1277/3354/3195
f 1783/3069/2926 2789/3068/2925 2967/3880/3659
f 1212/3182/3032 2962/3311/3158 1223/3180/3030
f 880/3881/3660 1779/3637/3453 1783/3069/2926
f 1279/3614/3434 1256/3115/2969 2788/3716/3523
f 1666/3329/3176 3667/3799/3591 1712/3361/3202
f 1199/3139/2990 3485/3188/3036 1234/3183/3033
f 832/3368/3208 1428/3882/3661 928/3103/2957
f 1277/3354/3195 31/3517/3349 3377/3181/3031
f 2779/3528/3358 928/3103/2957 1428/3882/3661
f 996/3015/2877 2779/3528/3358 1428/3882/3661
f 1207/3529/3359 1203/3579/3400 3107/3510/3343
f 1783/3069/2926 2967/3880/3659 880/3881/3660
f 3405/3688/3498 3114/3827/3616 3174/3724/3529
f 1779/3637/3453 880/3881/3660 807/3470/3310
f 3205/3513/3346 401/3512/3345 2433/2996/2860
f 3664/3291/3138 3667/3799/3591 1666/3329/3176
f 3205/3513/3346 2893/3460/3300 1317/3457/3297
f 1428/3882/3661 832/3368/3208 833/3883/3662
f 831/3884/3663 832/3368/3208 269/3127/1282
f 1428/3882/3661 833/3883/3662 996/3015/2877
f 996/3015/2877 1430/3014/2876 3325/3197/3045
f 1430/3014/2876 2967/3880/3659 2773/3196/3044
f 2967/3880/3659 822/3042/2901 880/3881/3660
f 2779/3528/3358 2771/3527/3357 994/3104/2958
f 821/3633/3449 807/3470/3310 880/3881/3660
f 3667/3799/3591 3664/3291/3138 1354/3254/3101
f 2204/3566/3387 1662/3309/3156 1649/3024/2886
f 1745/3292/3139 1664/3310/3157 1517/3290/3137
f 1210/3064/2921 1247/3295/3142 1222/3123/2977
f 1411/3060/2917 3656/3137/2988 1376/3190/3038
f 230/3877/3656 832/3368/3208 928/3103/2957
f 3414/3491/3328 1643/3351/3192 1757/3532/3362
f 2970/3020/2882 579/3087/2943 3319/3040/2899
f 3205/3513/3346 1317/3457/3297 1316/3635/3451
f 2946/3524/3354 1757/3532/3362 1218/3350/3191
f 3205/3513/3346 1316/3635/3451 1375/3511/3344
f 3053/3019/2881 1778/3021/2883 819/3010/2873
f 3451/3114/2968 1186/3122/2976 2907/3121/2975
f 807/3470/3310 821/3633/3449 842/3500/3333
f 1316/3635/3451 649/3300/3147 1328/3580/3401
f 831/3884/3663 833/3883/3662 832/3368/3208
f 1065/3636/3452 2753/3875/3655 2771/3527/3357
f 833/3883/3662 827/3016/2878 996/3015/2877
f 822/3042/2901 2967/3880/3659 1430/3014/2876
f 821/3633/3449 880/3881/3660 822/3042/2901
f 3453/3537/3364 3451/3114/2968 468/3001/2865
f 401/3512/3345 1375/3511/3344 3453/3537/3364
f 1354/3254/3101 3664/3291/3138 1473/3363/3204
f 3664/3291/3138 1517/3290/3137 1473/3363/3204
f 842/3500/3333 821/3633/3449 819/3010/2873
f 2789/3068/2925 2773/3196/3044 2967/3880/3659
f 827/3016/2878 833/3883/3662 831/3884/3663
f 926/3102/2956 230/3877/3656 928/3103/2957
f 2915/3107/2961 1318/3106/2960 1317/3457/3297
f 822/3042/2901 1430/3014/2876 827/3016/2878
f 1013/3547/3371 1065/3636/3452 2771/3527/3357
f 2924/3048/2905 3451/3114/2968 3453/3537/3364
f 1473/3363/3204 2939/3035/2896 1354/3254/3101
f 1328/3580/3401 1378/3445/3285 1375/3511/3344
f 1517/3290/3137 1633/3033/2894 1473/3363/3204
f 2594/3444/3284 3328/3355/3196 1223/3180/3030
f 1256/3115/2969 1279/3614/3434 1211/3116/2970
f 1633/3033/2894 1664/3310/3157 3666/3124/2978
f 3204/3879/3658 2893/3460/3300 3205/3513/3346
f 1318/3106/2960 649/3300/3147 1316/3635/3451
f 768/3074/1073 2800/3075/2931 830/3120/2974
f 269/3127/1282 830/3120/2974 831/3884/3663
f 842/3500/3333 1778/3021/2883 2915/3107/2961
f 2869/3105/2959 2593/3045/2902 1414/3062/2919
f 2593/3045/2902 2869/3105/2959 2800/3075/2931
f 1328/3580/3401 1375/3511/3344 1316/3635/3451
f 89/3135/2987 1204/3497/3332 1224/3304/3151
f 1778/3021/2883 842/3500/3333 819/3010/2873
f 401/3512/3345 1760/3003/2867 2433/2996/2860
f 1152/3359/3200 3461/3306/3153 3005/3360/3201
f 830/3120/2974 2800/3075/2931 929/3119/2973
f 1211/3116/2970 2787/3066/2923 1414/3062/2919
f 2869/3105/2959 2790/3017/2879 929/3119/2973
f 3005/3360/3201 1466/3330/3177 1137/3358/3199
f 3461/3306/3153 1838/3083/2939 1308/3585/3406
f 1466/3330/3177 1308/3585/3406 1158/3349/3190
f 2800/3075/2931 3314/3043/1279 2593/3045/2902
f 821/3633/3449 915/3011/2874 819/3010/2873
f 1203/3579/3400 1198/3367/3207 1215/3030/2891
f 831/3884/3663 2790/3017/2879 827/3016/2878
f 1186/3122/2976 3451/3114/2968 2924/3048/2905
f 3107/3510/3343 3070/3337/3182 1207/3529/3359
f 3469/3008/2871 1156/3007/2870 1157/3096/2952
f 1466/3330/3177 1156/3007/2870 3001/3029/2890
f 2790/3017/2879 831/3884/3663 830/3120/2974
f 1378/3445/3285 1328/3580/3401 1350/3545/3369
f 1157/3096/2952 3460/3012/2875 3469/3008/2871
f 1241/3285/3132 3271/3550/3372 1237/3515/3347
f 1790/3041/2900 2595/3079/2935 2984/3301/3148
f 1156/3007/2870 1345/3006/1301 3001/3029/2890
f 1760/3003/2867 456/2997/2861 2433/2996/2860
f 934/3885/3664 272/3390/3230 2744/3396/3236
f 935/3886/3665 934/3885/3664 660/3476/3316
f 313/3887/3666 272/3390/3230 934/3885/3664
f 479/3002/2866 339/3373/3213 272/3390/3230
f 272/3390/3230 354/3888/3667 479/3002/2866
f 936/2998/2862 313/3887/3666 935/3886/3665
f 934/3885/3664 2744/3396/3236 930/3406/3246
f 2932/3004/2868 339/3373/3213 479/3002/2866
f 456/2997/2861 354/3888/3667 936/2998/2862
f 1760/3003/2867 479/3002/2866 456/2997/2861
f 935/3886/3665 660/3476/3316 659/3468/3308
f 354/3888/3667 456/2997/2861 479/3002/2866
f 662/3467/3307 3204/3879/3658 936/2998/2862
f 354/3888/3667 313/3887/3666 936/2998/2862
f 931/3415/3255 660/3476/3316 934/3885/3664
f 662/3467/3307 2893/3460/3300 3204/3879/3658
f 935/3886/3665 313/3887/3666 934/3885/3664
f 936/2998/2862 935/3886/3665 662/3467/3307
f 2433/2996/2860 936/2998/2862 3204/3879/3658
f 934/3885/3664 930/3406/3246 931/3415/3255
f 659/3468/3308 662/3467/3307 935/3886/3665
f 354/3888/3667 272/3390/3230 313/3887/3666
